case_id	sentence_id	split	category	source_text	model_segmented_text	span_start	span_end	span_text	model_choice	alternative_1	alternative_2	alternative_3	rac_alternatives	path_costs	rac_evidence	cost_delta	priority	reviewer_choice	review_status	reviewer_notes
amb-0001	nfp-001	dev	News and formal prose	ក្រសួងបានប្រកាសផែនការថ្មីសម្រាប់អភិវឌ្ឍសេដ្ឋកិច្ចជាតិ។	ក្រសួង បាន ប្រកាស ផែនការ ថ្មី សម្រាប់ អភិវឌ្ឍ សេដ្ឋកិច្ច ជាតិ ។	15	21	ផែនការ	ផែនការ	ផែន ការ	none	none	[["ផែន","ការ"]]	[{"tokens":["ផែនការ"],"cost":4.501402},{"tokens":["ផែន","ការ"],"cost":7.169285}]	[[{"word":"ផែនការ","rac_status":"exact_headword"}],[{"word":"ផែន","rac_status":"exact_headword"},{"word":"ការ","rac_status":"exact_headword"}]]	2.667884	contextual	model	approved	Choose model, alternative_1..3, or uncertain.
amb-0002	nfp-002	dev	News and formal prose	កិច្ចប្រជុំបានចាប់ផ្តើមនៅព្រឹកថ្ងៃចន្ទ។	កិច្ច ប្រជុំ បាន ចាប់ផ្តើម នៅ ព្រឹក ថ្ងៃ ចន្ទ ។	14	23	ចាប់ផ្តើម	ចាប់ផ្តើម	ចាប់ ផ្តើម	none	none	[["ចាប់","ផ្តើម"]]	[{"tokens":["ចាប់ផ្តើម"],"cost":4.034746},{"tokens":["ចាប់","ផ្តើម"],"cost":6.847359}]	[[{"word":"ចាប់ផ្តើម","rac_status":"generated_visual_alias"}],[{"word":"ចាប់","rac_status":"exact_headword"},{"word":"ផ្តើម","rac_status":"generated_visual_alias"}]]	2.812613	contextual	model	approved	Choose model, alternative_1..3, or uncertain.
amb-0003	nfp-003	dev	News and formal prose	អាជ្ញាធរកំពុងពិនិត្យមូលហេតុនៃគ្រោះថ្នាក់នេះ។	អាជ្ញាធរ កំពុង ពិនិត្យ មូលហេតុ នៃ គ្រោះថ្នាក់ នេះ ។	20	27	មូលហេតុ	មូលហេតុ	មូល ហេតុ	none	none	[["មូល","ហេតុ"]]	[{"tokens":["មូលហេតុ"],"cost":4.216166},{"tokens":["មូល","ហេតុ"],"cost":6.503586}]	[[{"word":"មូលហេតុ","rac_status":"exact_headword"}],[{"word":"មូល","rac_status":"exact_headword"},{"word":"ហេតុ","rac_status":"exact_headword"}]]	2.28742	contextual	model	approved	Choose model, alternative_1..3, or uncertain.
amb-0004	nfp-003	dev	News and formal prose	អាជ្ញាធរកំពុងពិនិត្យមូលហេតុនៃគ្រោះថ្នាក់នេះ។	អាជ្ញាធរ កំពុង ពិនិត្យ មូលហេតុ នៃ គ្រោះថ្នាក់ នេះ ។	29	40	គ្រោះថ្នាក់	គ្រោះថ្នាក់	គ្រោះ ថ្នាក់	none	none	[["គ្រោះ","ថ្នាក់"]]	[{"tokens":["គ្រោះថ្នាក់"],"cost":4.091227},{"tokens":["គ្រោះ","ថ្នាក់"],"cost":7.279993}]	[[{"word":"គ្រោះថ្នាក់","rac_status":"exact_headword"}],[{"word":"គ្រោះ","rac_status":"exact_headword"},{"word":"ថ្នាក់","rac_status":"exact_headword"}]]	3.188766	contextual	model	approved	Choose model, alternative_1..3, or uncertain.
amb-0005	nfp-004	dev	News and formal prose	ភ្លៀងធ្លាក់ខ្លាំងបានបណ្តាលឱ្យផ្លូវមួយចំនួនលិចទឹក។	ភ្លៀង ធ្លាក់ ខ្លាំង បាន បណ្តាល ឱ្យ ផ្លូវ មួយចំនួន លិច ទឹក ។	34	42	មួយចំនួន	មួយចំនួន	មួយ ចំនួន	none	none	[["មួយ","ចំនួន"]]	[{"tokens":["មួយចំនួន"],"cost":3.952924},{"tokens":["មួយ","ចំនួន"],"cost":5.321364}]	[[{"word":"មួយចំនួន","rac_status":"exact_headword"}],[{"word":"មួយ","rac_status":"exact_headword"},{"word":"ចំនួន","rac_status":"exact_headword"}]]	1.36844	medium	model	approved	Choose model, alternative_1..3, or uncertain.
amb-0006	nfp-006	dev	News and formal prose	ក្រុមគ្រូពេទ្យបានចុះពិនិត្យសុខភាពប្រជាពលរដ្ឋដោយឥតគិតថ្លៃ។	ក្រុម គ្រូ ពេទ្យ បាន ចុះ ពិនិត្យ សុខភាព ប្រជាពលរដ្ឋ ដោយ ឥតគិតថ្លៃ ។	27	33	សុខភាព	សុខភាព	សុខ ភាព	none	none	[["សុខ","ភាព"]]	[{"tokens":["សុខភាព"],"cost":4.014061},{"tokens":["សុខ","ភាព"],"cost":6.264235}]	[[{"word":"សុខភាព","rac_status":"exact_headword"}],[{"word":"សុខ","rac_status":"exact_headword"},{"word":"ភាព","rac_status":"exact_headword"}]]	2.250174	contextual	model	approved	Choose model, alternative_1..3, or uncertain.
amb-0007	nfp-006	dev	News and formal prose	ក្រុមគ្រូពេទ្យបានចុះពិនិត្យសុខភាពប្រជាពលរដ្ឋដោយឥតគិតថ្លៃ។	ក្រុម គ្រូ ពេទ្យ បាន ចុះ ពិនិត្យ សុខភាព ប្រជាពលរដ្ឋ ដោយ ឥតគិតថ្លៃ ។	47	56	ឥតគិតថ្លៃ	ឥតគិតថ្លៃ	ឥត គិតថ្លៃ	none	none	[["ឥត","គិតថ្លៃ"]]	[{"tokens":["ឥតគិតថ្លៃ"],"cost":5.170408},{"tokens":["ឥត","គិតថ្លៃ"],"cost":7.813259}]	[[{"word":"ឥតគិតថ្លៃ","rac_status":"exact_headword"}],[{"word":"ឥត","rac_status":"exact_headword"},{"word":"គិតថ្លៃ","rac_status":"exact_headword"}]]	2.64285	contextual	model	approved	Choose model, alternative_1..3, or uncertain.
amb-0008	nfp-007	dev	News and formal prose	រដ្ឋាភិបាលបានអនុម័តគម្រោងសាងសង់ស្ពានថ្មី។	រដ្ឋាភិបាល បាន អនុម័ត គម្រោង សាងសង់ ស្ពាន ថ្មី ។	25	31	សាងសង់	សាងសង់	សាង សង់	none	none	[["សាង","សង់"]]	[{"tokens":["សាងសង់"],"cost":4.64753},{"tokens":["សាង","សង់"],"cost":8.121655}]	[[{"word":"សាងសង់","rac_status":"exact_headword"}],[{"word":"សាង","rac_status":"exact_headword"},{"word":"សង់","rac_status":"exact_headword"}]]	3.474125	contextual	model	approved	Choose model, alternative_1..3, or uncertain.
amb-0009	nfp-008	dev	News and formal prose	ប្រជាពលរដ្ឋបានចូលរួមដាំកូនឈើនៅតាមដងផ្លូវ។	ប្រជាពលរដ្ឋ បាន ចូលរួម ដាំ កូនឈើ នៅ តាម ដង ផ្លូវ ។	14	20	ចូលរួម	ចូលរួម	ចូល រួម	none	none	[["ចូល","រួម"]]	[{"tokens":["ចូលរួម"],"cost":3.94856},{"tokens":["ចូល","រួម"],"cost":6.134397}]	[[{"word":"ចូលរួម","rac_status":"exact_headword"}],[{"word":"ចូល","rac_status":"exact_headword"},{"word":"រួម","rac_status":"exact_headword"}]]	2.185838	contextual	model	approved	Choose model, alternative_1..3, or uncertain.
amb-0010	nfp-008	dev	News and formal prose	ប្រជាពលរដ្ឋបានចូលរួមដាំកូនឈើនៅតាមដងផ្លូវ។	ប្រជាពលរដ្ឋ បាន ចូលរួម ដាំ កូនឈើ នៅ តាម ដង ផ្លូវ ។	23	28	កូនឈើ	កូនឈើ	កូន ឈើ	none	none	[["កូន","ឈើ"]]	[{"tokens":["កូនឈើ"],"cost":4.834616},{"tokens":["កូន","ឈើ"],"cost":5.485466}]	[[{"word":"កូនឈើ","rac_status":"exact_headword"}],[{"word":"កូន","rac_status":"exact_headword"},{"word":"ឈើ","rac_status":"exact_headword"}]]	0.65085	high	model	approved	Choose model, alternative_1..3, or uncertain.
amb-0011	nfp-009	dev	News and formal prose	ក្រុមហ៊ុនបានបង្កើតការងារថ្មីជូនយុវជនក្នុងតំបន់។	ក្រុមហ៊ុន បាន បង្កើត ការងារ ថ្មី ជូន យុវជន ក្នុង តំបន់ ។	18	24	ការងារ	ការងារ	ការ ងារ	none	none	[["ការ","ងារ"]]	[{"tokens":["ការងារ"],"cost":3.357495},{"tokens":["ការ","ងារ"],"cost":6.002954}]	[[{"word":"ការងារ","rac_status":"exact_headword"}],[{"word":"ការ","rac_status":"exact_headword"},{"word":"ងារ","rac_status":"exact_headword"}]]	2.645459	contextual	model	approved	Choose model, alternative_1..3, or uncertain.
amb-0012	nfp-010	dev	News and formal prose	សាលារៀនជាច្រើនបានបើកទ្វារទទួលសិស្សឡើងវិញ។	សាលារៀន ជា ច្រើន បាន បើក ទ្វារ ទទួល សិស្ស ឡើង វិញ ។	0	7	សាលារៀន	សាលារៀន	សាលា រៀន	none	none	[["សាលា","រៀន"]]	[{"tokens":["សាលារៀន"],"cost":4.004077},{"tokens":["សាលា","រៀន"],"cost":7.032229}]	[[{"word":"សាលារៀន","rac_status":"exact_headword"}],[{"word":"សាលា","rac_status":"exact_headword"},{"word":"រៀន","rac_status":"exact_headword"}]]	3.028152	contextual	model	approved	Choose model, alternative_1..3, or uncertain.
amb-0013	nfp-011	dev	News and formal prose	អ្នកជំនាញព្យាករថាអាកាសធាតុនឹងត្រជាក់ជាងមុន។	អ្នក ជំនាញ ព្យាករ ថា អាកាសធាតុ នឹង ត្រជាក់ ជាង មុន ។	17	26	អាកាសធាតុ	អាកាសធាតុ	អាកាស ធាតុ	none	none	[["អាកាស","ធាតុ"]]	[{"tokens":["អាកាសធាតុ"],"cost":4.285802},{"tokens":["អាកាស","ធាតុ"],"cost":7.359225}]	[[{"word":"អាកាសធាតុ","rac_status":"exact_headword"}],[{"word":"អាកាស","rac_status":"exact_headword"},{"word":"ធាតុ","rac_status":"exact_headword"}]]	3.073423	contextual	model	approved	Choose model, alternative_1..3, or uncertain.
amb-0014	nfp-015	dev	News and formal prose	ក្រុមកីឡាករកម្ពុជាបានឈ្នះមេដាយមាសពីរគ្រឿង។	ក្រុម កីឡាករ កម្ពុជា បាន ឈ្នះ មេដាយ មាស ពីរ គ្រឿង ។	25	30	មេដាយ	មេដាយ	មេ ដាយ	none	none	[["មេ","ដាយ"]]	[{"tokens":["មេដាយ"],"cost":5.170408},{"tokens":["មេ","ដាយ"],"cost":8.375328}]	[[{"word":"មេដាយ","rac_status":"exact_headword"}],[{"word":"មេ","rac_status":"exact_headword"},{"word":"ដាយ","rac_status":"exact_headword"}]]	3.204919	contextual	model	approved	Choose model, alternative_1..3, or uncertain.
amb-0015	nfp-016	dev	News and formal prose	មន្ត្រីជំនាញបានណែនាំឱ្យប្រជាជនប្រុងប្រយ័ត្នចំពោះខ្យល់កន្ត្រាក់។	មន្ត្រី ជំនាញ បាន ណែនាំ ឱ្យ ប្រជាជន ប្រុង ប្រយ័ត្ន ចំពោះ ខ្យល់កន្ត្រាក់ ។	48	62	ខ្យល់កន្ត្រាក់	ខ្យល់កន្ត្រាក់	ខ្យល់ កន្ត្រាក់	none	none	[["ខ្យល់","កន្ត្រាក់"]]	[{"tokens":["ខ្យល់កន្ត្រាក់"],"cost":5.24959},{"tokens":["ខ្យល់","កន្ត្រាក់"],"cost":7.424655}]	[[{"word":"ខ្យល់កន្ត្រាក់","rac_status":"exact_headword"}],[{"word":"ខ្យល់","rac_status":"exact_headword"},{"word":"កន្ត្រាក់","rac_status":"exact_headword"}]]	2.175066	contextual	model	approved	Choose model, alternative_1..3, or uncertain.
amb-0016	nfp-017	dev	News and formal prose	ផ្សារថ្មីនឹងបើកដំណើរការនៅខែក្រោយ។	ផ្សារ ថ្មី នឹង បើក ដំណើរការ នៅ ខែ ក្រោយ ។	15	23	ដំណើរការ	ដំណើរការ	ដំណើរ ការ	none	none	[["ដំណើរ","ការ"]]	[{"tokens":["ដំណើរការ"],"cost":3.939959},{"tokens":["ដំណើរ","ការ"],"cost":4.625424}]	[[{"word":"ដំណើរការ","rac_status":"exact_headword"}],[{"word":"ដំណើរ","rac_status":"exact_headword"},{"word":"ការ","rac_status":"exact_headword"}]]	0.685465	high	model	approved	Choose model, alternative_1..3, or uncertain.
amb-0017	nfp-018	dev	News and formal prose	ការនាំចេញផលិតផលក្នុងស្រុកកំពុងកើនឡើងជាលំដាប់។	ការ នាំចេញ ផលិតផល ក្នុង ស្រុក កំពុង កើន ឡើងជា លំដាប់ ។	3	9	នាំចេញ	នាំចេញ	នាំ ចេញ	none	none	[["នាំ","ចេញ"]]	[{"tokens":["នាំចេញ"],"cost":5.04547},{"tokens":["នាំ","ចេញ"],"cost":5.55397}]	[[{"word":"នាំចេញ","rac_status":"exact_headword"}],[{"word":"នាំ","rac_status":"exact_headword"},{"word":"ចេញ","rac_status":"exact_headword"}]]	0.5085	high	model	approved	Choose model, alternative_1..3, or uncertain.
amb-0018	nfp-018	dev	News and formal prose	ការនាំចេញផលិតផលក្នុងស្រុកកំពុងកើនឡើងជាលំដាប់។	ការ នាំចេញ ផលិតផល ក្នុង ស្រុក កំពុង កើន ឡើងជា លំដាប់ ។	9	15	ផលិតផល	ផលិតផល	ផលិត ផល	none	none	[["ផលិត","ផល"]]	[{"tokens":["ផលិតផល"],"cost":3.980077},{"tokens":["ផលិត","ផល"],"cost":7.25851}]	[[{"word":"ផលិតផល","rac_status":"exact_headword"}],[{"word":"ផលិត","rac_status":"exact_headword"},{"word":"ផល","rac_status":"exact_headword"}]]	3.278434	contextual	model	approved	Choose model, alternative_1..3, or uncertain.
amb-0019	nfp-018	dev	News and formal prose	ការនាំចេញផលិតផលក្នុងស្រុកកំពុងកើនឡើងជាលំដាប់។	ការ នាំចេញ ផលិតផល ក្នុង ស្រុក កំពុង កើន ឡើងជា លំដាប់ ។	33	38	ឡើងជា	ឡើងជា	ឡើង ជា	none	none	[["ឡើង","ជា"]]	[{"tokens":["ឡើងជា"],"cost":4.129016},{"tokens":["ឡើង","ជា"],"cost":4.387903}]	[[{"word":"ឡើងជា","rac_status":"exact_headword"}],[{"word":"ឡើង","rac_status":"exact_headword"},{"word":"ជា","rac_status":"exact_headword"}]]	0.258888	high	alternative_1	approved	Choose model, alternative_1..3, or uncertain.
amb-0020	nfp-019	dev	News and formal prose	អង្គការសង្គមស៊ីវិលបានស្នើឱ្យមានកិច្ចពិភាក្សាបន្ថែម។	អង្គការ សង្គមស៊ីវិល បាន ស្នើ ឱ្យ មាន កិច្ច ពិភាក្សា បន្ថែម ។	0	7	អង្គការ	អង្គការ	អង្គ ការ	none	none	[["អង្គ","ការ"]]	[{"tokens":["អង្គការ"],"cost":4.232556},{"tokens":["អង្គ","ការ"],"cost":5.500279}]	[[{"word":"អង្គការ","rac_status":"exact_headword"}],[{"word":"អង្គ","rac_status":"exact_headword"},{"word":"ការ","rac_status":"exact_headword"}]]	1.267722	medium	model	approved	Choose model, alternative_1..3, or uncertain.
amb-0021	nfp-019	dev	News and formal prose	អង្គការសង្គមស៊ីវិលបានស្នើឱ្យមានកិច្ចពិភាក្សាបន្ថែម។	អង្គការ សង្គមស៊ីវិល បាន ស្នើ ឱ្យ មាន កិច្ច ពិភាក្សា បន្ថែម ។	7	18	សង្គមស៊ីវិល	សង្គមស៊ីវិល	សង្គម ស៊ីវិល	none	none	[["សង្គម","ស៊ីវិល"]]	[{"tokens":["សង្គមស៊ីវិល"],"cost":5.170408},{"tokens":["សង្គម","ស៊ីវិល"],"cost":8.238154}]	[[{"word":"សង្គមស៊ីវិល","rac_status":"exact_headword"}],[{"word":"សង្គម","rac_status":"exact_headword"},{"word":"ស៊ីវិល","rac_status":"exact_headword"}]]	3.067746	contextual	model	approved	Choose model, alternative_1..3, or uncertain.
amb-0022	nfp-022	dev	News and formal prose	សហគមន៍បានរៀបចំកន្លែងស្នាក់នៅបណ្តោះអាសន្នសម្រាប់គ្រួសាររងគ្រោះ។	សហគមន៍ បាន រៀបចំ កន្លែង ស្នាក់នៅ បណ្តោះអាសន្ន សម្រាប់ គ្រួសារ រងគ្រោះ ។	54	61	រងគ្រោះ	រងគ្រោះ	រង គ្រោះ	none	none	[["រង","គ្រោះ"]]	[{"tokens":["រងគ្រោះ"],"cost":4.32531},{"tokens":["រង","គ្រោះ"],"cost":7.506502}]	[[{"word":"រងគ្រោះ","rac_status":"exact_headword"}],[{"word":"រង","rac_status":"exact_headword"},{"word":"គ្រោះ","rac_status":"exact_headword"}]]	3.181192	contextual	model	approved	Choose model, alternative_1..3, or uncertain.
amb-0023	nfp-023	dev	News and formal prose	ក្រសួងអប់រំនឹងបន្ថែមបន្ទប់រៀននៅតំបន់ជនបទ។	ក្រសួង អប់រំ នឹង បន្ថែម បន្ទប់ រៀន នៅ តំបន់ ជនបទ ។	36	40	ជនបទ	ជនបទ	ជន បទ	none	none	[["ជន","បទ"]]	[{"tokens":["ជនបទ"],"cost":4.380358},{"tokens":["ជន","បទ"],"cost":6.501464}]	[[{"word":"ជនបទ","rac_status":"exact_headword"}],[{"word":"ជន","rac_status":"exact_headword"},{"word":"បទ","rac_status":"exact_headword"}]]	2.121107	contextual	model	approved	Choose model, alternative_1..3, or uncertain.
amb-0024	nfp-024	dev	News and formal prose	ការប្រកួតបាល់ទាត់ត្រូវបានពន្យារពេលដោយសារភ្លៀងខ្លាំង។	ការ ប្រកួត បាល់ទាត់ ត្រូវ បាន ពន្យារ ពេល ដោយសារ ភ្លៀង ខ្លាំង ។	34	40	ដោយសារ	ដោយសារ	ដោយ សារ	none	none	[["ដោយ","សារ"]]	[{"tokens":["ដោយសារ"],"cost":3.465686},{"tokens":["ដោយ","សារ"],"cost":6.607018}]	[[{"word":"ដោយសារ","rac_status":"exact_headword"}],[{"word":"ដោយ","rac_status":"exact_headword"},{"word":"សារ","rac_status":"exact_headword"}]]	3.141332	contextual	model	approved	Choose model, alternative_1..3, or uncertain.
amb-0025	nfp-025	dev	News and formal prose	រថយន្តដឹកទំនិញត្រូវបានហាមឃាត់មិនឱ្យឆ្លងកាត់ស្ពានចាស់។	រថយន្ត ដឹក ទំនិញ ត្រូវ បាន ហាមឃាត់ មិន ឱ្យ ឆ្លងកាត់ ស្ពាន ចាស់ ។	22	29	ហាមឃាត់	ហាមឃាត់	ហាម ឃាត់	none	none	[["ហាម","ឃាត់"]]	[{"tokens":["ហាមឃាត់"],"cost":4.64753},{"tokens":["ហាម","ឃាត់"],"cost":7.902362}]	[[{"word":"ហាមឃាត់","rac_status":"exact_headword"}],[{"word":"ហាម","rac_status":"exact_headword"},{"word":"ឃាត់","rac_status":"exact_headword"}]]	3.254833	contextual	model	approved	Choose model, alternative_1..3, or uncertain.
amb-0026	nfp-025	dev	News and formal prose	រថយន្តដឹកទំនិញត្រូវបានហាមឃាត់មិនឱ្យឆ្លងកាត់ស្ពានចាស់។	រថយន្ត ដឹក ទំនិញ ត្រូវ បាន ហាមឃាត់ មិន ឱ្យ ឆ្លងកាត់ ស្ពាន ចាស់ ។	35	43	ឆ្លងកាត់	ឆ្លងកាត់	ឆ្លង កាត់	none	none	[["ឆ្លង","កាត់"]]	[{"tokens":["ឆ្លងកាត់"],"cost":4.471438},{"tokens":["ឆ្លង","កាត់"],"cost":6.867151}]	[[{"word":"ឆ្លងកាត់","rac_status":"exact_headword"}],[{"word":"ឆ្លង","rac_status":"exact_headword"},{"word":"កាត់","rac_status":"exact_headword"}]]	2.395713	contextual	model	approved	Choose model, alternative_1..3, or uncertain.
amb-0027	nfp-027	dev	News and formal prose	មជ្ឈមណ្ឌលថ្មីផ្តល់ការបណ្តុះបណ្តាលជំនាញដល់អ្នកស្វែងរកការងារ។	មជ្ឈមណ្ឌល ថ្មី ផ្តល់ ការ បណ្តុះបណ្តាល ជំនាញ ដល់ អ្នក ស្វែងរក ការងារ ។	21	33	បណ្តុះបណ្តាល	បណ្តុះបណ្តាល	បណ្តុះ បណ្តាល	none	none	[["បណ្តុះ","បណ្តាល"]]	[{"tokens":["បណ្តុះបណ្តាល"],"cost":4.501402},{"tokens":["បណ្តុះ","បណ្តាល"],"cost":7.869199}]	[[{"word":"បណ្តុះបណ្តាល","rac_status":"generated_visual_alias"}],[{"word":"បណ្តុះ","rac_status":"generated_visual_alias"},{"word":"បណ្តាល","rac_status":"generated_visual_alias"}]]	3.367798	contextual	model	approved	Choose model, alternative_1..3, or uncertain.
amb-0028	nfp-027	dev	News and formal prose	មជ្ឈមណ្ឌលថ្មីផ្តល់ការបណ្តុះបណ្តាលជំនាញដល់អ្នកស្វែងរកការងារ។	មជ្ឈមណ្ឌល ថ្មី ផ្តល់ ការ បណ្តុះបណ្តាល ជំនាញ ដល់ អ្នក ស្វែងរក ការងារ ។	45	52	ស្វែងរក	ស្វែងរក	ស្វែង រក	none	none	[["ស្វែង","រក"]]	[{"tokens":["ស្វែងរក"],"cost":4.091227},{"tokens":["ស្វែង","រក"],"cost":7.357466}]	[[{"word":"ស្វែងរក","rac_status":"exact_headword"}],[{"word":"ស្វែង","rac_status":"exact_headword"},{"word":"រក","rac_status":"exact_headword"}]]	3.266239	contextual	model	approved	Choose model, alternative_1..3, or uncertain.
amb-0029	nfp-027	dev	News and formal prose	មជ្ឈមណ្ឌលថ្មីផ្តល់ការបណ្តុះបណ្តាលជំនាញដល់អ្នកស្វែងរកការងារ។	មជ្ឈមណ្ឌល ថ្មី ផ្តល់ ការ បណ្តុះបណ្តាល ជំនាញ ដល់ អ្នក ស្វែងរក ការងារ ។	52	58	ការងារ	ការងារ	ការ ងារ	none	none	[["ការ","ងារ"]]	[{"tokens":["ការងារ"],"cost":3.357495},{"tokens":["ការ","ងារ"],"cost":6.002954}]	[[{"word":"ការងារ","rac_status":"exact_headword"}],[{"word":"ការ","rac_status":"exact_headword"},{"word":"ងារ","rac_status":"exact_headword"}]]	2.645459	contextual	model	approved	Choose model, alternative_1..3, or uncertain.
amb-0030	nfp-028	dev	News and formal prose	អាជ្ញាធរបានជួសជុលប្រព័ន្ធលូនៅកណ្តាលទីក្រុង។	អាជ្ញាធរ បាន ជួសជុល ប្រព័ន្ធ លូ នៅ កណ្តាល ទីក្រុង ។	35	42	ទីក្រុង	ទីក្រុង	ទី ក្រុង	none	none	[["ទី","ក្រុង"]]	[{"tokens":["ទីក្រុង"],"cost":4.24959},{"tokens":["ទី","ក្រុង"],"cost":5.853617}]	[[{"word":"ទីក្រុង","rac_status":"exact_headword"}],[{"word":"ទី","rac_status":"exact_headword"},{"word":"ក្រុង","rac_status":"exact_headword"}]]	1.604027	medium	model	approved	Choose model, alternative_1..3, or uncertain.
amb-0031	nfp-029	dev	News and formal prose	អ្នកទេសចរបានមកទស្សនាតំបន់ប្រាសាទកាន់តែច្រើន។	អ្នក ទេសចរ បាន មក ទស្សនា តំបន់ ប្រាសាទ កាន់តែ ច្រើន ។	32	38	កាន់តែ	កាន់តែ	កាន់ តែ	none	none	[["កាន់","តែ"]]	[{"tokens":["កាន់តែ"],"cost":3.915136},{"tokens":["កាន់","តែ"],"cost":5.586184}]	[[{"word":"កាន់តែ","rac_status":"exact_headword"}],[{"word":"កាន់","rac_status":"exact_headword"},{"word":"តែ","rac_status":"exact_headword"}]]	1.671048	medium	model	approved	Choose model, alternative_1..3, or uncertain.
amb-0032	nfp-031	dev	News and formal prose	កំពង់ផែបានទទួលនាវាដឹកទំនិញចំនួនបីគ្រឿង។	កំពង់ផែ បាន ទទួល នាវា ដឹក ទំនិញ ចំនួន បី គ្រឿង ។	14	18	នាវា	នាវា	នា វា	none	none	[["នា","វា"]]	[{"tokens":["នាវា"],"cost":4.24959},{"tokens":["នា","វា"],"cost":6.417063}]	[[{"word":"នាវា","rac_status":"exact_headword"}],[{"word":"នា","rac_status":"exact_headword"},{"word":"វា","rac_status":"exact_headword"}]]	2.167474	contextual	model	approved	Choose model, alternative_1..3, or uncertain.
amb-0033	nfp-034	dev	News and formal prose	ក្រុមអ្នកសង្គ្រោះបានជម្លៀសប្រជាជនចេញពីតំបន់គ្រោះថ្នាក់។	ក្រុម អ្នក សង្គ្រោះ បាន ជម្លៀស ប្រជាជន ចេញ ពី តំបន់ គ្រោះថ្នាក់ ។	43	54	គ្រោះថ្នាក់	គ្រោះថ្នាក់	គ្រោះ ថ្នាក់	none	none	[["គ្រោះ","ថ្នាក់"]]	[{"tokens":["គ្រោះថ្នាក់"],"cost":4.091227},{"tokens":["គ្រោះ","ថ្នាក់"],"cost":7.279993}]	[[{"word":"គ្រោះថ្នាក់","rac_status":"exact_headword"}],[{"word":"គ្រោះ","rac_status":"exact_headword"},{"word":"ថ្នាក់","rac_status":"exact_headword"}]]	3.188766	contextual	model	approved	Choose model, alternative_1..3, or uncertain.
amb-0034	nfp-035	dev	News and formal prose	អត្រាអ្នកចូលរៀនបានកើនឡើងក្នុងរយៈពេលប្រាំឆ្នាំចុងក្រោយ។	អត្រា អ្នក ចូល រៀន បាន កើន ឡើង ក្នុង រយៈ ពេល ប្រាំ ឆ្នាំ ចុងក្រោយ ។	45	53	ចុងក្រោយ	ចុងក្រោយ	ចុង ក្រោយ	none	none	[["ចុង","ក្រោយ"]]	[{"tokens":["ចុងក្រោយ"],"cost":4.285802},{"tokens":["ចុង","ក្រោយ"],"cost":6.51584}]	[[{"word":"ចុងក្រោយ","rac_status":"exact_headword"}],[{"word":"ចុង","rac_status":"exact_headword"},{"word":"ក្រោយ","rac_status":"exact_headword"}]]	2.230038	contextual	model	approved	Choose model, alternative_1..3, or uncertain.
amb-0035	nfp-036	dev	News and formal prose	ស្ថានីយអាកាសធាតុបានកត់ត្រាសីតុណ្ហភាពខ្ពស់បំផុតប្រចាំខែ។	ស្ថានីយ អាកាសធាតុ បាន កត់ ត្រា សីតុណ្ហភាព ខ្ពស់ បំផុត ប្រចាំ ខែ ។	7	16	អាកាសធាតុ	អាកាសធាតុ	អាកាស ធាតុ	none	none	[["អាកាស","ធាតុ"]]	[{"tokens":["អាកាសធាតុ"],"cost":4.285802},{"tokens":["អាកាស","ធាតុ"],"cost":7.359225}]	[[{"word":"អាកាសធាតុ","rac_status":"exact_headword"}],[{"word":"អាកាស","rac_status":"exact_headword"},{"word":"ធាតុ","rac_status":"exact_headword"}]]	3.073423	contextual	model	approved	Choose model, alternative_1..3, or uncertain.
amb-0036	nfp-037	dev	News and formal prose	សមាគមបានអំពាវនាវឱ្យសាធារណជនចូលរួមបរិច្ចាគឈាម។	សមាគម បាន អំពាវនាវ ឱ្យ សាធារណជន ចូលរួម បរិច្ចាគ ឈាម ។	27	33	ចូលរួម	ចូលរួម	ចូល រួម	none	none	[["ចូល","រួម"]]	[{"tokens":["ចូលរួម"],"cost":3.94856},{"tokens":["ចូល","រួម"],"cost":6.134397}]	[[{"word":"ចូលរួម","rac_status":"exact_headword"}],[{"word":"ចូល","rac_status":"exact_headword"},{"word":"រួម","rac_status":"exact_headword"}]]	2.185838	contextual	model	approved	Choose model, alternative_1..3, or uncertain.
amb-0037	nfp-038	dev	News and formal prose	ផ្លូវជាតិមួយខ្សែកំពុងត្រូវបានពង្រីកដើម្បីកាត់បន្ថយការកកស្ទះ។	ផ្លូវជាតិ មួយ ខ្សែ កំពុង ត្រូវ បាន ពង្រីក ដើម្បី កាត់ បន្ថយ ការ កកស្ទះ ។	0	9	ផ្លូវជាតិ	ផ្លូវជាតិ	ផ្លូវ ជាតិ	none	none	[["ផ្លូវ","ជាតិ"]]	[{"tokens":["ផ្លូវជាតិ"],"cost":5.24959},{"tokens":["ផ្លូវ","ជាតិ"],"cost":6.015972}]	[[{"word":"ផ្លូវជាតិ","rac_status":"exact_headword"}],[{"word":"ផ្លូវ","rac_status":"exact_headword"},{"word":"ជាតិ","rac_status":"exact_headword"}]]	0.766382	high	model	approved	Choose model, alternative_1..3, or uncertain.
amb-0038	nfp-038	dev	News and formal prose	ផ្លូវជាតិមួយខ្សែកំពុងត្រូវបានពង្រីកដើម្បីកាត់បន្ថយការកកស្ទះ។	ផ្លូវជាតិ មួយ ខ្សែ កំពុង ត្រូវ បាន ពង្រីក ដើម្បី កាត់ បន្ថយ ការ កកស្ទះ ។	53	59	កកស្ទះ	កកស្ទះ	កក ស្ទះ	none	none	[["កក","ស្ទះ"]]	[{"tokens":["កកស្ទះ"],"cost":5.24959},{"tokens":["កក","ស្ទះ"],"cost":8.742391}]	[[{"word":"កកស្ទះ","rac_status":"exact_headword"}],[{"word":"កក","rac_status":"exact_headword"},{"word":"ស្ទះ","rac_status":"exact_headword"}]]	3.492801	contextual	model	approved	Choose model, alternative_1..3, or uncertain.
amb-0039	nfp-039	dev	News and formal prose	ក្រុមប្រឹក្សាឃុំបានអនុម័តថវិកាសម្រាប់សាងសង់អណ្តូងទឹក។	ក្រុមប្រឹក្សា ឃុំ បាន អនុម័ត ថវិកា សម្រាប់ សាងសង់ អណ្តូង ទឹក ។	0	13	ក្រុមប្រឹក្សា	ក្រុមប្រឹក្សា	ក្រុម ប្រឹក្សា	none	none	[["ក្រុម","ប្រឹក្សា"]]	[{"tokens":["ក្រុមប្រឹក្សា"],"cost":4.693287},{"tokens":["ក្រុម","ប្រឹក្សា"],"cost":7.590909}]	[[{"word":"ក្រុមប្រឹក្សា","rac_status":"exact_headword"}],[{"word":"ក្រុម","rac_status":"exact_headword"},{"word":"ប្រឹក្សា","rac_status":"exact_headword"}]]	2.897622	contextual	model	approved	Choose model, alternative_1..3, or uncertain.
amb-0040	nfp-039	dev	News and formal prose	ក្រុមប្រឹក្សាឃុំបានអនុម័តថវិកាសម្រាប់សាងសង់អណ្តូងទឹក។	ក្រុមប្រឹក្សា ឃុំ បាន អនុម័ត ថវិកា សម្រាប់ សាងសង់ អណ្តូង ទឹក ។	37	43	សាងសង់	សាងសង់	សាង សង់	none	none	[["សាង","សង់"]]	[{"tokens":["សាងសង់"],"cost":4.64753},{"tokens":["សាង","សង់"],"cost":8.121655}]	[[{"word":"សាងសង់","rac_status":"exact_headword"}],[{"word":"សាង","rac_status":"exact_headword"},{"word":"សង់","rac_status":"exact_headword"}]]	3.474125	contextual	model	approved	Choose model, alternative_1..3, or uncertain.
amb-0041	nfp-040	dev	News and formal prose	របាយការណ៍បង្ហាញថាគុណភាពខ្យល់មានភាពប្រសើរឡើង។	របាយការណ៍ បង្ហាញ ថា គុណភាព ខ្យល់ មាន ភាព ប្រសើរ ឡើង ។	17	23	គុណភាព	គុណភាព	គុណ ភាព	none	none	[["គុណ","ភាព"]]	[{"tokens":["គុណភាព"],"cost":4.267318},{"tokens":["គុណ","ភាព"],"cost":6.646126}]	[[{"word":"គុណភាព","rac_status":"exact_headword"}],[{"word":"គុណ","rac_status":"exact_headword"},{"word":"ភាព","rac_status":"exact_headword"}]]	2.378808	contextual	model	approved	Choose model, alternative_1..3, or uncertain.
amb-0042	nfp-041	test	News and formal prose	សន្និសីទអន្តរជាតិបានទាក់ទាញអ្នកចូលរួមមកពីប្រទេសជាច្រើន។	សន្និសីទ អន្តរជាតិ បាន ទាក់ទាញ អ្នក ចូលរួម មក ពី ប្រទេស ជា ច្រើន ។	20	27	ទាក់ទាញ	ទាក់ទាញ	ទាក់ ទាញ	none	none	[["ទាក់","ទាញ"]]	[{"tokens":["ទាក់ទាញ"],"cost":4.533586},{"tokens":["ទាក់","ទាញ"],"cost":7.338939}]	[[{"word":"ទាក់ទាញ","rac_status":"exact_headword"}],[{"word":"ទាក់","rac_status":"exact_headword"},{"word":"ទាញ","rac_status":"exact_headword"}]]	2.805353	contextual	model	approved	Choose model, alternative_1..3, or uncertain.
amb-0043	nfp-041	test	News and formal prose	សន្និសីទអន្តរជាតិបានទាក់ទាញអ្នកចូលរួមមកពីប្រទេសជាច្រើន។	សន្និសីទ អន្តរជាតិ បាន ទាក់ទាញ អ្នក ចូលរួម មក ពី ប្រទេស ជា ច្រើន ។	31	37	ចូលរួម	ចូលរួម	ចូល រួម	none	none	[["ចូល","រួម"]]	[{"tokens":["ចូលរួម"],"cost":3.94856},{"tokens":["ចូល","រួម"],"cost":6.134397}]	[[{"word":"ចូលរួម","rac_status":"exact_headword"}],[{"word":"ចូល","rac_status":"exact_headword"},{"word":"រួម","rac_status":"exact_headword"}]]	2.185838	contextual	model	approved	Choose model, alternative_1..3, or uncertain.
amb-0044	nfp-042	test	News and formal prose	អ្នកនាំពាក្យបានបដិសេធព័ត៌មានដែលផ្សព្វផ្សាយតាមបណ្តាញសង្គម។	អ្នកនាំពាក្យ បាន បដិសេធ ព័ត៌មាន ដែល ផ្សព្វផ្សាយ តាម បណ្តាញសង្គម ។	0	12	អ្នកនាំពាក្យ	អ្នកនាំពាក្យ	អ្នក នាំ ពាក្យ	none	none	[["អ្នក","នាំ","ពាក្យ"]]	[{"tokens":["អ្នកនាំពាក្យ"],"cost":5.24959},{"tokens":["អ្នក","នាំ","ពាក្យ"],"cost":7.475921}]	[[{"word":"អ្នកនាំពាក្យ","rac_status":"exact_headword"}],[{"word":"អ្នក","rac_status":"exact_headword"},{"word":"នាំ","rac_status":"exact_headword"},{"word":"ពាក្យ","rac_status":"exact_headword"}]]	2.226331	contextual	model	approved	Choose model, alternative_1..3, or uncertain.
amb-0045	nfp-042	test	News and formal prose	អ្នកនាំពាក្យបានបដិសេធព័ត៌មានដែលផ្សព្វផ្សាយតាមបណ្តាញសង្គម។	អ្នកនាំពាក្យ បាន បដិសេធ ព័ត៌មាន ដែល ផ្សព្វផ្សាយ តាម បណ្តាញសង្គម ។	45	56	បណ្តាញសង្គម	បណ្តាញសង្គម	បណ្តាញ សង្គម	none	none	[["បណ្តាញ","សង្គម"]]	[{"tokens":["បណ្តាញសង្គម"],"cost":5.24959},{"tokens":["បណ្តាញ","សង្គម"],"cost":7.664123}]	[[{"word":"បណ្តាញសង្គម","rac_status":"generated_visual_alias"}],[{"word":"បណ្តាញ","rac_status":"generated_visual_alias"},{"word":"សង្គម","rac_status":"exact_headword"}]]	2.414534	contextual	model	approved	Choose model, alternative_1..3, or uncertain.
amb-0046	nfp-043	test	News and formal prose	គម្រោងអភិរក្សនេះមានគោលបំណងការពារសត្វព្រៃជិតផុតពូជ។	គម្រោង អភិរក្ស នេះ មាន គោលបំណង ការពារ សត្វ ព្រៃ ជិត ផុតពូជ ។	19	26	គោលបំណង	គោលបំណង	គោល បំណង	none	none	[["គោល","បំណង"]]	[{"tokens":["គោលបំណង"],"cost":4.135646},{"tokens":["គោល","បំណង"],"cost":7.569229}]	[[{"word":"គោលបំណង","rac_status":"exact_headword"}],[{"word":"គោល","rac_status":"exact_headword"},{"word":"បំណង","rac_status":"exact_headword"}]]	3.433583	contextual	model	approved	Choose model, alternative_1..3, or uncertain.
amb-0047	nfp-043	test	News and formal prose	គម្រោងអភិរក្សនេះមានគោលបំណងការពារសត្វព្រៃជិតផុតពូជ។	គម្រោង អភិរក្ស នេះ មាន គោលបំណង ការពារ សត្វ ព្រៃ ជិត ផុតពូជ ។	26	32	ការពារ	ការពារ	ការ ពារ	none	none	[["ការ","ពារ"]]	[{"tokens":["ការពារ"],"cost":3.630496},{"tokens":["ការ","ពារ"],"cost":6.549497}]	[[{"word":"ការពារ","rac_status":"exact_headword"}],[{"word":"ការ","rac_status":"exact_headword"},{"word":"ពារ","rac_status":"exact_headword"}]]	2.919	contextual	model	approved	Choose model, alternative_1..3, or uncertain.
amb-0048	nfp-043	test	News and formal prose	គម្រោងអភិរក្សនេះមានគោលបំណងការពារសត្វព្រៃជិតផុតពូជ។	គម្រោង អភិរក្ស នេះ មាន គោលបំណង ការពារ សត្វ ព្រៃ ជិត ផុតពូជ ។	43	49	ផុតពូជ	ផុតពូជ	ផុត ពូជ	none	none	[["ផុត","ពូជ"]]	[{"tokens":["ផុតពូជ"],"cost":5.24959},{"tokens":["ផុត","ពូជ"],"cost":7.174485}]	[[{"word":"ផុតពូជ","rac_status":"exact_headword"}],[{"word":"ផុត","rac_status":"exact_headword"},{"word":"ពូជ","rac_status":"exact_headword"}]]	1.924896	medium	model	approved	Choose model, alternative_1..3, or uncertain.
amb-0049	nfp-045	test	News and formal prose	ក្រុមអាជីវករបានស្នើសុំឱ្យកែលម្អផ្លូវចូលផ្សារ។	ក្រុម អាជីវករ បាន ស្នើ សុំ ឱ្យ កែលម្អ ផ្លូវ ចូល ផ្សារ ។	25	31	កែលម្អ	កែលម្អ	កែ លម្អ	none	none	[["កែ","លម្អ"]]	[{"tokens":["កែលម្អ"],"cost":5.04547},{"tokens":["កែ","លម្អ"],"cost":7.867249}]	[[{"word":"កែលម្អ","rac_status":"exact_headword"}],[{"word":"កែ","rac_status":"exact_headword"},{"word":"លម្អ","rac_status":"exact_headword"}]]	2.821779	contextual	model	approved	Choose model, alternative_1..3, or uncertain.
amb-0050	nfp-047	test	News and formal prose	ក្រសួងបានចេញសេចក្តីជូនដំណឹងស្តីពីកាលបរិច្ឆេទប្រឡង។	ក្រសួង បាន ចេញ សេចក្តី ជូនដំណឹង ស្តី ពី កាលបរិច្ឆេទ ប្រឡង ។	19	27	ជូនដំណឹង	ជូនដំណឹង	ជូន ដំណឹង	none	none	[["ជូន","ដំណឹង"]]	[{"tokens":["ជូនដំណឹង"],"cost":5.170408},{"tokens":["ជូន","ដំណឹង"],"cost":7.493244}]	[[{"word":"ជូនដំណឹង","rac_status":"exact_headword"}],[{"word":"ជូន","rac_status":"exact_headword"},{"word":"ដំណឹង","rac_status":"exact_headword"}]]	2.322836	contextual	model	approved	Choose model, alternative_1..3, or uncertain.
amb-0051	nfp-047	test	News and formal prose	ក្រសួងបានចេញសេចក្តីជូនដំណឹងស្តីពីកាលបរិច្ឆេទប្រឡង។	ក្រសួង បាន ចេញ សេចក្តី ជូនដំណឹង ស្តី ពី កាលបរិច្ឆេទ ប្រឡង ។	33	44	កាលបរិច្ឆេទ	កាលបរិច្ឆេទ	កាល បរិច្ឆេទ	none	none	[["កាល","បរិច្ឆេទ"]]	[{"tokens":["កាលបរិច្ឆេទ"],"cost":4.834616},{"tokens":["កាល","បរិច្ឆេទ"],"cost":8.17895}]	[[{"word":"កាលបរិច្ឆេទ","rac_status":"exact_headword"}],[{"word":"កាល","rac_status":"exact_headword"},{"word":"បរិច្ឆេទ","rac_status":"exact_headword"}]]	3.344334	contextual	model	approved	Choose model, alternative_1..3, or uncertain.
amb-0052	nfp-048	test	News and formal prose	ការសាងសង់អគារថ្មីសម្រេចបានជាងពាក់កណ្តាលហើយ។	ការ សាងសង់ អគារ ថ្មី សម្រេច បាន ជាង ពាក់កណ្តាល ហើយ ។	3	9	សាងសង់	សាងសង់	សាង សង់	none	none	[["សាង","សង់"]]	[{"tokens":["សាងសង់"],"cost":4.64753},{"tokens":["សាង","សង់"],"cost":8.121655}]	[[{"word":"សាងសង់","rac_status":"exact_headword"}],[{"word":"សាង","rac_status":"exact_headword"},{"word":"សង់","rac_status":"exact_headword"}]]	3.474125	contextual	model	approved	Choose model, alternative_1..3, or uncertain.
amb-0053	nfp-048	test	News and formal prose	ការសាងសង់អគារថ្មីសម្រេចបានជាងពាក់កណ្តាលហើយ។	ការ សាងសង់ អគារ ថ្មី សម្រេច បាន ជាង ពាក់កណ្តាល ហើយ ។	29	39	ពាក់កណ្តាល	ពាក់កណ្តាល	ពាក់ កណ្តាល	none	none	[["ពាក់","កណ្តាល"]]	[{"tokens":["ពាក់កណ្តាល"],"cost":4.185132},{"tokens":["ពាក់","កណ្តាល"],"cost":6.855095}]	[[{"word":"ពាក់កណ្តាល","rac_status":"generated_visual_alias"}],[{"word":"ពាក់","rac_status":"exact_headword"},{"word":"កណ្តាល","rac_status":"generated_visual_alias"}]]	2.669964	contextual	model	approved	Choose model, alternative_1..3, or uncertain.
amb-0054	nfp-049	test	News and formal prose	អាជ្ញាធរកំពុងស៊ើបអង្កេតករណីបាត់បង់ឯកសារសំខាន់។	អាជ្ញាធរ កំពុង ស៊ើប អង្កេត ករណី បាត់បង់ ឯកសារ សំខាន់ ។	27	34	បាត់បង់	បាត់បង់	បាត់ បង់	none	none	[["បាត់","បង់"]]	[{"tokens":["បាត់បង់"],"cost":4.24959},{"tokens":["បាត់","បង់"],"cost":6.981087}]	[[{"word":"បាត់បង់","rac_status":"exact_headword"}],[{"word":"បាត់","rac_status":"exact_headword"},{"word":"បង់","rac_status":"exact_headword"}]]	2.731497	contextual	model	approved	Choose model, alternative_1..3, or uncertain.
amb-0055	nfp-050	test	News and formal prose	ប្រព័ន្ធដឹកជញ្ជូនសាធារណៈនឹងបន្ថែមរថយន្តក្រុងដប់គ្រឿង។	ប្រព័ន្ធ ដឹក ជញ្ជូន សាធារណៈ នឹង បន្ថែម រថយន្តក្រុង ដប់ គ្រឿង ។	33	44	រថយន្តក្រុង	រថយន្តក្រុង	រថយន្ត ក្រុង	none	none	[["រថយន្ត","ក្រុង"]]	[{"tokens":["រថយន្តក្រុង"],"cost":4.834616},{"tokens":["រថយន្ត","ក្រុង"],"cost":7.047264}]	[[{"word":"រថយន្តក្រុង","rac_status":"exact_headword"}],[{"word":"រថយន្ត","rac_status":"exact_headword"},{"word":"ក្រុង","rac_status":"exact_headword"}]]	2.212648	contextual	model	approved	Choose model, alternative_1..3, or uncertain.
amb-0056	nfp-051	test	News and formal prose	គណៈប្រតិភូបានចូលជួបពិភាក្សាជាមួយថ្នាក់ដឹកនាំខេត្ត។	គណៈប្រតិភូ បាន ចូល ជួប ពិភាក្សា ជាមួយ ថ្នាក់ដឹកនាំ ខេត្ត ។	27	32	ជាមួយ	ជាមួយ	ជា មួយ	none	none	[["ជា","មួយ"]]	[{"tokens":["ជាមួយ"],"cost":3.208197},{"tokens":["ជា","មួយ"],"cost":3.946086}]	[[{"word":"ជាមួយ","rac_status":"exact_headword"}],[{"word":"ជា","rac_status":"exact_headword"},{"word":"មួយ","rac_status":"exact_headword"}]]	0.737889	high	model	approved	Choose model, alternative_1..3, or uncertain.
amb-0057	nfp-051	test	News and formal prose	គណៈប្រតិភូបានចូលជួបពិភាក្សាជាមួយថ្នាក់ដឹកនាំខេត្ត។	គណៈប្រតិភូ បាន ចូល ជួប ពិភាក្សា ជាមួយ ថ្នាក់ដឹកនាំ ខេត្ត ។	32	44	ថ្នាក់ដឹកនាំ	ថ្នាក់ដឹកនាំ	ថ្នាក់ ដឹកនាំ	none	none	[["ថ្នាក់","ដឹកនាំ"]]	[{"tokens":["ថ្នាក់ដឹកនាំ"],"cost":4.718111},{"tokens":["ថ្នាក់","ដឹកនាំ"],"cost":7.168019}]	[[{"word":"ថ្នាក់ដឹកនាំ","rac_status":"exact_headword"}],[{"word":"ថ្នាក់","rac_status":"exact_headword"},{"word":"ដឹកនាំ","rac_status":"exact_headword"}]]	2.449909	contextual	model	approved	Choose model, alternative_1..3, or uncertain.
amb-0058	nfp-053	test	News and formal prose	តំបន់ការពារធម្មជាតិនេះមានជីវចម្រុះដ៏សម្បូរបែប។	តំបន់ ការពារ ធម្មជាតិ នេះ មាន ជី វ ចម្រុះ ដ៏ សម្បូរ បែប ។	5	11	ការពារ	ការពារ	ការ ពារ	none	none	[["ការ","ពារ"]]	[{"tokens":["ការពារ"],"cost":3.630496},{"tokens":["ការ","ពារ"],"cost":6.549497}]	[[{"word":"ការពារ","rac_status":"exact_headword"}],[{"word":"ការ","rac_status":"exact_headword"},{"word":"ពារ","rac_status":"exact_headword"}]]	2.919	contextual	model	approved	Choose model, alternative_1..3, or uncertain.
amb-0059	nfp-054	test	News and formal prose	យុទ្ធនាការអប់រំសាធារណៈនឹងចាប់ផ្តើមនៅដើមឆ្នាំក្រោយ។	យុទ្ធនាការ អប់រំ សាធារណៈ នឹង ចាប់ផ្តើម នៅ ដើម ឆ្នាំ ក្រោយ ។	0	10	យុទ្ធនាការ	យុទ្ធនាការ	យុទ្ធនា ការ	none	none	[["យុទ្ធនា","ការ"]]	[{"tokens":["យុទ្ធនាការ"],"cost":5.24959},{"tokens":["យុទ្ធនា","ការ"],"cost":7.248467}]	[[{"word":"យុទ្ធនាការ","rac_status":"exact_headword"}],[{"word":"យុទ្ធនា","rac_status":"exact_headword"},{"word":"ការ","rac_status":"exact_headword"}]]	1.998877	medium	model	approved	Choose model, alternative_1..3, or uncertain.
amb-0060	nfp-054	test	News and formal prose	យុទ្ធនាការអប់រំសាធារណៈនឹងចាប់ផ្តើមនៅដើមឆ្នាំក្រោយ។	យុទ្ធនាការ អប់រំ សាធារណៈ នឹង ចាប់ផ្តើម នៅ ដើម ឆ្នាំ ក្រោយ ។	25	34	ចាប់ផ្តើម	ចាប់ផ្តើម	ចាប់ ផ្តើម	none	none	[["ចាប់","ផ្តើម"]]	[{"tokens":["ចាប់ផ្តើម"],"cost":4.034746},{"tokens":["ចាប់","ផ្តើម"],"cost":6.847359}]	[[{"word":"ចាប់ផ្តើម","rac_status":"generated_visual_alias"}],[{"word":"ចាប់","rac_status":"exact_headword"},{"word":"ផ្តើម","rac_status":"generated_visual_alias"}]]	2.812613	contextual	model	approved	Choose model, alternative_1..3, or uncertain.
amb-0061	nfp-055	test	News and formal prose	ក្រុមអ្នកជំនាញកំពុងវាយតម្លៃផលប៉ះពាល់លើបរិស្ថាន។	ក្រុម អ្នក ជំនាញ កំពុង វាយតម្លៃ ផល ប៉ះពាល់ លើ បរិស្ថាន ។	19	27	វាយតម្លៃ	វាយតម្លៃ	វាយ តម្លៃ	none	none	[["វាយ","តម្លៃ"]]	[{"tokens":["វាយតម្លៃ"],"cost":4.501402},{"tokens":["វាយ","តម្លៃ"],"cost":6.749363}]	[[{"word":"វាយតម្លៃ","rac_status":"exact_headword"}],[{"word":"វាយ","rac_status":"exact_headword"},{"word":"តម្លៃ","rac_status":"exact_headword"}]]	2.247961	contextual	model	approved	Choose model, alternative_1..3, or uncertain.
amb-0062	nfp-058	test	News and formal prose	រដ្ឋបាលខេត្តបានរៀបចំវេទិកាសាធារណៈសម្រាប់ប្រជាពលរដ្ឋ។	រដ្ឋបាល ខេត្ត បាន រៀបចំ វេទិកាសាធារណៈ សម្រាប់ ប្រជាពលរដ្ឋ ។	20	33	វេទិកាសាធារណៈ	វេទិកាសាធារណៈ	វេទិកា សាធារណៈ	none	none	[["វេទិកា","សាធារណៈ"]]	[{"tokens":["វេទិកាសាធារណៈ"],"cost":5.24959},{"tokens":["វេទិកា","សាធារណៈ"],"cost":8.544937}]	[[{"word":"វេទិកាសាធារណៈ","rac_status":"exact_headword"}],[{"word":"វេទិកា","rac_status":"exact_headword"},{"word":"សាធារណៈ","rac_status":"exact_headword"}]]	3.295347	contextual	model	approved	Choose model, alternative_1..3, or uncertain.
amb-0063	nfp-059	test	News and formal prose	ទំនប់ទឹកត្រូវបានត្រួតពិនិត្យជាប្រចាំក្នុងរដូវវស្សា។	ទំនប់ ទឹក ត្រូវ បាន ត្រួត ពិនិត្យ ជា ប្រចាំ ក្នុង រដូវវស្សា ។	41	50	រដូវវស្សា	រដូវវស្សា	រដូវ វស្សា	none	none	[["រដូវ","វស្សា"]]	[{"tokens":["រដូវវស្សា"],"cost":4.74444},{"tokens":["រដូវ","វស្សា"],"cost":7.903419}]	[[{"word":"រដូវវស្សា","rac_status":"exact_headword"}],[{"word":"រដូវ","rac_status":"exact_headword"},{"word":"វស្សា","rac_status":"exact_headword"}]]	3.158979	contextual	model	approved	Choose model, alternative_1..3, or uncertain.
amb-0064	nfp-060	test	News and formal prose	លទ្ធផលបឋមនឹងត្រូវប្រកាសបន្ទាប់ពីការរាប់សន្លឹកឆ្នោត។	លទ្ធផល បឋម នឹង ត្រូវ ប្រកាស បន្ទាប់ ពី ការ រាប់ សន្លឹកឆ្នោត ។	39	50	សន្លឹកឆ្នោត	សន្លឹកឆ្នោត	សន្លឹក ឆ្នោត	none	none	[["សន្លឹក","ឆ្នោត"]]	[{"tokens":["សន្លឹកឆ្នោត"],"cost":5.24959},{"tokens":["សន្លឹក","ឆ្នោត"],"cost":8.692999}]	[[{"word":"សន្លឹកឆ្នោត","rac_status":"exact_headword"}],[{"word":"សន្លឹក","rac_status":"exact_headword"},{"word":"ឆ្នោត","rac_status":"exact_headword"}]]	3.44341	contextual	model	approved	Choose model, alternative_1..3, or uncertain.
amb-0065	con-001	dev	Conversational text	សួស្តីអ្នកសុខសប្បាយទេ?	សួស្តី អ្នក សុខសប្បាយ ទេ ?	10	19	សុខសប្បាយ	សុខសប្បាយ	សុខ សប្បាយ	none	none	[["សុខ","សប្បាយ"]]	[{"tokens":["សុខសប្បាយ"],"cost":4.258364},{"tokens":["សុខ","សប្បាយ"],"cost":6.934816}]	[[{"word":"សុខសប្បាយ","rac_status":"exact_headword"}],[{"word":"សុខ","rac_status":"exact_headword"},{"word":"សប្បាយ","rac_status":"exact_headword"}]]	2.676453	contextual	model	approved	Choose model, alternative_1..3, or uncertain.
amb-0066	con-002	dev	Conversational text	ខ្ញុំសុខសប្បាយទេអរគុណចុះអ្នកវិញ?	ខ្ញុំ សុខសប្បាយ ទេ អរគុណ ចុះ អ្នក វិញ ?	5	14	សុខសប្បាយ	សុខសប្បាយ	សុខ សប្បាយ	none	none	[["សុខ","សប្បាយ"]]	[{"tokens":["សុខសប្បាយ"],"cost":4.258364},{"tokens":["សុខ","សប្បាយ"],"cost":6.934816}]	[[{"word":"សុខសប្បាយ","rac_status":"exact_headword"}],[{"word":"សុខ","rac_status":"exact_headword"},{"word":"សប្បាយ","rac_status":"exact_headword"}]]	2.676453	contextual	model	approved	Choose model, alternative_1..3, or uncertain.
amb-0067	con-002	dev	Conversational text	ខ្ញុំសុខសប្បាយទេអរគុណចុះអ្នកវិញ?	ខ្ញុំ សុខសប្បាយ ទេ អរគុណ ចុះ អ្នក វិញ ?	16	21	អរគុណ	អរគុណ	អរ គុណ	none	none	[["អរ","គុណ"]]	[{"tokens":["អរគុណ"],"cost":5.170408},{"tokens":["អរ","គុណ"],"cost":7.725832}]	[[{"word":"អរគុណ","rac_status":"exact_headword"}],[{"word":"អរ","rac_status":"exact_headword"},{"word":"គុណ","rac_status":"exact_headword"}]]	2.555423	contextual	model	approved	Choose model, alternative_1..3, or uncertain.
amb-0068	con-004	dev	Conversational text	ខ្ញុំចង់ទៅផ្សារជាមួយម្តាយ។	ខ្ញុំ ចង់ ទៅ ផ្សារ ជាមួយ ម្តាយ ។	15	20	ជាមួយ	ជាមួយ	ជា មួយ	none	none	[["ជា","មួយ"]]	[{"tokens":["ជាមួយ"],"cost":3.208197},{"tokens":["ជា","មួយ"],"cost":3.946086}]	[[{"word":"ជាមួយ","rac_status":"exact_headword"}],[{"word":"ជា","rac_status":"exact_headword"},{"word":"មួយ","rac_status":"exact_headword"}]]	0.737889	high	model	approved	Choose model, alternative_1..3, or uncertain.
amb-0069	con-008	dev	Conversational text	សូមជួយបិទទ្វារឱ្យខ្ញុំផង។	សូម ជួយ បិទទ្វារ ឱ្យ ខ្ញុំ ផង ។	6	14	បិទទ្វារ	បិទទ្វារ	បិទ ទ្វារ	none	none	[["បិទ","ទ្វារ"]]	[{"tokens":["បិទទ្វារ"],"cost":5.103462},{"tokens":["បិទ","ទ្វារ"],"cost":7.207278}]	[[{"word":"បិទទ្វារ","rac_status":"exact_headword"}],[{"word":"បិទ","rac_status":"exact_headword"},{"word":"ទ្វារ","rac_status":"exact_headword"}]]	2.103816	contextual	alternative_1	approved	Choose model, alternative_1..3, or uncertain.
amb-0070	con-011	dev	Conversational text	ខ្ញុំមិនទាន់ធ្វើកិច្ចការនោះចប់ទេ។	ខ្ញុំ មិន ទាន់ ធ្វើ កិច្ចការ នោះ ចប់ ទេ ។	16	24	កិច្ចការ	កិច្ចការ	កិច្ច ការ	none	none	[["កិច្ច","ការ"]]	[{"tokens":["កិច្ចការ"],"cost":3.291504},{"tokens":["កិច្ច","ការ"],"cost":5.60898}]	[[{"word":"កិច្ចការ","rac_status":"exact_headword"}],[{"word":"កិច្ច","rac_status":"exact_headword"},{"word":"ការ","rac_status":"exact_headword"}]]	2.317476	contextual	model	approved	Choose model, alternative_1..3, or uncertain.
amb-0071	con-013	dev	Conversational text	ហេតុអ្វីអ្នកមកយឺតម្ល៉េះ?	ហេតុអ្វី អ្នក មក យឺត ម្ល៉េះ ?	0	8	ហេតុអ្វី	ហេតុអ្វី	ហេតុ អ្វី	none	none	[["ហេតុ","អ្វី"]]	[{"tokens":["ហេតុអ្វី"],"cost":4.693287},{"tokens":["ហេតុ","អ្វី"],"cost":6.296669}]	[[{"word":"ហេតុអ្វី","rac_status":"exact_headword"}],[{"word":"ហេតុ","rac_status":"exact_headword"},{"word":"អ្វី","rac_status":"exact_headword"}]]	1.603382	medium	model	approved	Choose model, alternative_1..3, or uncertain.
amb-0072	con-015	dev	Conversational text	តោះយើងទៅផឹកកាហ្វេជាមួយគ្នា។	តោះ យើង ទៅ ផឹក កាហ្វេ ជាមួយ គ្នា ។	17	22	ជាមួយ	ជាមួយ	ជា មួយ	none	none	[["ជា","មួយ"]]	[{"tokens":["ជាមួយ"],"cost":3.208197},{"tokens":["ជា","មួយ"],"cost":3.946086}]	[[{"word":"ជាមួយ","rac_status":"exact_headword"}],[{"word":"ជា","rac_status":"exact_headword"},{"word":"មួយ","rac_status":"exact_headword"}]]	0.737889	high	model	approved	Choose model, alternative_1..3, or uncertain.
amb-0073	con-021	dev	Conversational text	អ្នកចូលចិត្តស្តាប់តន្ត្រីប្រភេទណា?	អ្នក ចូលចិត្ត ស្តាប់ តន្ត្រី ប្រភេទ ណា ?	4	12	ចូលចិត្ត	ចូលចិត្ត	ចូល ចិត្ត	none	none	[["ចូល","ចិត្ត"]]	[{"tokens":["ចូលចិត្ត"],"cost":3.915136},{"tokens":["ចូល","ចិត្ត"],"cost":5.388697}]	[[{"word":"ចូលចិត្ត","rac_status":"exact_headword"}],[{"word":"ចូល","rac_status":"exact_headword"},{"word":"ចិត្ត","rac_status":"exact_headword"}]]	1.473561	medium	model	approved	Choose model, alternative_1..3, or uncertain.
amb-0074	con-022	dev	Conversational text	ខ្ញុំចូលចិត្តបទចម្រៀងខ្មែរបុរាណ។	ខ្ញុំ ចូលចិត្ត បទចម្រៀង ខ្មែរ បុរាណ ។	5	13	ចូលចិត្ត	ចូលចិត្ត	ចូល ចិត្ត	none	none	[["ចូល","ចិត្ត"]]	[{"tokens":["ចូលចិត្ត"],"cost":3.915136},{"tokens":["ចូល","ចិត្ត"],"cost":5.388697}]	[[{"word":"ចូលចិត្ត","rac_status":"exact_headword"}],[{"word":"ចូល","rac_status":"exact_headword"},{"word":"ចិត្ត","rac_status":"exact_headword"}]]	1.473561	medium	model	approved	Choose model, alternative_1..3, or uncertain.
amb-0075	con-022	dev	Conversational text	ខ្ញុំចូលចិត្តបទចម្រៀងខ្មែរបុរាណ។	ខ្ញុំ ចូលចិត្ត បទចម្រៀង ខ្មែរ បុរាណ ។	13	21	បទចម្រៀង	បទចម្រៀង	បទ ចម្រៀង	none	none	[["បទ","ចម្រៀង"]]	[{"tokens":["បទចម្រៀង"],"cost":4.907167},{"tokens":["បទ","ចម្រៀង"],"cost":7.667796}]	[[{"word":"បទចម្រៀង","rac_status":"exact_headword"}],[{"word":"បទ","rac_status":"exact_headword"},{"word":"ចម្រៀង","rac_status":"exact_headword"}]]	2.760629	contextual	model	approved	Choose model, alternative_1..3, or uncertain.
amb-0076	con-024	dev	Conversational text	អរគុណដែលបានជួយខ្ញុំកាលពីម្សិលមិញ។	អរគុណ ដែល បាន ជួយ ខ្ញុំ កាល ពី ម្សិលមិញ ។	0	5	អរគុណ	អរគុណ	អរ គុណ	none	none	[["អរ","គុណ"]]	[{"tokens":["អរគុណ"],"cost":5.170408},{"tokens":["អរ","គុណ"],"cost":7.725832}]	[[{"word":"អរគុណ","rac_status":"exact_headword"}],[{"word":"អរ","rac_status":"exact_headword"},{"word":"គុណ","rac_status":"exact_headword"}]]	2.555423	contextual	model	approved	Choose model, alternative_1..3, or uncertain.
amb-0077	con-028	test	Conversational text	បងអាចប្រាប់ផ្លូវទៅមន្ទីរពេទ្យបានទេ?	បង អាច ប្រាប់ផ្លូវ ទៅ មន្ទីរ ពេទ្យ បាន ទេ ?	5	16	ប្រាប់ផ្លូវ	ប្រាប់ផ្លូវ	ប្រាប់ ផ្លូវ	none	none	[["ប្រាប់","ផ្លូវ"]]	[{"tokens":["ប្រាប់ផ្លូវ"],"cost":5.24959},{"tokens":["ប្រាប់","ផ្លូវ"],"cost":6.15242}]	[[{"word":"ប្រាប់ផ្លូវ","rac_status":"exact_headword"}],[{"word":"ប្រាប់","rac_status":"exact_headword"},{"word":"ផ្លូវ","rac_status":"exact_headword"}]]	0.90283	high	alternative_1	approved	Choose model, alternative_1..3, or uncertain.
amb-0078	con-029	test	Conversational text	ដើរត្រង់ទៅរួចបត់ឆ្វេងនៅស្តុប។	ដើរ ត្រង់ ទៅ រួច បត់ឆ្វេង នៅ ស្តុ ប ។	13	21	បត់ឆ្វេង	បត់ឆ្វេង	បត់ ឆ្វេង	none	none	[["បត់","ឆ្វេង"]]	[{"tokens":["បត់ឆ្វេង"],"cost":5.24959},{"tokens":["បត់","ឆ្វេង"],"cost":7.795372}]	[[{"word":"បត់ឆ្វេង","rac_status":"exact_headword"}],[{"word":"បត់","rac_status":"exact_headword"},{"word":"ឆ្វេង","rac_status":"exact_headword"}]]	2.545783	contextual	alternative_1	approved	Choose model, alternative_1..3, or uncertain.
amb-0079	con-030	test	Conversational text	អ្នកណាជាអ្នកផ្ញើសារនេះមក?	អ្នក ណា ជា អ្នក ផ្ញើសារ នេះ មក ?	12	19	ផ្ញើសារ	ផ្ញើសារ	ផ្ញើ សារ	none	none	[["ផ្ញើ","សារ"]]	[{"tokens":["ផ្ញើសារ"],"cost":5.24959},{"tokens":["ផ្ញើ","សារ"],"cost":8.437727}]	[[{"word":"ផ្ញើសារ","rac_status":"exact_headword"}],[{"word":"ផ្ញើ","rac_status":"exact_headword"},{"word":"សារ","rac_status":"exact_headword"}]]	3.188137	contextual	alternative_1	approved	Choose model, alternative_1..3, or uncertain.
amb-0080	con-032	test	Conversational text	ចុងសប្តាហ៍នេះយើងទៅលេងស្រុកបានទេ?	ចុងសប្តាហ៍ នេះ យើង ទៅ លេង ស្រុក បាន ទេ ?	0	10	ចុងសប្តាហ៍	ចុងសប្តាហ៍	ចុង សប្តាហ៍	none	none	[["ចុង","សប្តាហ៍"]]	[{"tokens":["ចុងសប្តាហ៍"],"cost":5.24959},{"tokens":["ចុង","សប្តាហ៍"],"cost":7.740934}]	[[{"word":"ចុងសប្តាហ៍","rac_status":"generated_visual_alias"}],[{"word":"ចុង","rac_status":"exact_headword"},{"word":"សប្តាហ៍","rac_status":"generated_visual_alias"}]]	2.491344	contextual	model	approved	Choose model, alternative_1..3, or uncertain.
amb-0081	con-033	test	Conversational text	ប្រហែលជាខ្ញុំត្រូវធ្វើការនៅថ្ងៃសៅរ៍។	ប្រហែល ជា ខ្ញុំ ត្រូវ ធ្វើការ នៅ ថ្ងៃ សៅរ៍ ។	18	25	ធ្វើការ	ធ្វើការ	ធ្វើ ការ	none	none	[["ធ្វើ","ការ"]]	[{"tokens":["ធ្វើការ"],"cost":2.902455},{"tokens":["ធ្វើ","ការ"],"cost":4.185434}]	[[{"word":"ធ្វើការ","rac_status":"exact_headword"}],[{"word":"ធ្វើ","rac_status":"exact_headword"},{"word":"ការ","rac_status":"exact_headword"}]]	1.282979	medium	model	approved	Choose model, alternative_1..3, or uncertain.
amb-0082	con-037	test	Conversational text	តើអ្នកឃើញកូនសោរបស់ខ្ញុំទេ?	តើ អ្នក ឃើញ កូនសោ របស់ ខ្ញុំ ទេ ?	9	14	កូនសោ	កូនសោ	កូន សោ	none	none	[["កូន","សោ"]]	[{"tokens":["កូនសោ"],"cost":5.103462},{"tokens":["កូន","សោ"],"cost":7.207917}]	[[{"word":"កូនសោ","rac_status":"exact_headword"}],[{"word":"កូន","rac_status":"exact_headword"},{"word":"សោ","rac_status":"exact_headword"}]]	2.104455	contextual	model	approved	Choose model, alternative_1..3, or uncertain.
amb-0083	con-040	test	Conversational text	ជួបគ្នាថ្ងៃក្រោយសូមធ្វើដំណើរដោយសុវត្ថិភាព។	ជួប គ្នា ថ្ងៃក្រោយ សូម ធ្វើ ដំណើរ ដោយ សុវត្ថិភាព ។	7	16	ថ្ងៃក្រោយ	ថ្ងៃក្រោយ	ថ្ងៃ ក្រោយ	none	none	[["ថ្ងៃ","ក្រោយ"]]	[{"tokens":["ថ្ងៃក្រោយ"],"cost":4.772468},{"tokens":["ថ្ងៃ","ក្រោយ"],"cost":6.210467}]	[[{"word":"ថ្ងៃក្រោយ","rac_status":"exact_headword"}],[{"word":"ថ្ងៃ","rac_status":"exact_headword"},{"word":"ក្រោយ","rac_status":"exact_headword"}]]	1.437999	medium	model	approved	Choose model, alternative_1..3, or uncertain.
amb-0084	con-040	test	Conversational text	ជួបគ្នាថ្ងៃក្រោយសូមធ្វើដំណើរដោយសុវត្ថិភាព។	ជួប គ្នា ថ្ងៃក្រោយ សូម ធ្វើ ដំណើរ ដោយ សុវត្ថិភាព ។	31	41	សុវត្ថិភាព	សុវត្ថិភាព	សុវត្ថិ ភាព	none	none	[["សុវត្ថិ","ភាព"]]	[{"tokens":["សុវត្ថិភាព"],"cost":4.471438},{"tokens":["សុវត្ថិ","ភាព"],"cost":7.699811}]	[[{"word":"សុវត្ថិភាព","rac_status":"exact_headword"}],[{"word":"សុវត្ថិ","rac_status":"exact_headword"},{"word":"ភាព","rac_status":"exact_headword"}]]	3.228373	contextual	model	approved	Choose model, alternative_1..3, or uncertain.
amb-0085	pad-001	dev	Public administration	សូមភ្ជាប់ច្បាប់ចម្លងអត្តសញ្ញាណប័ណ្ណជាមួយពាក្យស្នើសុំ។	សូម ភ្ជាប់ ច្បាប់ ចម្លង អត្តសញ្ញាណប័ណ្ណ ជាមួយ ពាក្យ ស្នើ សុំ ។	35	40	ជាមួយ	ជាមួយ	ជា មួយ	none	none	[["ជា","មួយ"]]	[{"tokens":["ជាមួយ"],"cost":3.208197},{"tokens":["ជា","មួយ"],"cost":3.946086}]	[[{"word":"ជាមួយ","rac_status":"exact_headword"}],[{"word":"ជា","rac_status":"exact_headword"},{"word":"មួយ","rac_status":"exact_headword"}]]	0.737889	high	model	approved	Choose model, alternative_1..3, or uncertain.
amb-0086	pad-002	dev	Public administration	ប្រជាពលរដ្ឋអាចដាក់ពាក្យតាមប្រព័ន្ធអនឡាញ។	ប្រជាពលរដ្ឋ អាច ដាក់ពាក្យ តាម ប្រព័ន្ធ អនឡាញ ។	14	23	ដាក់ពាក្យ	ដាក់ពាក្យ	ដាក់ ពាក្យ	none	none	[["ដាក់","ពាក្យ"]]	[{"tokens":["ដាក់ពាក្យ"],"cost":4.64753},{"tokens":["ដាក់","ពាក្យ"],"cost":5.085911}]	[[{"word":"ដាក់ពាក្យ","rac_status":"exact_headword"}],[{"word":"ដាក់","rac_status":"exact_headword"},{"word":"ពាក្យ","rac_status":"exact_headword"}]]	0.438382	high	model	approved	Choose model, alternative_1..3, or uncertain.
amb-0087	pad-003	dev	Public administration	ការិយាល័យបើកបម្រើពីម៉ោងប្រាំបីព្រឹកដល់ម៉ោងប្រាំល្ងាច។	ការិយាល័យ បើក បម្រើ ពី ម៉ោង ប្រាំបី ព្រឹក ដល់ ម៉ោង ប្រាំ ល្ងាច ។	23	30	ប្រាំបី	ប្រាំបី	ប្រាំ បី	none	none	[["ប្រាំ","បី"]]	[{"tokens":["ប្រាំបី"],"cost":4.240989},{"tokens":["ប្រាំ","បី"],"cost":7.034821}]	[[{"word":"ប្រាំបី","rac_status":"exact_headword"}],[{"word":"ប្រាំ","rac_status":"exact_headword"},{"word":"បី","rac_status":"exact_headword"}]]	2.793831	contextual	model	approved	Choose model, alternative_1..3, or uncertain.
amb-0088	pad-004	dev	Public administration	អ្នកដាក់ពាក្យត្រូវបំពេញព័ត៌មានឱ្យបានត្រឹមត្រូវ។	អ្នក ដាក់ពាក្យ ត្រូវ បំពេញ ព័ត៌មាន ឱ្យ បាន ត្រឹមត្រូវ ។	4	13	ដាក់ពាក្យ	ដាក់ពាក្យ	ដាក់ ពាក្យ	none	none	[["ដាក់","ពាក្យ"]]	[{"tokens":["ដាក់ពាក្យ"],"cost":4.64753},{"tokens":["ដាក់","ពាក្យ"],"cost":5.085911}]	[[{"word":"ដាក់ពាក្យ","rac_status":"exact_headword"}],[{"word":"ដាក់","rac_status":"exact_headword"},{"word":"ពាក្យ","rac_status":"exact_headword"}]]	0.438382	high	model	approved	Choose model, alternative_1..3, or uncertain.
amb-0089	pad-004	dev	Public administration	អ្នកដាក់ពាក្យត្រូវបំពេញព័ត៌មានឱ្យបានត្រឹមត្រូវ។	អ្នក ដាក់ពាក្យ ត្រូវ បំពេញ ព័ត៌មាន ឱ្យ បាន ត្រឹមត្រូវ ។	36	46	ត្រឹមត្រូវ	ត្រឹមត្រូវ	ត្រឹម ត្រូវ	none	none	[["ត្រឹម","ត្រូវ"]]	[{"tokens":["ត្រឹមត្រូវ"],"cost":3.517196},{"tokens":["ត្រឹម","ត្រូវ"],"cost":6.09265}]	[[{"word":"ត្រឹមត្រូវ","rac_status":"exact_headword"}],[{"word":"ត្រឹម","rac_status":"exact_headword"},{"word":"ត្រូវ","rac_status":"exact_headword"}]]	2.575454	contextual	model	approved	Choose model, alternative_1..3, or uncertain.
amb-0090	pad-005	dev	Public administration	សេវានេះមិនតម្រូវឱ្យបង់កម្រៃទេ។	សេវា នេះ មិន តម្រូវ ឱ្យ បង់ កម្រៃ ទេ ។	0	4	សេវា	សេវា	សេ វា	none	none	[["សេ","វា"]]	[{"tokens":["សេវា"],"cost":3.94856},{"tokens":["សេ","វា"],"cost":7.122194}]	[[{"word":"សេវា","rac_status":"exact_headword"}],[{"word":"សេ","rac_status":"exact_headword"},{"word":"វា","rac_status":"exact_headword"}]]	3.173634	contextual	model	approved	Choose model, alternative_1..3, or uncertain.
amb-0091	pad-009	dev	Public administration	រដ្ឋបាលឃុំចេញលិខិតបញ្ជាក់ទីលំនៅជូនប្រជាពលរដ្ឋ។	រដ្ឋបាល ឃុំ ចេញ លិខិត បញ្ជាក់ ទីលំនៅ ជូន ប្រជាពលរដ្ឋ ។	25	31	ទីលំនៅ	ទីលំនៅ	ទី លំនៅ	none	none	[["ទី","លំនៅ"]]	[{"tokens":["ទីលំនៅ"],"cost":4.994317},{"tokens":["ទី","លំនៅ"],"cost":6.200281}]	[[{"word":"ទីលំនៅ","rac_status":"exact_headword"}],[{"word":"ទី","rac_status":"exact_headword"},{"word":"លំនៅ","rac_status":"exact_headword"}]]	1.205964	medium	model	approved	Choose model, alternative_1..3, or uncertain.
amb-0092	pad-010	dev	Public administration	ម្ចាស់អាជីវកម្មត្រូវស្នើសុំអាជ្ញាបណ្ណមុនបើកដំណើរការ។	ម្ចាស់ អាជីវកម្ម ត្រូវ ស្នើ សុំ អាជ្ញាបណ្ណ មុន បើក ដំណើរការ ។	43	51	ដំណើរការ	ដំណើរការ	ដំណើរ ការ	none	none	[["ដំណើរ","ការ"]]	[{"tokens":["ដំណើរការ"],"cost":3.939959},{"tokens":["ដំណើរ","ការ"],"cost":4.625424}]	[[{"word":"ដំណើរការ","rac_status":"exact_headword"}],[{"word":"ដំណើរ","rac_status":"exact_headword"},{"word":"ការ","rac_status":"exact_headword"}]]	0.685465	high	model	approved	Choose model, alternative_1..3, or uncertain.
amb-0093	pad-011	dev	Public administration	បណ្ណបើកបរនឹងផុតសុពលភាពនៅចុងខែនេះ។	បណ្ណបើកបរ នឹង ផុត សុពលភាព នៅ ចុងខែ នេះ ។	24	29	ចុងខែ	ចុងខែ	ចុង ខែ	none	none	[["ចុង","ខែ"]]	[{"tokens":["ចុងខែ"],"cost":5.24959},{"tokens":["ចុង","ខែ"],"cost":6.294422}]	[[{"word":"ចុងខែ","rac_status":"exact_headword"}],[{"word":"ចុង","rac_status":"exact_headword"},{"word":"ខែ","rac_status":"exact_headword"}]]	1.044833	medium	model	approved	Choose model, alternative_1..3, or uncertain.
amb-0094	pad-012	dev	Public administration	សេចក្តីសម្រេចនេះចូលជាធរមានចាប់ពីថ្ងៃចុះហត្ថលេខា។	សេចក្តីសម្រេច នេះ ចូល ជា ធរមាន ចាប់ ពី ថ្ងៃ ចុះ ហត្ថលេខា ។	0	13	សេចក្តីសម្រេច	សេចក្តីសម្រេច	សេចក្តី សម្រេច	none	none	[["សេចក្តី","សម្រេច"]]	[{"tokens":["សេចក្តីសម្រេច"],"cost":4.3465},{"tokens":["សេចក្តី","សម្រេច"],"cost":5.789955}]	[[{"word":"សេចក្តីសម្រេច","rac_status":"generated_visual_alias"}],[{"word":"សេចក្តី","rac_status":"generated_visual_alias"},{"word":"សម្រេច","rac_status":"exact_headword"}]]	1.443455	medium	alternative_1	approved	Choose model, alternative_1..3, or uncertain.
amb-0095	pad-013	dev	Public administration	អង្គភាពបានបង្កើតក្រុមការងារដើម្បីពិនិត្យបណ្តឹង។	អង្គភាព បាន បង្កើត ក្រុម ការងារ ដើម្បី ពិនិត្យ បណ្តឹង ។	0	7	អង្គភាព	អង្គភាព	អង្គ ភាព	none	none	[["អង្គ","ភាព"]]	[{"tokens":["អង្គភាព"],"cost":4.315091},{"tokens":["អង្គ","ភាព"],"cost":6.531407}]	[[{"word":"អង្គភាព","rac_status":"exact_headword"}],[{"word":"អង្គ","rac_status":"exact_headword"},{"word":"ភាព","rac_status":"exact_headword"}]]	2.216316	contextual	model	approved	Choose model, alternative_1..3, or uncertain.
amb-0096	pad-013	dev	Public administration	អង្គភាពបានបង្កើតក្រុមការងារដើម្បីពិនិត្យបណ្តឹង។	អង្គភាព បាន បង្កើត ក្រុម ការងារ ដើម្បី ពិនិត្យ បណ្តឹង ។	21	27	ការងារ	ការងារ	ការ ងារ	none	none	[["ការ","ងារ"]]	[{"tokens":["ការងារ"],"cost":3.357495},{"tokens":["ការ","ងារ"],"cost":6.002954}]	[[{"word":"ការងារ","rac_status":"exact_headword"}],[{"word":"ការ","rac_status":"exact_headword"},{"word":"ងារ","rac_status":"exact_headword"}]]	2.645459	contextual	model	approved	Choose model, alternative_1..3, or uncertain.
amb-0097	pad-014	dev	Public administration	សាធារណជនអាចស្នើសុំព័ត៌មានតាមរយៈលិខិតផ្លូវការ។	សាធារណជន អាច ស្នើ សុំ ព័ត៌មាន តាមរយៈ លិខិត ផ្លូវ ការ ។	25	31	តាមរយៈ	តាមរយៈ	តាម រយៈ	none	none	[["តាម","រយៈ"]]	[{"tokens":["តាមរយៈ"],"cost":3.811839},{"tokens":["តាម","រយៈ"],"cost":5.995413}]	[[{"word":"តាមរយៈ","rac_status":"exact_headword"}],[{"word":"តាម","rac_status":"exact_headword"},{"word":"រយៈ","rac_status":"exact_headword"}]]	2.183573	contextual	model	approved	Choose model, alternative_1..3, or uncertain.
amb-0098	pad-015	dev	Public administration	មន្ទីរនឹងរៀបចំកិច្ចប្រជុំជាមួយតំណាងសហគមន៍។	មន្ទីរ នឹង រៀបចំ កិច្ច ប្រជុំ ជាមួយ តំណាង សហគមន៍ ។	25	30	ជាមួយ	ជាមួយ	ជា មួយ	none	none	[["ជា","មួយ"]]	[{"tokens":["ជាមួយ"],"cost":3.208197},{"tokens":["ជា","មួយ"],"cost":3.946086}]	[[{"word":"ជាមួយ","rac_status":"exact_headword"}],[{"word":"ជា","rac_status":"exact_headword"},{"word":"មួយ","rac_status":"exact_headword"}]]	0.737889	high	model	approved	Choose model, alternative_1..3, or uncertain.
amb-0099	pad-016	dev	Public administration	អ្នកទទួលផលត្រូវចុះឈ្មោះក្នុងបញ្ជីគ្រួសារក្រីក្រ។	អ្នក ទទួលផល ត្រូវ ចុះ ឈ្មោះ ក្នុង បញ្ជី គ្រួសារ ក្រី ក្រ ។	4	10	ទទួលផល	ទទួលផល	ទទួល ផល	none	none	[["ទទួល","ផល"]]	[{"tokens":["ទទួលផល"],"cost":4.907167},{"tokens":["ទទួល","ផល"],"cost":6.393209}]	[[{"word":"ទទួលផល","rac_status":"exact_headword"}],[{"word":"ទទួល","rac_status":"exact_headword"},{"word":"ផល","rac_status":"exact_headword"}]]	1.486042	medium	alternative_1	approved	Choose model, alternative_1..3, or uncertain.
amb-0100	pad-017	dev	Public administration	ថវិកាគម្រោងត្រូវបានអនុម័តសម្រាប់ឆ្នាំសារពើពន្ធថ្មី។	ថវិកា គម្រោង ត្រូវ បាន អនុម័ត សម្រាប់ ឆ្នាំសារពើពន្ធ ថ្មី ។	32	46	ឆ្នាំសារពើពន្ធ	ឆ្នាំសារពើពន្ធ	ឆ្នាំ សារពើពន្ធ	none	none	[["ឆ្នាំ","សារពើពន្ធ"]]	[{"tokens":["ឆ្នាំសារពើពន្ធ"],"cost":5.24959},{"tokens":["ឆ្នាំ","សារពើពន្ធ"],"cost":8.278026}]	[[{"word":"ឆ្នាំសារពើពន្ធ","rac_status":"exact_headword"}],[{"word":"ឆ្នាំ","rac_status":"exact_headword"},{"word":"សារពើពន្ធ","rac_status":"exact_headword"}]]	3.028436	contextual	model	approved	Choose model, alternative_1..3, or uncertain.
amb-0101	pad-018	dev	Public administration	មន្ត្រីរាជការត្រូវគោរពក្រមសីលធម៌វិជ្ជាជីវៈ។	មន្ត្រី រាជការ ត្រូវ គោរព ក្រមសីលធម៌ វិជ្ជាជីវៈ ។	7	13	រាជការ	រាជការ	រាជ ការ	none	none	[["រាជ","ការ"]]	[{"tokens":["រាជការ"],"cost":3.517196},{"tokens":["រាជ","ការ"],"cost":5.765593}]	[[{"word":"រាជការ","rac_status":"exact_headword"}],[{"word":"រាជ","rac_status":"exact_headword"},{"word":"ការ","rac_status":"exact_headword"}]]	2.248397	contextual	model	approved	Choose model, alternative_1..3, or uncertain.
amb-0102	pad-019	dev	Public administration	សូមអញ្ជើញម្ចាស់ដីចូលរួមវាស់វែងព្រំប្រទល់។	សូម អញ្ជើញ ម្ចាស់ ដី ចូលរួម វាស់វែង ព្រំ ប្រទល់ ។	17	23	ចូលរួម	ចូលរួម	ចូល រួម	none	none	[["ចូល","រួម"]]	[{"tokens":["ចូលរួម"],"cost":3.94856},{"tokens":["ចូល","រួម"],"cost":6.134397}]	[[{"word":"ចូលរួម","rac_status":"exact_headword"}],[{"word":"ចូល","rac_status":"exact_headword"},{"word":"រួម","rac_status":"exact_headword"}]]	2.185838	contextual	model	approved	Choose model, alternative_1..3, or uncertain.
amb-0103	pad-019	dev	Public administration	សូមអញ្ជើញម្ចាស់ដីចូលរួមវាស់វែងព្រំប្រទល់។	សូម អញ្ជើញ ម្ចាស់ ដី ចូលរួម វាស់វែង ព្រំ ប្រទល់ ។	23	30	វាស់វែង	វាស់វែង	វាស់ វែង	none	none	[["វាស់","វែង"]]	[{"tokens":["វាស់វែង"],"cost":4.94856},{"tokens":["វាស់","វែង"],"cost":7.3507}]	[[{"word":"វាស់វែង","rac_status":"exact_headword"}],[{"word":"វាស់","rac_status":"exact_headword"},{"word":"វែង","rac_status":"exact_headword"}]]	2.40214	contextual	model	approved	Choose model, alternative_1..3, or uncertain.
amb-0104	pad-020	dev	Public administration	គណៈកម្មការនឹងទទួលមតិយោបល់រហូតដល់ចុងខែ។	គណៈកម្មការ នឹង ទទួល មតិ យោបល់ រហូត ដល់ ចុងខែ ។	32	37	ចុងខែ	ចុងខែ	ចុង ខែ	none	none	[["ចុង","ខែ"]]	[{"tokens":["ចុងខែ"],"cost":5.24959},{"tokens":["ចុង","ខែ"],"cost":6.294422}]	[[{"word":"ចុងខែ","rac_status":"exact_headword"}],[{"word":"ចុង","rac_status":"exact_headword"},{"word":"ខែ","rac_status":"exact_headword"}]]	1.044833	medium	model	approved	Choose model, alternative_1..3, or uncertain.
amb-0105	pad-021	dev	Public administration	ពន្ធលើអចលនទ្រព្យអាចបង់តាមធនាគារដៃគូ។	ពន្ធ លើ អចលនទ្រព្យ អាច បង់ តាម ធនាគារ ដៃគូ ។	31	35	ដៃគូ	ដៃគូ	ដៃ គូ	none	none	[["ដៃ","គូ"]]	[{"tokens":["ដៃគូ"],"cost":5.24959},{"tokens":["ដៃ","គូ"],"cost":6.343178}]	[[{"word":"ដៃគូ","rac_status":"exact_headword"}],[{"word":"ដៃ","rac_status":"exact_headword"},{"word":"គូ","rac_status":"exact_headword"}]]	1.093588	medium	model	approved	Choose model, alternative_1..3, or uncertain.
amb-0106	pad-022	dev	Public administration	អ្នកបាត់អត្តសញ្ញាណប័ណ្ណត្រូវដាក់ពាក្យស្នើសុំធ្វើថ្មី។	អ្នក បាត់ អត្តសញ្ញាណប័ណ្ណ ត្រូវ ដាក់ពាក្យ ស្នើ សុំ ធ្វើ ថ្មី ។	28	37	ដាក់ពាក្យ	ដាក់ពាក្យ	ដាក់ ពាក្យ	none	none	[["ដាក់","ពាក្យ"]]	[{"tokens":["ដាក់ពាក្យ"],"cost":4.64753},{"tokens":["ដាក់","ពាក្យ"],"cost":5.085911}]	[[{"word":"ដាក់ពាក្យ","rac_status":"exact_headword"}],[{"word":"ដាក់","rac_status":"exact_headword"},{"word":"ពាក្យ","rac_status":"exact_headword"}]]	0.438382	high	model	approved	Choose model, alternative_1..3, or uncertain.
amb-0107	pad-023	dev	Public administration	លិខិតអនុញ្ញាតសាងសង់មានសុពលភាពមួយឆ្នាំ។	លិខិត អនុញ្ញាត សាងសង់ មាន សុពលភាព មួយ ឆ្នាំ ។	13	19	សាងសង់	សាងសង់	សាង សង់	none	none	[["សាង","សង់"]]	[{"tokens":["សាងសង់"],"cost":4.64753},{"tokens":["សាង","សង់"],"cost":8.121655}]	[[{"word":"សាងសង់","rac_status":"exact_headword"}],[{"word":"សាង","rac_status":"exact_headword"},{"word":"សង់","rac_status":"exact_headword"}]]	3.474125	contextual	model	approved	Choose model, alternative_1..3, or uncertain.
amb-0108	pad-024	dev	Public administration	សេវាច្រកចេញចូលតែមួយជួយកាត់បន្ថយពេលវេលារង់ចាំ។	សេវា ច្រក ចេញចូល តែ មួយ ជួយ កាត់ បន្ថយ ពេល វេលា រង់ ចាំ ។	0	4	សេវា	សេវា	សេ វា	none	none	[["សេ","វា"]]	[{"tokens":["សេវា"],"cost":3.94856},{"tokens":["សេ","វា"],"cost":7.122194}]	[[{"word":"សេវា","rac_status":"exact_headword"}],[{"word":"សេ","rac_status":"exact_headword"},{"word":"វា","rac_status":"exact_headword"}]]	3.173634	contextual	model	approved	Choose model, alternative_1..3, or uncertain.
amb-0109	pad-024	dev	Public administration	សេវាច្រកចេញចូលតែមួយជួយកាត់បន្ថយពេលវេលារង់ចាំ។	សេវា ច្រក ចេញចូល តែ មួយ ជួយ កាត់ បន្ថយ ពេល វេលា រង់ ចាំ ។	8	14	ចេញចូល	ចេញចូល	ចេញ ចូល	none	none	[["ចេញ","ចូល"]]	[{"tokens":["ចេញចូល"],"cost":4.116051},{"tokens":["ចេញ","ចូល"],"cost":5.454064}]	[[{"word":"ចេញចូល","rac_status":"exact_headword"}],[{"word":"ចេញ","rac_status":"exact_headword"},{"word":"ចូល","rac_status":"exact_headword"}]]	1.338013	medium	model	approved	Choose model, alternative_1..3, or uncertain.
amb-0110	pad-025	dev	Public administration	កំណត់ហេតុប្រជុំត្រូវផ្ញើជូនសមាជិកទាំងអស់។	កំណត់ហេតុ ប្រជុំ ត្រូវ ផ្ញើ ជូន សមាជិក ទាំងអស់ ។	0	9	កំណត់ហេតុ	កំណត់ហេតុ	កំណត់ ហេតុ	none	none	[["កំណត់","ហេតុ"]]	[{"tokens":["កំណត់ហេតុ"],"cost":5.04547},{"tokens":["កំណត់","ហេតុ"],"cost":6.492505}]	[[{"word":"កំណត់ហេតុ","rac_status":"exact_headword"}],[{"word":"កំណត់","rac_status":"exact_headword"},{"word":"ហេតុ","rac_status":"exact_headword"}]]	1.447035	medium	model	approved	Choose model, alternative_1..3, or uncertain.
amb-0111	pad-025	dev	Public administration	កំណត់ហេតុប្រជុំត្រូវផ្ញើជូនសមាជិកទាំងអស់។	កំណត់ហេតុ ប្រជុំ ត្រូវ ផ្ញើ ជូន សមាជិក ទាំងអស់ ។	33	40	ទាំងអស់	ទាំងអស់	ទាំង អស់	none	none	[["ទាំង","អស់"]]	[{"tokens":["ទាំងអស់"],"cost":3.398331},{"tokens":["ទាំង","អស់"],"cost":5.618834}]	[[{"word":"ទាំងអស់","rac_status":"exact_headword"}],[{"word":"ទាំង","rac_status":"exact_headword"},{"word":"អស់","rac_status":"exact_headword"}]]	2.220503	contextual	model	approved	Choose model, alternative_1..3, or uncertain.
amb-0112	pad-026	dev	Public administration	ក្រសួងបានចាត់តាំងមន្ត្រីឱ្យចុះត្រួតពិនិត្យទីតាំង។	ក្រសួង បាន ចាត់តាំង មន្ត្រី ឱ្យ ចុះ ត្រួត ពិនិត្យ ទីតាំង ។	9	17	ចាត់តាំង	ចាត់តាំង	ចាត់ តាំង	none	none	[["ចាត់","តាំង"]]	[{"tokens":["ចាត់តាំង"],"cost":4.869378},{"tokens":["ចាត់","តាំង"],"cost":7.36218}]	[[{"word":"ចាត់តាំង","rac_status":"exact_headword"}],[{"word":"ចាត់","rac_status":"exact_headword"},{"word":"តាំង","rac_status":"exact_headword"}]]	2.492801	contextual	model	approved	Choose model, alternative_1..3, or uncertain.
amb-0113	pad-026	dev	Public administration	ក្រសួងបានចាត់តាំងមន្ត្រីឱ្យចុះត្រួតពិនិត្យទីតាំង។	ក្រសួង បាន ចាត់តាំង មន្ត្រី ឱ្យ ចុះ ត្រួត ពិនិត្យ ទីតាំង ។	42	48	ទីតាំង	ទីតាំង	ទី តាំង	none	none	[["ទី","តាំង"]]	[{"tokens":["ទីតាំង"],"cost":3.848189},{"tokens":["ទី","តាំង"],"cost":5.960072}]	[[{"word":"ទីតាំង","rac_status":"exact_headword"}],[{"word":"ទី","rac_status":"exact_headword"},{"word":"តាំង","rac_status":"exact_headword"}]]	2.111883	contextual	model	approved	Choose model, alternative_1..3, or uncertain.
amb-0114	pad-027	dev	Public administration	សំណើនេះត្រូវបានបញ្ជូនទៅអង្គភាពជំនាញរួចហើយ។	សំណើ នេះ ត្រូវ បាន បញ្ជូន ទៅ អង្គភាព ជំនាញ រួច ហើយ ។	23	30	អង្គភាព	អង្គភាព	អង្គ ភាព	none	none	[["អង្គ","ភាព"]]	[{"tokens":["អង្គភាព"],"cost":4.315091},{"tokens":["អង្គ","ភាព"],"cost":6.531407}]	[[{"word":"អង្គភាព","rac_status":"exact_headword"}],[{"word":"អង្គ","rac_status":"exact_headword"},{"word":"ភាព","rac_status":"exact_headword"}]]	2.216316	contextual	model	approved	Choose model, alternative_1..3, or uncertain.
amb-0115	pad-028	test	Public administration	ប្រជាពលរដ្ឋត្រូវរាយការណ៍កំណើតកូនក្នុងរយៈពេលកំណត់។	ប្រជាពលរដ្ឋ ត្រូវ រាយការណ៍ កំណើតកូន ក្នុង រយៈ ពេល កំណត់ ។	16	24	រាយការណ៍	រាយការណ៍	រាយ ការណ៍	none	none	[["រាយ","ការណ៍"]]	[{"tokens":["រាយការណ៍"],"cost":4.606137},{"tokens":["រាយ","ការណ៍"],"cost":7.329646}]	[[{"word":"រាយការណ៍","rac_status":"exact_headword"}],[{"word":"រាយ","rac_status":"exact_headword"},{"word":"ការណ៍","rac_status":"exact_headword"}]]	2.723509	contextual	model	approved	Choose model, alternative_1..3, or uncertain.
amb-0116	pad-028	test	Public administration	ប្រជាពលរដ្ឋត្រូវរាយការណ៍កំណើតកូនក្នុងរយៈពេលកំណត់។	ប្រជាពលរដ្ឋ ត្រូវ រាយការណ៍ កំណើតកូន ក្នុង រយៈ ពេល កំណត់ ។	24	32	កំណើតកូន	កំណើតកូន	កំណើត កូន	none	none	[["កំណើត","កូន"]]	[{"tokens":["កំណើតកូន"],"cost":5.24959},{"tokens":["កំណើត","កូន"],"cost":6.384008}]	[[{"word":"កំណើតកូន","rac_status":"exact_headword"}],[{"word":"កំណើត","rac_status":"exact_headword"},{"word":"កូន","rac_status":"exact_headword"}]]	1.134419	medium	alternative_1	approved	Choose model, alternative_1..3, or uncertain.
amb-0117	pad-029	test	Public administration	ការចុះបញ្ជីអាពាហ៍ពិពាហ៍ធ្វើឡើងនៅសាលាឃុំ។	ការ ចុះបញ្ជី អាពាហ៍ពិពាហ៍ ធ្វើ ឡើង នៅ សាលា ឃុំ ។	3	11	ចុះបញ្ជី	ចុះបញ្ជី	ចុះ បញ្ជី	none	none	[["ចុះ","បញ្ជី"]]	[{"tokens":["ចុះបញ្ជី"],"cost":4.693287},{"tokens":["ចុះ","បញ្ជី"],"cost":6.722978}]	[[{"word":"ចុះបញ្ជី","rac_status":"exact_headword"}],[{"word":"ចុះ","rac_status":"exact_headword"},{"word":"បញ្ជី","rac_status":"exact_headword"}]]	2.029691	contextual	model	approved	Choose model, alternative_1..3, or uncertain.
amb-0118	pad-031	test	Public administration	ពាក្យបណ្តឹងអាចដាក់ដោយផ្ទាល់ឬតាមប្រៃសណីយ៍។	ពាក្យបណ្តឹង អាច ដាក់ ដោយ ផ្ទាល់ ឬ តាម ប្រៃសណីយ៍ ។	0	11	ពាក្យបណ្តឹង	ពាក្យបណ្តឹង	ពាក្យ បណ្តឹង	none	none	[["ពាក្យ","បណ្តឹង"]]	[{"tokens":["ពាក្យបណ្តឹង"],"cost":5.04547},{"tokens":["ពាក្យ","បណ្តឹង"],"cost":7.199576}]	[[{"word":"ពាក្យបណ្តឹង","rac_status":"generated_visual_alias"}],[{"word":"ពាក្យ","rac_status":"exact_headword"},{"word":"បណ្តឹង","rac_status":"generated_visual_alias"}]]	2.154106	contextual	model	approved	Choose model, alternative_1..3, or uncertain.
amb-0119	pad-033	test	Public administration	អាជ្ញាធរមូលដ្ឋានត្រូវផ្សព្វផ្សាយព័ត៌មានឱ្យបានទូលំទូលាយ។	អាជ្ញាធរ មូលដ្ឋាន ត្រូវ ផ្សព្វផ្សាយ ព័ត៌មាន ឱ្យ បាន ទូលំ ទូលាយ ។	45	49	ទូលំ	ទូលំ	ទូ លំ	none	none	[["ទូ","លំ"]]	[{"tokens":["ទូលំ"],"cost":4.693287},{"tokens":["ទូ","លំ"],"cost":7.909453}]	[[{"word":"ទូលំ","rac_status":"exact_headword"}],[{"word":"ទូ","rac_status":"exact_headword"},{"word":"លំ","rac_status":"exact_headword"}]]	3.216166	contextual	model	approved	Choose model, alternative_1..3, or uncertain.
amb-0120	pad-033	test	Public administration	អាជ្ញាធរមូលដ្ឋានត្រូវផ្សព្វផ្សាយព័ត៌មានឱ្យបានទូលំទូលាយ។	អាជ្ញាធរ មូលដ្ឋាន ត្រូវ ផ្សព្វផ្សាយ ព័ត៌មាន ឱ្យ បាន ទូលំ ទូលាយ ។	49	54	ទូលាយ	ទូលាយ	ទូ លាយ	none	none	[["ទូ","លាយ"]]	[{"tokens":["ទូលាយ"],"cost":3.961788},{"tokens":["ទូ","លាយ"],"cost":7.395348}]	[[{"word":"ទូលាយ","rac_status":"exact_headword"}],[{"word":"ទូ","rac_status":"exact_headword"},{"word":"លាយ","rac_status":"exact_headword"}]]	3.43356	contextual	model	approved	Choose model, alternative_1..3, or uncertain.
amb-0121	pad-034	test	Public administration	ក្រុមប្រឹក្សាបានពិភាក្សានិងអនុម័តផែនការអភិវឌ្ឍប្រាំឆ្នាំ។	ក្រុមប្រឹក្សា បាន ពិភាក្សា និង អនុម័ត ផែនការ អភិវឌ្ឍ ប្រាំ ឆ្នាំ ។	0	13	ក្រុមប្រឹក្សា	ក្រុមប្រឹក្សា	ក្រុម ប្រឹក្សា	none	none	[["ក្រុម","ប្រឹក្សា"]]	[{"tokens":["ក្រុមប្រឹក្សា"],"cost":4.693287},{"tokens":["ក្រុម","ប្រឹក្សា"],"cost":7.590909}]	[[{"word":"ក្រុមប្រឹក្សា","rac_status":"exact_headword"}],[{"word":"ក្រុម","rac_status":"exact_headword"},{"word":"ប្រឹក្សា","rac_status":"exact_headword"}]]	2.897622	contextual	model	approved	Choose model, alternative_1..3, or uncertain.
amb-0122	pad-034	test	Public administration	ក្រុមប្រឹក្សាបានពិភាក្សានិងអនុម័តផែនការអភិវឌ្ឍប្រាំឆ្នាំ។	ក្រុមប្រឹក្សា បាន ពិភាក្សា និង អនុម័ត ផែនការ អភិវឌ្ឍ ប្រាំ ឆ្នាំ ។	33	39	ផែនការ	ផែនការ	ផែន ការ	none	none	[["ផែន","ការ"]]	[{"tokens":["ផែនការ"],"cost":4.501402},{"tokens":["ផែន","ការ"],"cost":7.169285}]	[[{"word":"ផែនការ","rac_status":"exact_headword"}],[{"word":"ផែន","rac_status":"exact_headword"},{"word":"ការ","rac_status":"exact_headword"}]]	2.667884	contextual	model	approved	Choose model, alternative_1..3, or uncertain.
amb-0123	pad-035	test	Public administration	សេចក្តីជូនដំណឹងត្រូវបានបិទផ្សាយនៅមុខការិយាល័យ។	សេចក្តី ជូនដំណឹង ត្រូវ បាន បិទ ផ្សាយ នៅ មុខ ការិយាល័យ ។	7	15	ជូនដំណឹង	ជូនដំណឹង	ជូន ដំណឹង	none	none	[["ជូន","ដំណឹង"]]	[{"tokens":["ជូនដំណឹង"],"cost":5.170408},{"tokens":["ជូន","ដំណឹង"],"cost":7.493244}]	[[{"word":"ជូនដំណឹង","rac_status":"exact_headword"}],[{"word":"ជូន","rac_status":"exact_headword"},{"word":"ដំណឹង","rac_status":"exact_headword"}]]	2.322836	contextual	model	approved	Choose model, alternative_1..3, or uncertain.
amb-0124	pad-036	test	Public administration	អ្នកដែលមានពិការភាពទទួលបានអាទិភាពក្នុងការប្រើសេវា។	អ្នក ដែល មាន ពិការភាព ទទួលបាន អាទិភាព ក្នុង ការ ប្រើ សេវា ។	10	18	ពិការភាព	ពិការភាព	ពិការ ភាព	none	none	[["ពិការ","ភាព"]]	[{"tokens":["ពិការភាព"],"cost":5.170408},{"tokens":["ពិការ","ភាព"],"cost":7.207713}]	[[{"word":"ពិការភាព","rac_status":"exact_headword"}],[{"word":"ពិការ","rac_status":"exact_headword"},{"word":"ភាព","rac_status":"exact_headword"}]]	2.037304	contextual	model	approved	Choose model, alternative_1..3, or uncertain.
amb-0125	pad-036	test	Public administration	អ្នកដែលមានពិការភាពទទួលបានអាទិភាពក្នុងការប្រើសេវា។	អ្នក ដែល មាន ពិការភាព ទទួលបាន អាទិភាព ក្នុង ការ ប្រើ សេវា ។	18	25	ទទួលបាន	ទទួលបាន	ទទួល បាន	none	none	[["ទទួល","បាន"]]	[{"tokens":["ទទួលបាន"],"cost":3.907167},{"tokens":["ទទួល","បាន"],"cost":5.121984}]	[[{"word":"ទទួលបាន","rac_status":"exact_headword"}],[{"word":"ទទួល","rac_status":"exact_headword"},{"word":"បាន","rac_status":"exact_headword"}]]	1.214817	medium	model	approved	Choose model, alternative_1..3, or uncertain.
amb-0126	pad-036	test	Public administration	អ្នកដែលមានពិការភាពទទួលបានអាទិភាពក្នុងការប្រើសេវា។	អ្នក ដែល មាន ពិការភាព ទទួលបាន អាទិភាព ក្នុង ការ ប្រើ សេវា ។	25	32	អាទិភាព	អាទិភាព	អាទិ ភាព	none	none	[["អាទិ","ភាព"]]	[{"tokens":["អាទិភាព"],"cost":5.24959},{"tokens":["អាទិ","ភាព"],"cost":8.279595}]	[[{"word":"អាទិភាព","rac_status":"exact_headword"}],[{"word":"អាទិ","rac_status":"exact_headword"},{"word":"ភាព","rac_status":"exact_headword"}]]	3.030005	contextual	model	approved	Choose model, alternative_1..3, or uncertain.
amb-0127	pad-036	test	Public administration	អ្នកដែលមានពិការភាពទទួលបានអាទិភាពក្នុងការប្រើសេវា។	អ្នក ដែល មាន ពិការភាព ទទួលបាន អាទិភាព ក្នុង ការ ប្រើ សេវា ។	44	48	សេវា	សេវា	សេ វា	none	none	[["សេ","វា"]]	[{"tokens":["សេវា"],"cost":3.94856},{"tokens":["សេ","វា"],"cost":7.122194}]	[[{"word":"សេវា","rac_status":"exact_headword"}],[{"word":"សេ","rac_status":"exact_headword"},{"word":"វា","rac_status":"exact_headword"}]]	3.173634	contextual	model	approved	Choose model, alternative_1..3, or uncertain.
amb-0128	pad-037	test	Public administration	ទិន្នន័យផ្ទាល់ខ្លួនត្រូវរក្សាទុកដោយសុវត្ថិភាព។	ទិន្នន័យ ផ្ទាល់ ខ្លួន ត្រូវ រក្សាទុក ដោយ សុវត្ថិភាព ។	24	32	រក្សាទុក	រក្សាទុក	រក្សា ទុក	none	none	[["រក្សា","ទុក"]]	[{"tokens":["រក្សាទុក"],"cost":4.208197},{"tokens":["រក្សា","ទុក"],"cost":6.335973}]	[[{"word":"រក្សាទុក","rac_status":"exact_headword"}],[{"word":"រក្សា","rac_status":"exact_headword"},{"word":"ទុក","rac_status":"exact_headword"}]]	2.127776	contextual	model	approved	Choose model, alternative_1..3, or uncertain.
amb-0129	pad-037	test	Public administration	ទិន្នន័យផ្ទាល់ខ្លួនត្រូវរក្សាទុកដោយសុវត្ថិភាព។	ទិន្នន័យ ផ្ទាល់ ខ្លួន ត្រូវ រក្សាទុក ដោយ សុវត្ថិភាព ។	35	45	សុវត្ថិភាព	សុវត្ថិភាព	សុវត្ថិ ភាព	none	none	[["សុវត្ថិ","ភាព"]]	[{"tokens":["សុវត្ថិភាព"],"cost":4.471438},{"tokens":["សុវត្ថិ","ភាព"],"cost":7.699811}]	[[{"word":"សុវត្ថិភាព","rac_status":"exact_headword"}],[{"word":"សុវត្ថិ","rac_status":"exact_headword"},{"word":"ភាព","rac_status":"exact_headword"}]]	3.228373	contextual	model	approved	Choose model, alternative_1..3, or uncertain.
amb-0130	pad-038	test	Public administration	បេក្ខជនត្រូវដាក់ឯកសារមុនកាលបរិច្ឆេទផុតកំណត់។	បេក្ខជន ត្រូវ ដាក់ ឯកសារ មុន កាលបរិច្ឆេទ ផុត កំណត់ ។	24	35	កាលបរិច្ឆេទ	កាលបរិច្ឆេទ	កាល បរិច្ឆេទ	none	none	[["កាល","បរិច្ឆេទ"]]	[{"tokens":["កាលបរិច្ឆេទ"],"cost":4.834616},{"tokens":["កាល","បរិច្ឆេទ"],"cost":8.17895}]	[[{"word":"កាលបរិច្ឆេទ","rac_status":"exact_headword"}],[{"word":"កាល","rac_status":"exact_headword"},{"word":"បរិច្ឆេទ","rac_status":"exact_headword"}]]	3.344334	contextual	model	approved	Choose model, alternative_1..3, or uncertain.
amb-0131	pad-040	test	Public administration	អង្គភាពសាធារណៈត្រូវឆ្លើយតបចំពោះសំណើស្របតាមច្បាប់។	អង្គភាព សាធារណៈ ត្រូវ ឆ្លើយ តប ចំពោះ សំណើ ស្រប តាម ច្បាប់ ។	0	7	អង្គភាព	អង្គភាព	អង្គ ភាព	none	none	[["អង្គ","ភាព"]]	[{"tokens":["អង្គភាព"],"cost":4.315091},{"tokens":["អង្គ","ភាព"],"cost":6.531407}]	[[{"word":"អង្គភាព","rac_status":"exact_headword"}],[{"word":"អង្គ","rac_status":"exact_headword"},{"word":"ភាព","rac_status":"exact_headword"}]]	2.216316	contextual	model	approved	Choose model, alternative_1..3, or uncertain.
amb-0132	edu-003	dev	Education	ការអានជាប្រចាំជួយបង្កើនចំណេះដឹងនិងវាក្យសព្ទ។	ការ អាន ជា ប្រចាំ ជួយ បង្កើន ចំណេះ ដឹង និង វាក្យសព្ទ ។	34	43	វាក្យសព្ទ	វាក្យសព្ទ	វាក្យ សព្ទ	none	none	[["វាក្យ","សព្ទ"]]	[{"tokens":["វាក្យសព្ទ"],"cost":5.24959},{"tokens":["វាក្យ","សព្ទ"],"cost":8.289664}]	[[{"word":"វាក្យសព្ទ","rac_status":"exact_headword"}],[{"word":"វាក្យ","rac_status":"exact_headword"},{"word":"សព្ទ","rac_status":"exact_headword"}]]	3.040075	contextual	model	approved	Choose model, alternative_1..3, or uncertain.
amb-0133	edu-005	dev	Education	ផែនដីវិលជុំវិញព្រះអាទិត្យក្នុងរយៈពេលមួយឆ្នាំ។	ផែនដី វិល ជុំវិញ ព្រះ អាទិត្យ ក្នុង រយៈ ពេល មួយ ឆ្នាំ ។	8	14	ជុំវិញ	ជុំវិញ	ជុំ វិញ	none	none	[["ជុំ","វិញ"]]	[{"tokens":["ជុំវិញ"],"cost":3.688488},{"tokens":["ជុំ","វិញ"],"cost":7.067584}]	[[{"word":"ជុំវិញ","rac_status":"exact_headword"}],[{"word":"ជុំ","rac_status":"exact_headword"},{"word":"វិញ","rac_status":"exact_headword"}]]	3.379096	contextual	model	approved	Choose model, alternative_1..3, or uncertain.
amb-0134	edu-006	dev	Education	ទឹកអាចផ្លាស់ប្តូរពីរាវទៅជាចំហាយ។	ទឹក អាច ផ្លាស់ប្តូរ ពី រាវ ទៅជា ចំហាយ ។	22	26	ទៅជា	ទៅជា	ទៅ ជា	none	none	[["ទៅ","ជា"]]	[{"tokens":["ទៅជា"],"cost":3.53694},{"tokens":["ទៅ","ជា"],"cost":3.941297}]	[[{"word":"ទៅជា","rac_status":"exact_headword"}],[{"word":"ទៅ","rac_status":"exact_headword"},{"word":"ជា","rac_status":"exact_headword"}]]	0.404357	high	model	approved	Choose model, alternative_1..3, or uncertain.
amb-0135	edu-007	dev	Education	សិស្សបានធ្វើពិសោធន៍សាមញ្ញនៅក្នុងមន្ទីរពិសោធន៍។	សិស្ស បាន ធ្វើ ពិសោធន៍ សាមញ្ញ នៅ ក្នុង មន្ទីរពិសោធន៍ ។	32	45	មន្ទីរពិសោធន៍	មន្ទីរពិសោធន៍	មន្ទីរ ពិសោធន៍	none	none	[["មន្ទីរ","ពិសោធន៍"]]	[{"tokens":["មន្ទីរពិសោធន៍"],"cost":5.24959},{"tokens":["មន្ទីរ","ពិសោធន៍"],"cost":8.732172}]	[[{"word":"មន្ទីរពិសោធន៍","rac_status":"exact_headword"}],[{"word":"មន្ទីរ","rac_status":"exact_headword"},{"word":"ពិសោធន៍","rac_status":"exact_headword"}]]	3.482582	contextual	alternative_1	approved	Choose model, alternative_1..3, or uncertain.
amb-0136	edu-011	dev	Education	មាតាបិតាគួរលើកទឹកចិត្តកូនឱ្យសួរសំណួរ។	មាតាបិតា គួរ លើកទឹកចិត្ត កូន ឱ្យ សួរ សំណួរ ។	11	22	លើកទឹកចិត្ត	លើកទឹកចិត្ត	លើក ទឹកចិត្ត	none	none	[["លើក","ទឹកចិត្ត"]]	[{"tokens":["លើកទឹកចិត្ត"],"cost":4.74444},{"tokens":["លើក","ទឹកចិត្ត"],"cost":8.133991}]	[[{"word":"លើកទឹកចិត្ត","rac_status":"exact_headword"}],[{"word":"លើក","rac_status":"exact_headword"},{"word":"ទឹកចិត្ត","rac_status":"exact_headword"}]]	3.389551	contextual	model	approved	Choose model, alternative_1..3, or uncertain.
amb-0137	edu-013	dev	Education	លំហាត់នេះបង្រៀនសិស្សឱ្យចេះដោះស្រាយបញ្ហា។	លំហាត់ នេះ បង្រៀន សិស្ស ឱ្យ ចេះ ដោះស្រាយ បញ្ហា ។	0	6	លំហាត់	លំហាត់	លំ ហាត់	none	none	[["លំ","ហាត់"]]	[{"tokens":["លំហាត់"],"cost":4.533586},{"tokens":["លំ","ហាត់"],"cost":7.792632}]	[[{"word":"លំហាត់","rac_status":"exact_headword"}],[{"word":"លំ","rac_status":"exact_headword"},{"word":"ហាត់","rac_status":"exact_headword"}]]	3.259046	contextual	model	approved	Choose model, alternative_1..3, or uncertain.
amb-0138	edu-014	dev	Education	អ្នករៀនអាចស្វែងរកឯកសារបន្ថែមតាមអ៊ីនធឺណិត។	អ្នករៀន អាច ស្វែងរក ឯកសារ បន្ថែម តាម អ៊ីនធឺណិត ។	0	7	អ្នករៀន	អ្នករៀន	អ្នក រៀន	none	none	[["អ្នក","រៀន"]]	[{"tokens":["អ្នករៀន"],"cost":4.16323},{"tokens":["អ្នក","រៀន"],"cost":5.503278}]	[[{"word":"អ្នករៀន","rac_status":"exact_headword"}],[{"word":"អ្នក","rac_status":"exact_headword"},{"word":"រៀន","rac_status":"exact_headword"}]]	1.340048	medium	alternative_1	approved	Choose model, alternative_1..3, or uncertain.
amb-0139	edu-014	dev	Education	អ្នករៀនអាចស្វែងរកឯកសារបន្ថែមតាមអ៊ីនធឺណិត។	អ្នករៀន អាច ស្វែងរក ឯកសារ បន្ថែម តាម អ៊ីនធឺណិត ។	10	17	ស្វែងរក	ស្វែងរក	ស្វែង រក	none	none	[["ស្វែង","រក"]]	[{"tokens":["ស្វែងរក"],"cost":4.091227},{"tokens":["ស្វែង","រក"],"cost":7.357466}]	[[{"word":"ស្វែងរក","rac_status":"exact_headword"}],[{"word":"ស្វែង","rac_status":"exact_headword"},{"word":"រក","rac_status":"exact_headword"}]]	3.266239	contextual	model	approved	Choose model, alternative_1..3, or uncertain.
amb-0140	edu-015	dev	Education	ការងារជាក្រុមជួយឱ្យសិស្សចេះសហការគ្នា។	ការងារ ជា ក្រុម ជួយ ឱ្យ សិស្ស ចេះ សហការ គ្នា ។	0	6	ការងារ	ការងារ	ការ ងារ	none	none	[["ការ","ងារ"]]	[{"tokens":["ការងារ"],"cost":3.357495},{"tokens":["ការ","ងារ"],"cost":6.002954}]	[[{"word":"ការងារ","rac_status":"exact_headword"}],[{"word":"ការ","rac_status":"exact_headword"},{"word":"ងារ","rac_status":"exact_headword"}]]	2.645459	contextual	model	approved	Choose model, alternative_1..3, or uncertain.
amb-0141	edu-015	dev	Education	ការងារជាក្រុមជួយឱ្យសិស្សចេះសហការគ្នា។	ការងារ ជា ក្រុម ជួយ ឱ្យ សិស្ស ចេះ សហការ គ្នា ។	27	32	សហការ	សហការ	សហ ការ	none	none	[["សហ","ការ"]]	[{"tokens":["សហការ"],"cost":5.24959},{"tokens":["សហ","ការ"],"cost":7.044347}]	[[{"word":"សហការ","rac_status":"exact_headword"}],[{"word":"សហ","rac_status":"exact_headword"},{"word":"ការ","rac_status":"exact_headword"}]]	1.794757	medium	model	approved	Choose model, alternative_1..3, or uncertain.
amb-0142	edu-017	dev	Education	សាលាបានរៀបចំកម្មវិធីអានសៀវភៅក្នុងថ្ងៃឈប់សម្រាក។	សាលា បាន រៀបចំ កម្មវិធី អាន សៀវភៅ ក្នុង ថ្ងៃឈប់ សម្រាក ។	12	20	កម្មវិធី	កម្មវិធី	កម្ម វិធី	none	none	[["កម្ម","វិធី"]]	[{"tokens":["កម្មវិធី"],"cost":4.170408},{"tokens":["កម្ម","វិធី"],"cost":7.242596}]	[[{"word":"កម្មវិធី","rac_status":"exact_headword"}],[{"word":"កម្ម","rac_status":"exact_headword"},{"word":"វិធី","rac_status":"exact_headword"}]]	3.072188	contextual	model	approved	Choose model, alternative_1..3, or uncertain.
amb-0143	edu-017	dev	Education	សាលាបានរៀបចំកម្មវិធីអានសៀវភៅក្នុងថ្ងៃឈប់សម្រាក។	សាលា បាន រៀបចំ កម្មវិធី អាន សៀវភៅ ក្នុង ថ្ងៃឈប់ សម្រាក ។	33	40	ថ្ងៃឈប់	ថ្ងៃឈប់	ថ្ងៃ ឈប់	none	none	[["ថ្ងៃ","ឈប់"]]	[{"tokens":["ថ្ងៃឈប់"],"cost":5.24959},{"tokens":["ថ្ងៃ","ឈប់"],"cost":6.350389}]	[[{"word":"ថ្ងៃឈប់","rac_status":"exact_headword"}],[{"word":"ថ្ងៃ","rac_status":"exact_headword"},{"word":"ឈប់","rac_status":"exact_headword"}]]	1.1008	medium	model	approved	Choose model, alternative_1..3, or uncertain.
amb-0144	edu-019	dev	Education	ចំនួនគត់អាចជាចំនួនវិជ្ជមានអវិជ្ជមានឬសូន្យ។	ចំនួនគត់ អាច ជា ចំនួន វិជ្ជមាន អវិជ្ជមាន ឬ សូន្យ ។	0	8	ចំនួនគត់	ចំនួនគត់	ចំនួន គត់	none	none	[["ចំនួន","គត់"]]	[{"tokens":["ចំនួនគត់"],"cost":5.170408},{"tokens":["ចំនួន","គត់"],"cost":7.367176}]	[[{"word":"ចំនួនគត់","rac_status":"exact_headword"}],[{"word":"ចំនួន","rac_status":"exact_headword"},{"word":"គត់","rac_status":"exact_headword"}]]	2.196768	contextual	model	approved	Choose model, alternative_1..3, or uncertain.
amb-0145	edu-020	dev	Education	រុក្ខជាតិត្រូវការទឹកពន្លឺនិងខ្យល់ដើម្បីលូតលាស់។	រុក្ខជាតិ ត្រូវការ ទឹក ពន្លឺ និង ខ្យល់ ដើម្បី លូតលាស់ ។	9	17	ត្រូវការ	ត្រូវការ	ត្រូវ ការ	none	none	[["ត្រូវ","ការ"]]	[{"tokens":["ត្រូវការ"],"cost":3.720673},{"tokens":["ត្រូវ","ការ"],"cost":4.430769}]	[[{"word":"ត្រូវការ","rac_status":"exact_headword"}],[{"word":"ត្រូវ","rac_status":"exact_headword"},{"word":"ការ","rac_status":"exact_headword"}]]	0.710096	high	model	approved	Choose model, alternative_1..3, or uncertain.
amb-0146	edu-021	dev	Education	ផែនទីជួយឱ្យយើងស្គាល់ទីតាំងនិងទិសដៅ។	ផែនទី ជួយ ឱ្យ យើង ស្គាល់ ទីតាំង និង ទិសដៅ ។	0	5	ផែនទី	ផែនទី	ផែន ទី	none	none	[["ផែន","ទី"]]	[{"tokens":["ផែនទី"],"cost":4.533586},{"tokens":["ផែន","ទី"],"cost":7.667642}]	[[{"word":"ផែនទី","rac_status":"exact_headword"}],[{"word":"ផែន","rac_status":"exact_headword"},{"word":"ទី","rac_status":"exact_headword"}]]	3.134056	contextual	model	approved	Choose model, alternative_1..3, or uncertain.
amb-0147	edu-021	dev	Education	ផែនទីជួយឱ្យយើងស្គាល់ទីតាំងនិងទិសដៅ។	ផែនទី ជួយ ឱ្យ យើង ស្គាល់ ទីតាំង និង ទិសដៅ ។	20	26	ទីតាំង	ទីតាំង	ទី តាំង	none	none	[["ទី","តាំង"]]	[{"tokens":["ទីតាំង"],"cost":3.848189},{"tokens":["ទី","តាំង"],"cost":5.960072}]	[[{"word":"ទីតាំង","rac_status":"exact_headword"}],[{"word":"ទី","rac_status":"exact_headword"},{"word":"តាំង","rac_status":"exact_headword"}]]	2.111883	contextual	model	approved	Choose model, alternative_1..3, or uncertain.
amb-0148	edu-021	dev	Education	ផែនទីជួយឱ្យយើងស្គាល់ទីតាំងនិងទិសដៅ។	ផែនទី ជួយ ឱ្យ យើង ស្គាល់ ទីតាំង និង ទិសដៅ ។	29	34	ទិសដៅ	ទិសដៅ	ទិស ដៅ	none	none	[["ទិស","ដៅ"]]	[{"tokens":["ទិសដៅ"],"cost":4.772468},{"tokens":["ទិស","ដៅ"],"cost":8.18447}]	[[{"word":"ទិសដៅ","rac_status":"exact_headword"}],[{"word":"ទិស","rac_status":"exact_headword"},{"word":"ដៅ","rac_status":"exact_headword"}]]	3.412001	contextual	model	approved	Choose model, alternative_1..3, or uncertain.
amb-0149	edu-022	dev	Education	ប្រវត្តិសាស្ត្រជួយឱ្យយើងយល់ពីអតីតកាល។	ប្រវត្តិសាស្ត្រ ជួយ ឱ្យ យើង យល់ ពី អតីតកាល ។	29	36	អតីតកាល	អតីតកាល	អតីត កាល	none	none	[["អតីត","កាល"]]	[{"tokens":["អតីតកាល"],"cost":4.606137},{"tokens":["អតីត","កាល"],"cost":7.377318}]	[[{"word":"អតីតកាល","rac_status":"exact_headword"}],[{"word":"អតីត","rac_status":"exact_headword"},{"word":"កាល","rac_status":"exact_headword"}]]	2.771181	contextual	model	approved	Choose model, alternative_1..3, or uncertain.
amb-0150	edu-023	dev	Education	សិស្សម្នាក់ៗត្រូវរៀបចំកាលវិភាគសិក្សាផ្ទាល់ខ្លួន។	សិស្ស ម្នាក់ៗ ត្រូវ រៀបចំ កាលវិភាគ សិក្សា ផ្ទាល់ ខ្លួន ។	22	30	កាលវិភាគ	កាលវិភាគ	កាល វិភាគ	none	none	[["កាល","វិភាគ"]]	[{"tokens":["កាលវិភាគ"],"cost":5.24959},{"tokens":["កាល","វិភាគ"],"cost":7.451951}]	[[{"word":"កាលវិភាគ","rac_status":"exact_headword"}],[{"word":"កាល","rac_status":"exact_headword"},{"word":"វិភាគ","rac_status":"exact_headword"}]]	2.202362	contextual	model	approved	Choose model, alternative_1..3, or uncertain.
amb-0151	edu-029	test	Education	លទ្ធផលប្រឡងមិនមែនជារង្វាស់តែមួយនៃសមត្ថភាពទេ។	លទ្ធផលប្រឡង មិន មែន ជា រង្វាស់ តែ មួយ នៃ សមត្ថភាព ទេ ។	0	11	លទ្ធផលប្រឡង	លទ្ធផលប្រឡង	លទ្ធផល ប្រឡង	none	none	[["លទ្ធផល","ប្រឡង"]]	[{"tokens":["លទ្ធផលប្រឡង"],"cost":5.24959},{"tokens":["លទ្ធផល","ប្រឡង"],"cost":7.956006}]	[[{"word":"លទ្ធផលប្រឡង","rac_status":"exact_headword"}],[{"word":"លទ្ធផល","rac_status":"exact_headword"},{"word":"ប្រឡង","rac_status":"exact_headword"}]]	2.706416	contextual	alternative_1	approved	Choose model, alternative_1..3, or uncertain.
amb-0152	edu-030	test	Education	សិស្សបានប្រៀបធៀបទំហំវត្ថុដោយប្រើបន្ទាត់។	សិស្ស បាន ប្រៀបធៀប ទំហំ វត្ថុ ដោយ ប្រើ បន្ទាត់ ។	8	16	ប្រៀបធៀប	ប្រៀបធៀប	ប្រៀប ធៀប	none	none	[["ប្រៀប","ធៀប"]]	[{"tokens":["ប្រៀបធៀប"],"cost":4.44341},{"tokens":["ប្រៀប","ធៀប"],"cost":7.832961}]	[[{"word":"ប្រៀបធៀប","rac_status":"exact_headword"}],[{"word":"ប្រៀប","rac_status":"exact_headword"},{"word":"ធៀប","rac_status":"exact_headword"}]]	3.389551	contextual	model	approved	Choose model, alternative_1..3, or uncertain.
amb-0153	edu-032	test	Education	ការអប់រំបណ្តុះឱ្យមនុស្សមានចំណេះដឹងនិងសីលធម៌។	ការ អប់រំ បណ្តុះ ឱ្យ មនុស្ស មានចំណេះ ដឹង និង សីលធម៌ ។	23	31	មានចំណេះ	មានចំណេះ	មាន ចំណេះ	none	none	[["មាន","ចំណេះ"]]	[{"tokens":["មានចំណេះ"],"cost":4.170408},{"tokens":["មាន","ចំណេះ"],"cost":5.347251}]	[[{"word":"មានចំណេះ","rac_status":"exact_headword"}],[{"word":"មាន","rac_status":"exact_headword"},{"word":"ចំណេះ","rac_status":"exact_headword"}]]	1.176842	medium	uncertain	draft	មនុស្ស|មាន|ចំណេះដឹង
amb-0154	edu-032	test	Education	ការអប់រំបណ្តុះឱ្យមនុស្សមានចំណេះដឹងនិងសីលធម៌។	ការ អប់រំ បណ្តុះ ឱ្យ មនុស្ស មានចំណេះ ដឹង និង សីលធម៌ ។	37	43	សីលធម៌	សីលធម៌	សីល ធម៌	none	none	[["សីល","ធម៌"]]	[{"tokens":["សីលធម៌"],"cost":4.32531},{"tokens":["សីល","ធម៌"],"cost":6.729394}]	[[{"word":"សីលធម៌","rac_status":"exact_headword"}],[{"word":"សីល","rac_status":"exact_headword"},{"word":"ធម៌","rac_status":"exact_headword"}]]	2.404084	contextual	model	approved	Choose model, alternative_1..3, or uncertain.
amb-0155	lit-003	dev	Literary and religious text	នៅមាត់ទន្លេមានដើមឈើធំមួយឈរផ្តល់ម្លប់។	នៅ មាត់ទន្លេ មាន ដើមឈើ ធំ មួយ ឈរ ផ្តល់ ម្លប់ ។	2	11	មាត់ទន្លេ	មាត់ទន្លេ	មាត់ ទន្លេ	none	none	[["មាត់","ទន្លេ"]]	[{"tokens":["មាត់ទន្លេ"],"cost":4.586832},{"tokens":["មាត់","ទន្លេ"],"cost":6.579599}]	[[{"word":"មាត់ទន្លេ","rac_status":"exact_headword"}],[{"word":"មាត់","rac_status":"exact_headword"},{"word":"ទន្លេ","rac_status":"exact_headword"}]]	1.992767	medium	model	approved	Choose model, alternative_1..3, or uncertain.
amb-0156	lit-003	dev	Literary and religious text	នៅមាត់ទន្លេមានដើមឈើធំមួយឈរផ្តល់ម្លប់។	នៅ មាត់ទន្លេ មាន ដើមឈើ ធំ មួយ ឈរ ផ្តល់ ម្លប់ ។	14	19	ដើមឈើ	ដើមឈើ	ដើម ឈើ	none	none	[["ដើម","ឈើ"]]	[{"tokens":["ដើមឈើ"],"cost":3.72325},{"tokens":["ដើម","ឈើ"],"cost":5.281106}]	[[{"word":"ដើមឈើ","rac_status":"exact_headword"}],[{"word":"ដើម","rac_status":"exact_headword"},{"word":"ឈើ","rac_status":"exact_headword"}]]	1.557856	medium	model	approved	Choose model, alternative_1..3, or uncertain.
amb-0157	lit-004	dev	Literary and religious text	យាយបាននិទានរឿងព្រេងឱ្យចៅៗស្តាប់មុនចូលគេង។	យាយ បាន និទាន រឿងព្រេង ឱ្យ ចៅ ៗ ស្តាប់ មុន ចូល គេង ។	11	19	រឿងព្រេង	រឿងព្រេង	រឿង ព្រេង	none	none	[["រឿង","ព្រេង"]]	[{"tokens":["រឿងព្រេង"],"cost":4.907167},{"tokens":["រឿង","ព្រេង"],"cost":7.603359}]	[[{"word":"រឿងព្រេង","rac_status":"exact_headword"}],[{"word":"រឿង","rac_status":"exact_headword"},{"word":"ព្រេង","rac_status":"exact_headword"}]]	2.696192	contextual	model	approved	Choose model, alternative_1..3, or uncertain.
amb-0158	lit-005	dev	Literary and religious text	សត្វក្អែកបានពាំចំណីទៅឱ្យកូននៅក្នុងសំបុក។	សត្វ ក្អែក បាន ពាំ ចំណី ទៅ ឱ្យ កូន នៅ ក្នុង សំបុក ។	34	39	សំបុក	សំបុក	សំ បុក	none	none	[["សំ","បុក"]]	[{"tokens":["សំបុក"],"cost":4.232556},{"tokens":["សំ","បុក"],"cost":7.696625}]	[[{"word":"សំបុក","rac_status":"exact_headword"}],[{"word":"សំ","rac_status":"exact_headword"},{"word":"បុក","rac_status":"exact_headword"}]]	3.464068	contextual	model	approved	Choose model, alternative_1..3, or uncertain.
amb-0159	lit-006	dev	Literary and religious text	ខ្យល់រាត្រីបក់ត្រជាក់កាត់តាមស្លឹកឈើ។	ខ្យល់ រាត្រី បក់ ត្រជាក់ កាត់ តាម ស្លឹក ឈើ ។	5	11	រាត្រី	រាត្រី	រា ត្រី	none	none	[["រា","ត្រី"]]	[{"tokens":["រាត្រី"],"cost":4.109711},{"tokens":["រា","ត្រី"],"cost":6.754849}]	[[{"word":"រាត្រី","rac_status":"exact_headword"}],[{"word":"រា","rac_status":"exact_headword"},{"word":"ត្រី","rac_status":"exact_headword"}]]	2.645138	contextual	model	approved	Choose model, alternative_1..3, or uncertain.
amb-0160	lit-009	dev	Literary and religious text	អ្នកដែលប្រព្រឹត្តអំពើល្អតែងទទួលបានការគោរព។	អ្នក ដែល ប្រព្រឹត្ត អំពើ ល្អ តែង ទទួលបាន ការ គោរព ។	27	34	ទទួលបាន	ទទួលបាន	ទទួល បាន	none	none	[["ទទួល","បាន"]]	[{"tokens":["ទទួលបាន"],"cost":3.907167},{"tokens":["ទទួល","បាន"],"cost":5.121984}]	[[{"word":"ទទួលបាន","rac_status":"exact_headword"}],[{"word":"ទទួល","rac_status":"exact_headword"},{"word":"បាន","rac_status":"exact_headword"}]]	1.214817	medium	model	approved	Choose model, alternative_1..3, or uncertain.
amb-0161	lit-011	dev	Literary and religious text	ពុទ្ធបរិស័ទបាននាំគ្នាធ្វើបុណ្យនិងប្រគេនចង្ហាន់។	ពុទ្ធបរិស័ទ បាន នាំ គ្នា ធ្វើបុណ្យ និង ប្រគេន ចង្ហាន់ ។	21	30	ធ្វើបុណ្យ	ធ្វើបុណ្យ	ធ្វើ បុណ្យ	none	none	[["ធ្វើ","បុណ្យ"]]	[{"tokens":["ធ្វើបុណ្យ"],"cost":3.83797},{"tokens":["ធ្វើ","បុណ្យ"],"cost":5.485781}]	[[{"word":"ធ្វើបុណ្យ","rac_status":"exact_headword"}],[{"word":"ធ្វើ","rac_status":"exact_headword"},{"word":"បុណ្យ","rac_status":"exact_headword"}]]	1.647812	medium	model	approved	Choose model, alternative_1..3, or uncertain.
amb-0162	lit-012	dev	Literary and religious text	ការចេះអត់ធ្មត់ជួយឱ្យចិត្តស្ងប់នៅពេលជួបបញ្ហា។	ការ ចេះ អត់ធ្មត់ ជួយ ឱ្យ ចិត្តស្ងប់ នៅ ពេល ជួប បញ្ហា ។	20	30	ចិត្តស្ងប់	ចិត្តស្ងប់	ចិត្ត ស្ងប់	none	none	[["ចិត្ត","ស្ងប់"]]	[{"tokens":["ចិត្តស្ងប់"],"cost":5.24959},{"tokens":["ចិត្ត","ស្ងប់"],"cost":6.435783}]	[[{"word":"ចិត្តស្ងប់","rac_status":"exact_headword"}],[{"word":"ចិត្ត","rac_status":"exact_headword"},{"word":"ស្ងប់","rac_status":"exact_headword"}]]	1.186193	medium	alternative_1	approved	Choose model, alternative_1..3, or uncertain.
amb-0163	lit-014	dev	Literary and religious text	ស្តេចបានកោះហៅមន្ត្រីមកប្រជុំនៅព្រះបរមរាជវាំង។	ស្តេច បាន កោះហៅ មន្ត្រី មក ប្រជុំ នៅ ព្រះ បរម រាជវាំង ។	8	13	កោះហៅ	កោះហៅ	កោះ ហៅ	none	none	[["កោះ","ហៅ"]]	[{"tokens":["កោះហៅ"],"cost":5.04547},{"tokens":["កោះ","ហៅ"],"cost":6.373425}]	[[{"word":"កោះហៅ","rac_status":"exact_headword"}],[{"word":"កោះ","rac_status":"exact_headword"},{"word":"ហៅ","rac_status":"exact_headword"}]]	1.327955	medium	model	approved	Choose model, alternative_1..3, or uncertain.
amb-0164	lit-015	dev	Literary and religious text	ព្រះរាជបុត្របានយាងទៅសួរសុខទុក្ខប្រជារាស្ត្រនៅជនបទ។	ព្រះ រាជបុត្រ បាន យាង ទៅ សួរសុខទុក្ខ ប្រជារាស្ត្រ នៅ ជនបទ ។	4	12	រាជបុត្រ	រាជបុត្រ	រាជ បុត្រ	none	none	[["រាជ","បុត្រ"]]	[{"tokens":["រាជបុត្រ"],"cost":4.285802},{"tokens":["រាជ","បុត្រ"],"cost":7.42081}]	[[{"word":"រាជបុត្រ","rac_status":"exact_headword"}],[{"word":"រាជ","rac_status":"exact_headword"},{"word":"បុត្រ","rac_status":"exact_headword"}]]	3.135008	contextual	model	approved	Choose model, alternative_1..3, or uncertain.
amb-0165	lit-015	dev	Literary and religious text	ព្រះរាជបុត្របានយាងទៅសួរសុខទុក្ខប្រជារាស្ត្រនៅជនបទ។	ព្រះ រាជបុត្រ បាន យាង ទៅ សួរសុខទុក្ខ ប្រជារាស្ត្រ នៅ ជនបទ ។	20	31	សួរសុខទុក្ខ	សួរសុខទុក្ខ	សួរ សុខទុក្ខ	none	none	[["សួរ","សុខទុក្ខ"]]	[{"tokens":["សួរសុខទុក្ខ"],"cost":4.994317},{"tokens":["សួរ","សុខទុក្ខ"],"cost":8.100268}]	[[{"word":"សួរសុខទុក្ខ","rac_status":"exact_headword"}],[{"word":"សួរ","rac_status":"exact_headword"},{"word":"សុខទុក្ខ","rac_status":"exact_headword"}]]	3.10595	contextual	model	approved	Choose model, alternative_1..3, or uncertain.
amb-0166	lit-015	dev	Literary and religious text	ព្រះរាជបុត្របានយាងទៅសួរសុខទុក្ខប្រជារាស្ត្រនៅជនបទ។	ព្រះ រាជបុត្រ បាន យាង ទៅ សួរសុខទុក្ខ ប្រជារាស្ត្រ នៅ ជនបទ ។	45	49	ជនបទ	ជនបទ	ជន បទ	none	none	[["ជន","បទ"]]	[{"tokens":["ជនបទ"],"cost":4.380358},{"tokens":["ជន","បទ"],"cost":6.501464}]	[[{"word":"ជនបទ","rac_status":"exact_headword"}],[{"word":"ជន","rac_status":"exact_headword"},{"word":"បទ","rac_status":"exact_headword"}]]	2.121107	contextual	model	approved	Choose model, alternative_1..3, or uncertain.
amb-0167	lit-023	dev	Literary and religious text	ភាពលោភលន់អាចនាំឱ្យមនុស្សបាត់បង់មិត្តភាព។	ភាព លោភលន់ អាច នាំ ឱ្យ មនុស្ស បាត់បង់ មិត្តភាព ។	24	31	បាត់បង់	បាត់បង់	បាត់ បង់	none	none	[["បាត់","បង់"]]	[{"tokens":["បាត់បង់"],"cost":4.24959},{"tokens":["បាត់","បង់"],"cost":6.981087}]	[[{"word":"បាត់បង់","rac_status":"exact_headword"}],[{"word":"បាត់","rac_status":"exact_headword"},{"word":"បង់","rac_status":"exact_headword"}]]	2.731497	contextual	model	approved	Choose model, alternative_1..3, or uncertain.
amb-0168	lit-023	dev	Literary and religious text	ភាពលោភលន់អាចនាំឱ្យមនុស្សបាត់បង់មិត្តភាព។	ភាព លោភលន់ អាច នាំ ឱ្យ មនុស្ស បាត់បង់ មិត្តភាព ។	31	39	មិត្តភាព	មិត្តភាព	មិត្ត ភាព	none	none	[["មិត្ត","ភាព"]]	[{"tokens":["មិត្តភាព"],"cost":4.869378},{"tokens":["មិត្ត","ភាព"],"cost":7.080938}]	[[{"word":"មិត្តភាព","rac_status":"exact_headword"}],[{"word":"មិត្ត","rac_status":"exact_headword"},{"word":"ភាព","rac_status":"exact_headword"}]]	2.211559	contextual	model	approved	Choose model, alternative_1..3, or uncertain.
amb-0169	lit-024	test	Literary and religious text	អ្នកប្រាជ្ញបានផ្តល់ដំបូន្មានឱ្យយុវជនស្គាល់ខុសត្រូវ។	អ្នកប្រាជ្ញ បាន ផ្តល់ ដំបូន្មាន ឱ្យ យុវជន ស្គាល់ ខុស ត្រូវ ។	0	11	អ្នកប្រាជ្ញ	អ្នកប្រាជ្ញ	អ្នក ប្រាជ្ញ	none	none	[["អ្នក","ប្រាជ្ញ"]]	[{"tokens":["អ្នកប្រាជ្ញ"],"cost":3.641064},{"tokens":["អ្នក","ប្រាជ្ញ"],"cost":6.335067}]	[[{"word":"អ្នកប្រាជ្ញ","rac_status":"exact_headword"}],[{"word":"អ្នក","rac_status":"exact_headword"},{"word":"ប្រាជ្ញ","rac_status":"exact_headword"}]]	2.694003	contextual	model	approved	Choose model, alternative_1..3, or uncertain.
amb-0170	lit-025	test	Literary and religious text	គោព្រៃមួយហ្វូងបានរត់កាត់វាលស្មៅដ៏ធំ។	គោព្រៃ មួយ ហ្វូង បាន រត់ កាត់ វាល ស្មៅ ដ៏ ធំ ។	0	6	គោព្រៃ	គោព្រៃ	គោ ព្រៃ	none	none	[["គោ","ព្រៃ"]]	[{"tokens":["គោព្រៃ"],"cost":4.64753},{"tokens":["គោ","ព្រៃ"],"cost":6.043158}]	[[{"word":"គោព្រៃ","rac_status":"exact_headword"}],[{"word":"គោ","rac_status":"exact_headword"},{"word":"ព្រៃ","rac_status":"exact_headword"}]]	1.395629	medium	model	approved	Choose model, alternative_1..3, or uncertain.
amb-0171	lit-027	test	Literary and religious text	មាតាបានបំពេកូនដោយបទចម្រៀងដ៏ទន់ភ្លន់។	មាតា បាន បំពេ កូន ដោយ បទចម្រៀង ដ៏ ទន់ភ្លន់ ។	17	25	បទចម្រៀង	បទចម្រៀង	បទ ចម្រៀង	none	none	[["បទ","ចម្រៀង"]]	[{"tokens":["បទចម្រៀង"],"cost":4.907167},{"tokens":["បទ","ចម្រៀង"],"cost":7.667796}]	[[{"word":"បទចម្រៀង","rac_status":"exact_headword"}],[{"word":"បទ","rac_status":"exact_headword"},{"word":"ចម្រៀង","rac_status":"exact_headword"}]]	2.760629	contextual	model	approved	Choose model, alternative_1..3, or uncertain.
amb-0172	lit-031	test	Literary and religious text	បុរសនោះបានសារភាពកំហុសនិងសុំការអភ័យទោស។	បុរស នោះ បាន សារភាព កំហុស និង សុំ ការ អភ័យ ទោស ។	10	16	សារភាព	សារភាព	សារ ភាព	none	none	[["សារ","ភាព"]]	[{"tokens":["សារភាព"],"cost":5.103462},{"tokens":["សារ","ភាព"],"cost":7.501444}]	[[{"word":"សារភាព","rac_status":"exact_headword"}],[{"word":"សារ","rac_status":"exact_headword"},{"word":"ភាព","rac_status":"exact_headword"}]]	2.397982	contextual	model	approved	Choose model, alternative_1..3, or uncertain.
amb-0173	lit-034	test	Literary and religious text	ពេលល្ងាចសត្វស្លាបហើរត្រឡប់ទៅសំបុកវិញ។	ពេល ល្ងាច សត្វ ស្លាប ហើរ ត្រឡប់ ទៅ សំបុក វិញ ។	28	33	សំបុក	សំបុក	សំ បុក	none	none	[["សំ","បុក"]]	[{"tokens":["សំបុក"],"cost":4.232556},{"tokens":["សំ","បុក"],"cost":7.696625}]	[[{"word":"សំបុក","rac_status":"exact_headword"}],[{"word":"សំ","rac_status":"exact_headword"},{"word":"បុក","rac_status":"exact_headword"}]]	3.464068	contextual	model	approved	Choose model, alternative_1..3, or uncertain.
amb-0174	lit-035	test	Literary and religious text	សេចក្តីពិតអាចត្រូវលាក់បាំងប៉ុន្តែមិនអាចបាត់បង់បាន។	សេចក្តី ពិត អាច ត្រូវ លាក់ បាំង ប៉ុន្តែ មិន អាច បាត់បង់ បាន ។	39	46	បាត់បង់	បាត់បង់	បាត់ បង់	none	none	[["បាត់","បង់"]]	[{"tokens":["បាត់បង់"],"cost":4.24959},{"tokens":["បាត់","បង់"],"cost":6.981087}]	[[{"word":"បាត់បង់","rac_status":"exact_headword"}],[{"word":"បាត់","rac_status":"exact_headword"},{"word":"បង់","rac_status":"exact_headword"}]]	2.731497	contextual	model	approved	Choose model, alternative_1..3, or uncertain.
amb-0175	tec-001	dev	Technical text	កម្មវិធីនេះអាចដំណើរការដោយមិនចាំបាច់ភ្ជាប់អ៊ីនធឺណិត។	កម្មវិធី នេះ អាច ដំណើរការ ដោយ មិន ចាំបាច់ ភ្ជាប់ អ៊ីនធឺណិត ។	0	8	កម្មវិធី	កម្មវិធី	កម្ម វិធី	none	none	[["កម្ម","វិធី"]]	[{"tokens":["កម្មវិធី"],"cost":4.170408},{"tokens":["កម្ម","វិធី"],"cost":7.242596}]	[[{"word":"កម្មវិធី","rac_status":"exact_headword"}],[{"word":"កម្ម","rac_status":"exact_headword"},{"word":"វិធី","rac_status":"exact_headword"}]]	3.072188	contextual	model	approved	Choose model, alternative_1..3, or uncertain.
amb-0176	tec-001	dev	Technical text	កម្មវិធីនេះអាចដំណើរការដោយមិនចាំបាច់ភ្ជាប់អ៊ីនធឺណិត។	កម្មវិធី នេះ អាច ដំណើរការ ដោយ មិន ចាំបាច់ ភ្ជាប់ អ៊ីនធឺណិត ។	14	22	ដំណើរការ	ដំណើរការ	ដំណើរ ការ	none	none	[["ដំណើរ","ការ"]]	[{"tokens":["ដំណើរការ"],"cost":3.939959},{"tokens":["ដំណើរ","ការ"],"cost":4.625424}]	[[{"word":"ដំណើរការ","rac_status":"exact_headword"}],[{"word":"ដំណើរ","rac_status":"exact_headword"},{"word":"ការ","rac_status":"exact_headword"}]]	0.685465	high	model	approved	Choose model, alternative_1..3, or uncertain.
amb-0177	tec-001	dev	Technical text	កម្មវិធីនេះអាចដំណើរការដោយមិនចាំបាច់ភ្ជាប់អ៊ីនធឺណិត។	កម្មវិធី នេះ អាច ដំណើរការ ដោយ មិន ចាំបាច់ ភ្ជាប់ អ៊ីនធឺណិត ។	28	35	ចាំបាច់	ចាំបាច់	ចាំ បាច់	none	none	[["ចាំ","បាច់"]]	[{"tokens":["ចាំបាច់"],"cost":4.02428},{"tokens":["ចាំ","បាច់"],"cost":7.080639}]	[[{"word":"ចាំបាច់","rac_status":"exact_headword"}],[{"word":"ចាំ","rac_status":"exact_headword"},{"word":"បាច់","rac_status":"exact_headword"}]]	3.056359	contextual	model	approved	Choose model, alternative_1..3, or uncertain.
amb-0178	tec-002	dev	Technical text	អ្នកប្រើត្រូវបញ្ចូលពាក្យសម្ងាត់មុនចូលគណនី។	អ្នក ប្រើ ត្រូវ បញ្ចូល ពាក្យសម្ងាត់ មុន ចូល គណនី ។	19	31	ពាក្យសម្ងាត់	ពាក្យសម្ងាត់	ពាក្យ សម្ងាត់	none	none	[["ពាក្យ","សម្ងាត់"]]	[{"tokens":["ពាក្យសម្ងាត់"],"cost":5.24959},{"tokens":["ពាក្យ","សម្ងាត់"],"cost":6.597516}]	[[{"word":"ពាក្យសម្ងាត់","rac_status":"exact_headword"}],[{"word":"ពាក្យ","rac_status":"exact_headword"},{"word":"សម្ងាត់","rac_status":"exact_headword"}]]	1.347926	medium	model	approved	Choose model, alternative_1..3, or uncertain.
amb-0179	tec-003	dev	Technical text	ប្រព័ន្ធនឹងរក្សាទុកឯកសារដោយស្វ័យប្រវត្តិ។	ប្រព័ន្ធ នឹង រក្សាទុក ឯកសារ ដោយ ស្វ័យប្រវត្តិ ។	11	19	រក្សាទុក	រក្សាទុក	រក្សា ទុក	none	none	[["រក្សា","ទុក"]]	[{"tokens":["រក្សាទុក"],"cost":4.208197},{"tokens":["រក្សា","ទុក"],"cost":6.335973}]	[[{"word":"រក្សាទុក","rac_status":"exact_headword"}],[{"word":"រក្សា","rac_status":"exact_headword"},{"word":"ទុក","rac_status":"exact_headword"}]]	2.127776	contextual	model	approved	Choose model, alternative_1..3, or uncertain.
amb-0180	tec-006	dev	Technical text	កម្មវិធីរុករកបង្ហាញទំព័រតាមអាសយដ្ឋានដែលបានបញ្ចូល។	កម្មវិធី រុករក បង្ហាញ ទំព័រ តាម អាសយដ្ឋាន ដែល បាន បញ្ចូល ។	0	8	កម្មវិធី	កម្មវិធី	កម្ម វិធី	none	none	[["កម្ម","វិធី"]]	[{"tokens":["កម្មវិធី"],"cost":4.170408},{"tokens":["កម្ម","វិធី"],"cost":7.242596}]	[[{"word":"កម្មវិធី","rac_status":"exact_headword"}],[{"word":"កម្ម","rac_status":"exact_headword"},{"word":"វិធី","rac_status":"exact_headword"}]]	3.072188	contextual	model	approved	Choose model, alternative_1..3, or uncertain.
amb-0181	tec-006	dev	Technical text	កម្មវិធីរុករកបង្ហាញទំព័រតាមអាសយដ្ឋានដែលបានបញ្ចូល។	កម្មវិធី រុករក បង្ហាញ ទំព័រ តាម អាសយដ្ឋាន ដែល បាន បញ្ចូល ។	8	13	រុករក	រុករក	រុក រក	none	none	[["រុក","រក"]]	[{"tokens":["រុករក"],"cost":4.869378},{"tokens":["រុក","រក"],"cost":7.172942}]	[[{"word":"រុករក","rac_status":"exact_headword"}],[{"word":"រុក","rac_status":"exact_headword"},{"word":"រក","rac_status":"exact_headword"}]]	2.303563	contextual	model	approved	Choose model, alternative_1..3, or uncertain.
amb-0182	tec-008	dev	Technical text	អ្នកអភិវឌ្ឍបានកែកំហុសនិងដំណើរការតេស្តឡើងវិញ។	អ្នក អភិវឌ្ឍ បាន កែ កំហុស និង ដំណើរការ តេស្ត ឡើង វិញ ។	24	32	ដំណើរការ	ដំណើរការ	ដំណើរ ការ	none	none	[["ដំណើរ","ការ"]]	[{"tokens":["ដំណើរការ"],"cost":3.939959},{"tokens":["ដំណើរ","ការ"],"cost":4.625424}]	[[{"word":"ដំណើរការ","rac_status":"exact_headword"}],[{"word":"ដំណើរ","rac_status":"exact_headword"},{"word":"ការ","rac_status":"exact_headword"}]]	0.685465	high	model	approved	Choose model, alternative_1..3, or uncertain.
amb-0183	tec-009	dev	Technical text	មូលដ្ឋានទិន្នន័យរក្សាកំណត់ត្រាតាមលំដាប់លេខសម្គាល់។	មូលដ្ឋាន ទិន្នន័យ រក្សា កំណត់ត្រា តាម លំដាប់ លេខ សម្គាល់ ។	21	30	កំណត់ត្រា	កំណត់ត្រា	កំណត់ ត្រា	none	none	[["កំណត់","ត្រា"]]	[{"tokens":["កំណត់ត្រា"],"cost":4.802432},{"tokens":["កំណត់","ត្រា"],"cost":7.120012}]	[[{"word":"កំណត់ត្រា","rac_status":"exact_headword"}],[{"word":"កំណត់","rac_status":"exact_headword"},{"word":"ត្រា","rac_status":"exact_headword"}]]	2.31758	contextual	model	approved	Choose model, alternative_1..3, or uncertain.
amb-0184	tec-010	dev	Technical text	ការធ្វើបច្ចុប្បន្នភាពជួយបិទចន្លោះប្រហោងសុវត្ថិភាព។	ការ ធ្វើ បច្ចុប្បន្នភាព ជួយ បិទ ចន្លោះ ប្រហោង សុវត្ថិភាព ។	7	21	បច្ចុប្បន្នភាព	បច្ចុប្បន្នភាព	បច្ចុប្បន្ន ភាព	none	none	[["បច្ចុប្បន្ន","ភាព"]]	[{"tokens":["បច្ចុប្បន្នភាព"],"cost":5.24959},{"tokens":["បច្ចុប្បន្ន","ភាព"],"cost":6.848231}]	[[{"word":"បច្ចុប្បន្នភាព","rac_status":"exact_headword"}],[{"word":"បច្ចុប្បន្ន","rac_status":"exact_headword"},{"word":"ភាព","rac_status":"exact_headword"}]]	1.598641	medium	model	approved	Choose model, alternative_1..3, or uncertain.
amb-0185	tec-010	dev	Technical text	ការធ្វើបច្ចុប្បន្នភាពជួយបិទចន្លោះប្រហោងសុវត្ថិភាព។	ការ ធ្វើ បច្ចុប្បន្នភាព ជួយ បិទ ចន្លោះ ប្រហោង សុវត្ថិភាព ។	39	49	សុវត្ថិភាព	សុវត្ថិភាព	សុវត្ថិ ភាព	none	none	[["សុវត្ថិ","ភាព"]]	[{"tokens":["សុវត្ថិភាព"],"cost":4.471438},{"tokens":["សុវត្ថិ","ភាព"],"cost":7.699811}]	[[{"word":"សុវត្ថិភាព","rac_status":"exact_headword"}],[{"word":"សុវត្ថិ","rac_status":"exact_headword"},{"word":"ភាព","rac_status":"exact_headword"}]]	3.228373	contextual	model	approved	Choose model, alternative_1..3, or uncertain.
amb-0186	tec-012	dev	Technical text	កូដប្រភពត្រូវបានរក្សាទុកក្នុងប្រព័ន្ធគ្រប់គ្រងកំណែ។	កូដ ប្រភព ត្រូវ បាន រក្សាទុក ក្នុង ប្រព័ន្ធ គ្រប់គ្រង កំណែ ។	16	24	រក្សាទុក	រក្សាទុក	រក្សា ទុក	none	none	[["រក្សា","ទុក"]]	[{"tokens":["រក្សាទុក"],"cost":4.208197},{"tokens":["រក្សា","ទុក"],"cost":6.335973}]	[[{"word":"រក្សាទុក","rac_status":"exact_headword"}],[{"word":"រក្សា","rac_status":"exact_headword"},{"word":"ទុក","rac_status":"exact_headword"}]]	2.127776	contextual	model	approved	Choose model, alternative_1..3, or uncertain.
amb-0187	tec-013	dev	Technical text	កម្មវិធីបម្លែងអក្សរទៅជាទិន្នន័យយូនីកូដ។	កម្មវិធី បម្លែង អក្សរ ទៅជា ទិន្នន័យ យូនីកូដ ។	0	8	កម្មវិធី	កម្មវិធី	កម្ម វិធី	none	none	[["កម្ម","វិធី"]]	[{"tokens":["កម្មវិធី"],"cost":4.170408},{"tokens":["កម្ម","វិធី"],"cost":7.242596}]	[[{"word":"កម្មវិធី","rac_status":"exact_headword"}],[{"word":"កម្ម","rac_status":"exact_headword"},{"word":"វិធី","rac_status":"exact_headword"}]]	3.072188	contextual	model	approved	Choose model, alternative_1..3, or uncertain.
amb-0188	tec-013	dev	Technical text	កម្មវិធីបម្លែងអក្សរទៅជាទិន្នន័យយូនីកូដ។	កម្មវិធី បម្លែង អក្សរ ទៅជា ទិន្នន័យ យូនីកូដ ។	19	23	ទៅជា	ទៅជា	ទៅ ជា	none	none	[["ទៅ","ជា"]]	[{"tokens":["ទៅជា"],"cost":3.53694},{"tokens":["ទៅ","ជា"],"cost":3.941297}]	[[{"word":"ទៅជា","rac_status":"exact_headword"}],[{"word":"ទៅ","rac_status":"exact_headword"},{"word":"ជា","rac_status":"exact_headword"}]]	0.404357	high	model	approved	Choose model, alternative_1..3, or uncertain.
amb-0189	tec-014	dev	Technical text	ចំណុចប្រទាក់នេះអនុញ្ញាតឱ្យកម្មវិធីពីរផ្លាស់ប្តូរទិន្នន័យ។	ចំណុច ប្រទាក់ នេះ អនុញ្ញាត ឱ្យ កម្មវិធី ពីរ ផ្លាស់ប្តូរ ទិន្នន័យ ។	26	34	កម្មវិធី	កម្មវិធី	កម្ម វិធី	none	none	[["កម្ម","វិធី"]]	[{"tokens":["កម្មវិធី"],"cost":4.170408},{"tokens":["កម្ម","វិធី"],"cost":7.242596}]	[[{"word":"កម្មវិធី","rac_status":"exact_headword"}],[{"word":"កម្ម","rac_status":"exact_headword"},{"word":"វិធី","rac_status":"exact_headword"}]]	3.072188	contextual	model	approved	Choose model, alternative_1..3, or uncertain.
amb-0190	tec-015	dev	Technical text	ការស្វែងរកប្រើសន្ទស្សន៍ដើម្បីបង្ហាញលទ្ធផលបានលឿន។	ការ ស្វែងរក ប្រើ សន្ទស្សន៍ ដើម្បី បង្ហាញ លទ្ធផល បាន លឿន ។	3	10	ស្វែងរក	ស្វែងរក	ស្វែង រក	none	none	[["ស្វែង","រក"]]	[{"tokens":["ស្វែងរក"],"cost":4.091227},{"tokens":["ស្វែង","រក"],"cost":7.357466}]	[[{"word":"ស្វែងរក","rac_status":"exact_headword"}],[{"word":"ស្វែង","rac_status":"exact_headword"},{"word":"រក","rac_status":"exact_headword"}]]	3.266239	contextual	model	approved	Choose model, alternative_1..3, or uncertain.
amb-0191	tec-017	dev	Technical text	ឧបករណ៍ចាប់សញ្ញាវាស់សីតុណ្ហភាពរៀងរាល់មួយនាទី។	ឧបករណ៍ ចាប់ សញ្ញា វាស់ សីតុណ្ហភាព រៀង រាល់ មួយ នាទី ។	39	43	នាទី	នាទី	នា ទី	none	none	[["នា","ទី"]]	[{"tokens":["នាទី"],"cost":3.911133},{"tokens":["នា","ទី"],"cost":6.117414}]	[[{"word":"នាទី","rac_status":"exact_headword"}],[{"word":"នា","rac_status":"exact_headword"},{"word":"ទី","rac_status":"exact_headword"}]]	2.206281	contextual	model	approved	Choose model, alternative_1..3, or uncertain.
amb-0192	tec-019	dev	Technical text	ប្រព័ន្ធប្រតិបត្តិការគ្រប់គ្រងអង្គចងចាំនិងឧបករណ៍ផ្សេងៗ។	ប្រព័ន្ធ ប្រតិបត្តិ ការ គ្រប់គ្រង អង្គ ចងចាំ និង ឧបករណ៍ ផ្សេងៗ ។	34	39	ចងចាំ	ចងចាំ	ចង ចាំ	none	none	[["ចង","ចាំ"]]	[{"tokens":["ចងចាំ"],"cost":4.258364},{"tokens":["ចង","ចាំ"],"cost":6.504802}]	[[{"word":"ចងចាំ","rac_status":"exact_headword"}],[{"word":"ចង","rac_status":"exact_headword"},{"word":"ចាំ","rac_status":"exact_headword"}]]	2.246439	contextual	uncertain	draft	This could be អង្គចងចាំ meaning computer memory or storage
amb-0193	tec-021	test	Technical text	វចនានុក្រមត្រូវបានបម្លែងទៅជាទម្រង់បង្រួមសម្រាប់កម្មវិធីបង្កប់។	វចនានុក្រម ត្រូវ បាន បម្លែង ទៅជា ទម្រង់ បង្រួម សម្រាប់ កម្មវិធី បង្កប់ ។	24	28	ទៅជា	ទៅជា	ទៅ ជា	none	none	[["ទៅ","ជា"]]	[{"tokens":["ទៅជា"],"cost":3.53694},{"tokens":["ទៅ","ជា"],"cost":3.941297}]	[[{"word":"ទៅជា","rac_status":"exact_headword"}],[{"word":"ទៅ","rac_status":"exact_headword"},{"word":"ជា","rac_status":"exact_headword"}]]	0.404357	high	model	approved	Choose model, alternative_1..3, or uncertain.
amb-0194	tec-021	test	Technical text	វចនានុក្រមត្រូវបានបម្លែងទៅជាទម្រង់បង្រួមសម្រាប់កម្មវិធីបង្កប់។	វចនានុក្រម ត្រូវ បាន បម្លែង ទៅជា ទម្រង់ បង្រួម សម្រាប់ កម្មវិធី បង្កប់ ។	47	55	កម្មវិធី	កម្មវិធី	កម្ម វិធី	none	none	[["កម្ម","វិធី"]]	[{"tokens":["កម្មវិធី"],"cost":4.170408},{"tokens":["កម្ម","វិធី"],"cost":7.242596}]	[[{"word":"កម្មវិធី","rac_status":"exact_headword"}],[{"word":"កម្ម","rac_status":"exact_headword"},{"word":"វិធី","rac_status":"exact_headword"}]]	3.072188	contextual	model	approved	Choose model, alternative_1..3, or uncertain.
amb-0195	tec-022	test	Technical text	កម្មវិធីបែងចែកពាក្យប្រើប្រេកង់ដើម្បីជ្រើសផ្លូវសមស្រប។	កម្មវិធី បែងចែក ពាក្យ ប្រើ ប្រេកង់ ដើម្បី ជ្រើស ផ្លូវ សមស្រប ។	0	8	កម្មវិធី	កម្មវិធី	កម្ម វិធី	none	none	[["កម្ម","វិធី"]]	[{"tokens":["កម្មវិធី"],"cost":4.170408},{"tokens":["កម្ម","វិធី"],"cost":7.242596}]	[[{"word":"កម្មវិធី","rac_status":"exact_headword"}],[{"word":"កម្ម","rac_status":"exact_headword"},{"word":"វិធី","rac_status":"exact_headword"}]]	3.072188	contextual	model	approved	Choose model, alternative_1..3, or uncertain.
amb-0196	tec-022	test	Technical text	កម្មវិធីបែងចែកពាក្យប្រើប្រេកង់ដើម្បីជ្រើសផ្លូវសមស្រប។	កម្មវិធី បែងចែក ពាក្យ ប្រើ ប្រេកង់ ដើម្បី ជ្រើស ផ្លូវ សមស្រប ។	46	52	សមស្រប	សមស្រប	សម ស្រប	none	none	[["សម","ស្រប"]]	[{"tokens":["សមស្រប"],"cost":4.74444},{"tokens":["សម","ស្រប"],"cost":7.622015}]	[[{"word":"សមស្រប","rac_status":"exact_headword"}],[{"word":"សម","rac_status":"exact_headword"},{"word":"ស្រប","rac_status":"exact_headword"}]]	2.877576	contextual	model	approved	Choose model, alternative_1..3, or uncertain.
amb-0197	tec-023	test	Technical text	សេវានេះផ្ញើការជូនដំណឹងនៅពេលមានកំហុស។	សេវា នេះ ផ្ញើ ការ ជូនដំណឹង នៅ ពេល មាន កំហុស ។	0	4	សេវា	សេវា	សេ វា	none	none	[["សេ","វា"]]	[{"tokens":["សេវា"],"cost":3.94856},{"tokens":["សេ","វា"],"cost":7.122194}]	[[{"word":"សេវា","rac_status":"exact_headword"}],[{"word":"សេ","rac_status":"exact_headword"},{"word":"វា","rac_status":"exact_headword"}]]	3.173634	contextual	model	approved	Choose model, alternative_1..3, or uncertain.
amb-0198	tec-023	test	Technical text	សេវានេះផ្ញើការជូនដំណឹងនៅពេលមានកំហុស។	សេវា នេះ ផ្ញើ ការ ជូនដំណឹង នៅ ពេល មាន កំហុស ។	14	22	ជូនដំណឹង	ជូនដំណឹង	ជូន ដំណឹង	none	none	[["ជូន","ដំណឹង"]]	[{"tokens":["ជូនដំណឹង"],"cost":5.170408},{"tokens":["ជូន","ដំណឹង"],"cost":7.493244}]	[[{"word":"ជូនដំណឹង","rac_status":"exact_headword"}],[{"word":"ជូន","rac_status":"exact_headword"},{"word":"ដំណឹង","rac_status":"exact_headword"}]]	2.322836	contextual	model	approved	Choose model, alternative_1..3, or uncertain.
amb-0199	tec-026	test	Technical text	ទិន្នន័យបញ្ចូលត្រូវឆ្លងកាត់ការផ្ទៀងផ្ទាត់មុនដំណើរការ។	ទិន្នន័យ បញ្ចូល ត្រូវ ឆ្លងកាត់ ការ ផ្ទៀងផ្ទាត់ មុន ដំណើរការ ។	19	27	ឆ្លងកាត់	ឆ្លងកាត់	ឆ្លង កាត់	none	none	[["ឆ្លង","កាត់"]]	[{"tokens":["ឆ្លងកាត់"],"cost":4.471438},{"tokens":["ឆ្លង","កាត់"],"cost":6.867151}]	[[{"word":"ឆ្លងកាត់","rac_status":"exact_headword"}],[{"word":"ឆ្លង","rac_status":"exact_headword"},{"word":"កាត់","rac_status":"exact_headword"}]]	2.395713	contextual	model	approved	Choose model, alternative_1..3, or uncertain.
amb-0200	tec-026	test	Technical text	ទិន្នន័យបញ្ចូលត្រូវឆ្លងកាត់ការផ្ទៀងផ្ទាត់មុនដំណើរការ។	ទិន្នន័យ បញ្ចូល ត្រូវ ឆ្លងកាត់ ការ ផ្ទៀងផ្ទាត់ មុន ដំណើរការ ។	44	52	ដំណើរការ	ដំណើរការ	ដំណើរ ការ	none	none	[["ដំណើរ","ការ"]]	[{"tokens":["ដំណើរការ"],"cost":3.939959},{"tokens":["ដំណើរ","ការ"],"cost":4.625424}]	[[{"word":"ដំណើរការ","rac_status":"exact_headword"}],[{"word":"ដំណើរ","rac_status":"exact_headword"},{"word":"ការ","rac_status":"exact_headword"}]]	0.685465	high	model	approved	Choose model, alternative_1..3, or uncertain.
amb-0201	tec-027	test	Technical text	ឃ្លាំងកូដបានកត់ត្រាប្រវត្តិនៃការផ្លាស់ប្តូរទាំងអស់។	ឃ្លាំង កូដ បាន កត់ ត្រា ប្រវត្តិ នៃ ការ ផ្លាស់ប្តូរ ទាំងអស់ ។	43	50	ទាំងអស់	ទាំងអស់	ទាំង អស់	none	none	[["ទាំង","អស់"]]	[{"tokens":["ទាំងអស់"],"cost":3.398331},{"tokens":["ទាំង","អស់"],"cost":5.618834}]	[[{"word":"ទាំងអស់","rac_status":"exact_headword"}],[{"word":"ទាំង","rac_status":"exact_headword"},{"word":"អស់","rac_status":"exact_headword"}]]	2.220503	contextual	model	approved	Choose model, alternative_1..3, or uncertain.
amb-0202	tec-028	test	Technical text	កម្មវិធីអាចធ្វើការលើវីនដូលីនុចនិងប្រព័ន្ធផ្សេងទៀត។	កម្មវិធី អាច ធ្វើការ លើ វីនដូ លីនុច និង ប្រព័ន្ធ ផ្សេង ទៀត ។	0	8	កម្មវិធី	កម្មវិធី	កម្ម វិធី	none	none	[["កម្ម","វិធី"]]	[{"tokens":["កម្មវិធី"],"cost":4.170408},{"tokens":["កម្ម","វិធី"],"cost":7.242596}]	[[{"word":"កម្មវិធី","rac_status":"exact_headword"}],[{"word":"កម្ម","rac_status":"exact_headword"},{"word":"វិធី","rac_status":"exact_headword"}]]	3.072188	contextual	model	approved	Choose model, alternative_1..3, or uncertain.
amb-0203	tec-028	test	Technical text	កម្មវិធីអាចធ្វើការលើវីនដូលីនុចនិងប្រព័ន្ធផ្សេងទៀត។	កម្មវិធី អាច ធ្វើការ លើ វីនដូ លីនុច និង ប្រព័ន្ធ ផ្សេង ទៀត ។	11	18	ធ្វើការ	ធ្វើការ	ធ្វើ ការ	none	none	[["ធ្វើ","ការ"]]	[{"tokens":["ធ្វើការ"],"cost":2.902455},{"tokens":["ធ្វើ","ការ"],"cost":4.185434}]	[[{"word":"ធ្វើការ","rac_status":"exact_headword"}],[{"word":"ធ្វើ","rac_status":"exact_headword"},{"word":"ការ","rac_status":"exact_headword"}]]	1.282979	medium	model	approved	Choose model, alternative_1..3, or uncertain.
amb-0204	tec-030	test	Technical text	អ្នកប្រើគួរបង្កើតពាក្យសម្ងាត់ដែលពិបាកទាយ។	អ្នក ប្រើ គួរ បង្កើត ពាក្យសម្ងាត់ ដែល ពិបាក ទាយ ។	17	29	ពាក្យសម្ងាត់	ពាក្យសម្ងាត់	ពាក្យ សម្ងាត់	none	none	[["ពាក្យ","សម្ងាត់"]]	[{"tokens":["ពាក្យសម្ងាត់"],"cost":5.24959},{"tokens":["ពាក្យ","សម្ងាត់"],"cost":6.597516}]	[[{"word":"ពាក្យសម្ងាត់","rac_status":"exact_headword"}],[{"word":"ពាក្យ","rac_status":"exact_headword"},{"word":"សម្ងាត់","rac_status":"exact_headword"}]]	1.347926	medium	model	approved	Choose model, alternative_1..3, or uncertain.
amb-0205	nam-001	dev	Names and locations	សុភារស់នៅក្នុងរាជធានីភ្នំពេញជាមួយគ្រួសារ។	សុភា រស់ នៅ ក្នុង រាជធានី ភ្នំពេញ ជាមួយ គ្រួសារ ។	21	28	ភ្នំពេញ	ភ្នំពេញ	ភ្នំ ពេញ	none	none	[["ភ្នំ","ពេញ"]]	[{"tokens":["ភ្នំពេញ"],"cost":3.799341},{"tokens":["ភ្នំ","ពេញ"],"cost":6.582557}]	[[{"word":"ភ្នំពេញ","rac_status":"exact_headword"}],[{"word":"ភ្នំ","rac_status":"exact_headword"},{"word":"ពេញ","rac_status":"exact_headword"}]]	2.783216	contextual	model	approved	Choose model, alternative_1..3, or uncertain.
amb-0206	nam-001	dev	Names and locations	សុភារស់នៅក្នុងរាជធានីភ្នំពេញជាមួយគ្រួសារ។	សុភា រស់ នៅ ក្នុង រាជធានី ភ្នំពេញ ជាមួយ គ្រួសារ ។	28	33	ជាមួយ	ជាមួយ	ជា មួយ	none	none	[["ជា","មួយ"]]	[{"tokens":["ជាមួយ"],"cost":3.208197},{"tokens":["ជា","មួយ"],"cost":3.946086}]	[[{"word":"ជាមួយ","rac_status":"exact_headword"}],[{"word":"ជា","rac_status":"exact_headword"},{"word":"មួយ","rac_status":"exact_headword"}]]	0.737889	high	model	approved	Choose model, alternative_1..3, or uncertain.
amb-0207	nam-003	dev	Names and locations	ស្រីនាងកំពុងសិក្សានៅសាកលវិទ្យាល័យភូមិន្ទភ្នំពេញ។	ស្រី នាង កំពុង សិក្សា នៅ សាកលវិទ្យាល័យ ភូមិន្ទ ភ្នំពេញ ។	40	47	ភ្នំពេញ	ភ្នំពេញ	ភ្នំ ពេញ	none	none	[["ភ្នំ","ពេញ"]]	[{"tokens":["ភ្នំពេញ"],"cost":3.799341},{"tokens":["ភ្នំ","ពេញ"],"cost":6.582557}]	[[{"word":"ភ្នំពេញ","rac_status":"exact_headword"}],[{"word":"ភ្នំ","rac_status":"exact_headword"},{"word":"ពេញ","rac_status":"exact_headword"}]]	2.783216	contextual	model	approved	Choose model, alternative_1..3, or uncertain.
amb-0208	nam-004	dev	Names and locations	លោកវណ្ណាបានទៅទស្សនាប្រាសាទអង្គរវត្ត។	លោក វណ្ណា បាន ទៅ ទស្សនា ប្រាសាទ អង្គរវត្ត ។	26	35	អង្គរវត្ត	អង្គរវត្ត	អង្គរ វត្ត	none	none	[["អង្គរ","វត្ត"]]	[{"tokens":["អង្គរវត្ត"],"cost":4.533586},{"tokens":["អង្គរ","វត្ត"],"cost":7.945588}]	[[{"word":"អង្គរវត្ត","rac_status":"exact_headword"}],[{"word":"អង្គរ","rac_status":"exact_headword"},{"word":"វត្ត","rac_status":"exact_headword"}]]	3.412001	contextual	model	approved	Choose model, alternative_1..3, or uncertain.
amb-0209	nam-008	dev	Names and locations	ម៉ាលីបានផ្ញើសំបុត្រទៅមិត្តភក្តិនៅបាត់ដំបង។	ម៉ា លី បាន ផ្ញើ សំបុត្រ ទៅ មិត្តភក្តិ នៅ បាត់ដំបង ។	33	41	បាត់ដំបង	បាត់ដំបង	បាត់ ដំបង	none	none	[["បាត់","ដំបង"]]	[{"tokens":["បាត់ដំបង"],"cost":4.568348},{"tokens":["បាត់","ដំបង"],"cost":7.38746}]	[[{"word":"បាត់ដំបង","rac_status":"exact_headword"}],[{"word":"បាត់","rac_status":"exact_headword"},{"word":"ដំបង","rac_status":"exact_headword"}]]	2.819111	contextual	model	approved	Choose model, alternative_1..3, or uncertain.
amb-0210	nam-010	dev	Names and locations	គ្រួសាររបស់រតនាមានស្រុកកំណើតនៅខេត្តតាកែវ។	គ្រួសារ របស់ រតនា មាន ស្រុកកំណើត នៅ ខេត្ត តាកែវ ។	11	15	រតនា	រតនា	រត នា	none	none	[["រត","នា"]]	[{"tokens":["រតនា"],"cost":5.24959},{"tokens":["រត","នា"],"cost":8.153766}]	[[{"word":"រតនា","rac_status":"exact_headword"}],[{"word":"រត","rac_status":"exact_headword"},{"word":"នា","rac_status":"exact_headword"}]]	2.904177	contextual	model	approved	Choose model, alternative_1..3, or uncertain.
amb-0211	nam-010	dev	Names and locations	គ្រួសាររបស់រតនាមានស្រុកកំណើតនៅខេត្តតាកែវ។	គ្រួសារ របស់ រតនា មាន ស្រុកកំណើត នៅ ខេត្ត តាកែវ ។	18	28	ស្រុកកំណើត	ស្រុកកំណើត	ស្រុក កំណើត	none	none	[["ស្រុក","កំណើត"]]	[{"tokens":["ស្រុកកំណើត"],"cost":4.501402},{"tokens":["ស្រុក","កំណើត"],"cost":6.630982}]	[[{"word":"ស្រុកកំណើត","rac_status":"exact_headword"}],[{"word":"ស្រុក","rac_status":"exact_headword"},{"word":"កំណើត","rac_status":"exact_headword"}]]	2.12958	contextual	model	approved	Choose model, alternative_1..3, or uncertain.
amb-0212	nam-010	dev	Names and locations	គ្រួសាររបស់រតនាមានស្រុកកំណើតនៅខេត្តតាកែវ។	គ្រួសារ របស់ រតនា មាន ស្រុកកំណើត នៅ ខេត្ត តាកែវ ។	35	40	តាកែវ	តាកែវ	តា កែវ	none	none	[["តា","កែវ"]]	[{"tokens":["តាកែវ"],"cost":4.586832},{"tokens":["តា","កែវ"],"cost":7.257095}]	[[{"word":"តាកែវ","rac_status":"exact_headword"}],[{"word":"តា","rac_status":"exact_headword"},{"word":"កែវ","rac_status":"exact_headword"}]]	2.670263	contextual	model	approved	Choose model, alternative_1..3, or uncertain.
amb-0213	nam-011	dev	Names and locations	អ្នកស្រីចន្ទាបានបើកហាងលក់សៀវភៅនៅក្រុងបាត់ដំបង។	អ្នក ស្រី ចន្ទា បាន បើក ហាង លក់ សៀវភៅ នៅ ក្រុង បាត់ដំបង ។	37	45	បាត់ដំបង	បាត់ដំបង	បាត់ ដំបង	none	none	[["បាត់","ដំបង"]]	[{"tokens":["បាត់ដំបង"],"cost":4.568348},{"tokens":["បាត់","ដំបង"],"cost":7.38746}]	[[{"word":"បាត់ដំបង","rac_status":"exact_headword"}],[{"word":"បាត់","rac_status":"exact_headword"},{"word":"ដំបង","rac_status":"exact_headword"}]]	2.819111	contextual	model	approved	Choose model, alternative_1..3, or uncertain.
amb-0214	nam-012	dev	Names and locations	វិសាលបានជិះរថភ្លើងពីភ្នំពេញទៅព្រះសីហនុ។	វិសាល បាន ជិះ រថភ្លើង ពី ភ្នំពេញ ទៅ ព្រះសីហនុ ។	11	18	រថភ្លើង	រថភ្លើង	រថ ភ្លើង	none	none	[["រថ","ភ្លើង"]]	[{"tokens":["រថភ្លើង"],"cost":4.802432},{"tokens":["រថ","ភ្លើង"],"cost":7.26019}]	[[{"word":"រថភ្លើង","rac_status":"exact_headword"}],[{"word":"រថ","rac_status":"exact_headword"},{"word":"ភ្លើង","rac_status":"exact_headword"}]]	2.457759	contextual	model	approved	Choose model, alternative_1..3, or uncertain.
amb-0215	nam-012	dev	Names and locations	វិសាលបានជិះរថភ្លើងពីភ្នំពេញទៅព្រះសីហនុ។	វិសាល បាន ជិះ រថភ្លើង ពី ភ្នំពេញ ទៅ ព្រះសីហនុ ។	20	27	ភ្នំពេញ	ភ្នំពេញ	ភ្នំ ពេញ	none	none	[["ភ្នំ","ពេញ"]]	[{"tokens":["ភ្នំពេញ"],"cost":3.799341},{"tokens":["ភ្នំ","ពេញ"],"cost":6.582557}]	[[{"word":"ភ្នំពេញ","rac_status":"exact_headword"}],[{"word":"ភ្នំ","rac_status":"exact_headword"},{"word":"ពេញ","rac_status":"exact_headword"}]]	2.783216	contextual	model	approved	Choose model, alternative_1..3, or uncertain.
amb-0216	nam-013	dev	Names and locations	បឹងទន្លេសាបជាប្រភពត្រីដ៏សំខាន់សម្រាប់ប្រជាជន។	បឹង ទន្លេសាប ជា ប្រភព ត្រី ដ៏ សំខាន់ សម្រាប់ ប្រជាជន ។	3	11	ទន្លេសាប	ទន្លេសាប	ទន្លេ សាប	none	none	[["ទន្លេ","សាប"]]	[{"tokens":["ទន្លេសាប"],"cost":4.586832},{"tokens":["ទន្លេ","សាប"],"cost":7.660632}]	[[{"word":"ទន្លេសាប","rac_status":"exact_headword"}],[{"word":"ទន្លេ","rac_status":"exact_headword"},{"word":"សាប","rac_status":"exact_headword"}]]	3.073801	contextual	model	approved	Choose model, alternative_1..3, or uncertain.
amb-0217	nam-014	dev	Names and locations	ឧទ្យានជាតិបូកគោមានអាកាសធាតុត្រជាក់និងទេសភាពស្រស់ស្អាត។	ឧទ្យានជាតិ បូកគោ មាន អាកាសធាតុ ត្រជាក់ និង ទេសភាព ស្រស់ ស្អាត ។	0	10	ឧទ្យានជាតិ	ឧទ្យានជាតិ	ឧទ្យាន ជាតិ	none	none	[["ឧទ្យាន","ជាតិ"]]	[{"tokens":["ឧទ្យានជាតិ"],"cost":5.24959},{"tokens":["ឧទ្យាន","ជាតិ"],"cost":7.847281}]	[[{"word":"ឧទ្យានជាតិ","rac_status":"exact_headword"}],[{"word":"ឧទ្យាន","rac_status":"exact_headword"},{"word":"ជាតិ","rac_status":"exact_headword"}]]	2.597692	contextual	model	approved	Choose model, alternative_1..3, or uncertain.
amb-0218	nam-014	dev	Names and locations	ឧទ្យានជាតិបូកគោមានអាកាសធាតុត្រជាក់និងទេសភាពស្រស់ស្អាត។	ឧទ្យានជាតិ បូកគោ មាន អាកាសធាតុ ត្រជាក់ និង ទេសភាព ស្រស់ ស្អាត ។	10	15	បូកគោ	បូកគោ	បូក គោ	none	none	[["បូក","គោ"]]	[{"tokens":["បូកគោ"],"cost":4.718111},{"tokens":["បូក","គោ"],"cost":7.2087}]	[[{"word":"បូកគោ","rac_status":"exact_headword"}],[{"word":"បូក","rac_status":"exact_headword"},{"word":"គោ","rac_status":"exact_headword"}]]	2.490589	contextual	model	approved	Choose model, alternative_1..3, or uncertain.
amb-0219	nam-014	dev	Names and locations	ឧទ្យានជាតិបូកគោមានអាកាសធាតុត្រជាក់និងទេសភាពស្រស់ស្អាត។	ឧទ្យានជាតិ បូកគោ មាន អាកាសធាតុ ត្រជាក់ និង ទេសភាព ស្រស់ ស្អាត ។	18	27	អាកាសធាតុ	អាកាសធាតុ	អាកាស ធាតុ	none	none	[["អាកាស","ធាតុ"]]	[{"tokens":["អាកាសធាតុ"],"cost":4.285802},{"tokens":["អាកាស","ធាតុ"],"cost":7.359225}]	[[{"word":"អាកាសធាតុ","rac_status":"exact_headword"}],[{"word":"អាកាស","rac_status":"exact_headword"},{"word":"ធាតុ","rac_status":"exact_headword"}]]	3.073423	contextual	model	approved	Choose model, alternative_1..3, or uncertain.
amb-0220	nam-014	dev	Names and locations	ឧទ្យានជាតិបូកគោមានអាកាសធាតុត្រជាក់និងទេសភាពស្រស់ស្អាត។	ឧទ្យានជាតិ បូកគោ មាន អាកាសធាតុ ត្រជាក់ និង ទេសភាព ស្រស់ ស្អាត ។	37	43	ទេសភាព	ទេសភាព	ទេ សភាព	ទេស ភាព	none	[["ទេ","សភាព"],["ទេស","ភាព"]]	[{"tokens":["ទេសភាព"],"cost":4.486162},{"tokens":["ទេ","សភាព"],"cost":6.500024},{"tokens":["ទេស","ភាព"],"cost":7.335112}]	[[{"word":"ទេសភាព","rac_status":"exact_headword"}],[{"word":"ទេ","rac_status":"exact_headword"},{"word":"សភាព","rac_status":"exact_headword"}],[{"word":"ទេស","rac_status":"exact_headword"},{"word":"ភាព","rac_status":"exact_headword"}]]	2.013863	contextual	model	approved	Choose model, alternative_1..3, or uncertain.
amb-0221	nam-015	dev	Names and locations	ស្ទឹងសែនហូរកាត់ក្រុងកំពង់ធំ។	ស្ទឹង សែន ហូរ កាត់ ក្រុង កំពង់ធំ ។	20	27	កំពង់ធំ	កំពង់ធំ	កំពង់ ធំ	none	none	[["កំពង់","ធំ"]]	[{"tokens":["កំពង់ធំ"],"cost":4.74444},{"tokens":["កំពង់","ធំ"],"cost":7.336018}]	[[{"word":"កំពង់ធំ","rac_status":"exact_headword"}],[{"word":"កំពង់","rac_status":"exact_headword"},{"word":"ធំ","rac_status":"exact_headword"}]]	2.591578	contextual	model	approved	Choose model, alternative_1..3, or uncertain.
amb-0222	nam-016	dev	Names and locations	លោកជាវិបុលបានចូលរួមកិច្ចប្រជុំនៅទីក្រុងបាងកក។	លោក ជា វិបុល បាន ចូលរួម កិច្ច ប្រជុំ នៅ ទីក្រុង បាងកក ។	13	19	ចូលរួម	ចូលរួម	ចូល រួម	none	none	[["ចូល","រួម"]]	[{"tokens":["ចូលរួម"],"cost":3.94856},{"tokens":["ចូល","រួម"],"cost":6.134397}]	[[{"word":"ចូលរួម","rac_status":"exact_headword"}],[{"word":"ចូល","rac_status":"exact_headword"},{"word":"រួម","rac_status":"exact_headword"}]]	2.185838	contextual	model	approved	Choose model, alternative_1..3, or uncertain.
amb-0223	nam-016	dev	Names and locations	លោកជាវិបុលបានចូលរួមកិច្ចប្រជុំនៅទីក្រុងបាងកក។	លោក ជា វិបុល បាន ចូលរួម កិច្ច ប្រជុំ នៅ ទីក្រុង បាងកក ។	32	39	ទីក្រុង	ទីក្រុង	ទី ក្រុង	none	none	[["ទី","ក្រុង"]]	[{"tokens":["ទីក្រុង"],"cost":4.24959},{"tokens":["ទី","ក្រុង"],"cost":5.853617}]	[[{"word":"ទីក្រុង","rac_status":"exact_headword"}],[{"word":"ទី","rac_status":"exact_headword"},{"word":"ក្រុង","rac_status":"exact_headword"}]]	1.604027	medium	model	approved	Choose model, alternative_1..3, or uncertain.
amb-0224	nam-017	dev	Names and locations	នាវាបានចាកចេញពីកំពង់ផែស្វយ័តក្រុងព្រះសីហនុ។	នាវា បាន ចាកចេញ ពី កំពង់ផែ ស្វយ័ត ក្រុង ព្រះសីហនុ ។	0	4	នាវា	នាវា	នា វា	none	none	[["នា","វា"]]	[{"tokens":["នាវា"],"cost":4.24959},{"tokens":["នា","វា"],"cost":6.417063}]	[[{"word":"នាវា","rac_status":"exact_headword"}],[{"word":"នា","rac_status":"exact_headword"},{"word":"វា","rac_status":"exact_headword"}]]	2.167474	contextual	model	approved	Choose model, alternative_1..3, or uncertain.
amb-0225	nam-017	dev	Names and locations	នាវាបានចាកចេញពីកំពង់ផែស្វយ័តក្រុងព្រះសីហនុ។	នាវា បាន ចាកចេញ ពី កំពង់ផែ ស្វយ័ត ក្រុង ព្រះសីហនុ ។	7	13	ចាកចេញ	ចាកចេញ	ចាក ចេញ	none	none	[["ចាក","ចេញ"]]	[{"tokens":["ចាកចេញ"],"cost":4.802432},{"tokens":["ចាក","ចេញ"],"cost":6.186332}]	[[{"word":"ចាកចេញ","rac_status":"exact_headword"}],[{"word":"ចាក","rac_status":"exact_headword"},{"word":"ចេញ","rac_status":"exact_headword"}]]	1.3839	medium	model	approved	Choose model, alternative_1..3, or uncertain.
amb-0226	nam-018	test	Names and locations	ខេត្តមណ្ឌលគិរីមានភ្នំព្រៃនិងទឹកជ្រោះជាច្រើន។	ខេត្ត មណ្ឌលគិរី មាន ភ្នំ ព្រៃ និង ទឹកជ្រោះ ជា ច្រើន ។	28	36	ទឹកជ្រោះ	ទឹកជ្រោះ	ទឹក ជ្រោះ	none	none	[["ទឹក","ជ្រោះ"]]	[{"tokens":["ទឹកជ្រោះ"],"cost":5.170408},{"tokens":["ទឹក","ជ្រោះ"],"cost":7.54096}]	[[{"word":"ទឹកជ្រោះ","rac_status":"exact_headword"}],[{"word":"ទឹក","rac_status":"exact_headword"},{"word":"ជ្រោះ","rac_status":"exact_headword"}]]	2.370551	contextual	model	approved	Choose model, alternative_1..3, or uncertain.
amb-0227	nam-019	test	Names and locations	ចម្ការម្រេចនៅកំពតទទួលបានភ្ញៀវទេសចររៀងរាល់ឆ្នាំ។	ចម្ការ ម្រេច នៅ កំពត ទទួលបាន ភ្ញៀវ ទេសចរ រៀង រាល់ ឆ្នាំ ។	17	24	ទទួលបាន	ទទួលបាន	ទទួល បាន	none	none	[["ទទួល","បាន"]]	[{"tokens":["ទទួលបាន"],"cost":3.907167},{"tokens":["ទទួល","បាន"],"cost":5.121984}]	[[{"word":"ទទួលបាន","rac_status":"exact_headword"}],[{"word":"ទទួល","rac_status":"exact_headword"},{"word":"បាន","rac_status":"exact_headword"}]]	1.214817	medium	model	approved	Choose model, alternative_1..3, or uncertain.
amb-0228	nam-020	test	Names and locations	សារមន្ទីរជាតិស្ថិតនៅក្បែរព្រះបរមរាជវាំងក្នុងរាជធានីភ្នំពេញ។	សារមន្ទីរ ជាតិ ស្ថិត នៅ ក្បែរ ព្រះ បរម រាជវាំង ក្នុង រាជធានី ភ្នំពេញ ។	0	9	សារមន្ទីរ	សារមន្ទីរ	សារ មន្ទីរ	none	none	[["សារ","មន្ទីរ"]]	[{"tokens":["សារមន្ទីរ"],"cost":5.24959},{"tokens":["សារ","មន្ទីរ"],"cost":8.4855}]	[[{"word":"សារមន្ទីរ","rac_status":"exact_headword"}],[{"word":"សារ","rac_status":"exact_headword"},{"word":"មន្ទីរ","rac_status":"exact_headword"}]]	3.23591	contextual	model	approved	Choose model, alternative_1..3, or uncertain.
amb-0229	nam-020	test	Names and locations	សារមន្ទីរជាតិស្ថិតនៅក្បែរព្រះបរមរាជវាំងក្នុងរាជធានីភ្នំពេញ។	សារមន្ទីរ ជាតិ ស្ថិត នៅ ក្បែរ ព្រះ បរម រាជវាំង ក្នុង រាជធានី ភ្នំពេញ ។	51	58	ភ្នំពេញ	ភ្នំពេញ	ភ្នំ ពេញ	none	none	[["ភ្នំ","ពេញ"]]	[{"tokens":["ភ្នំពេញ"],"cost":3.799341},{"tokens":["ភ្នំ","ពេញ"],"cost":6.582557}]	[[{"word":"ភ្នំពេញ","rac_status":"exact_headword"}],[{"word":"ភ្នំ","rac_status":"exact_headword"},{"word":"ពេញ","rac_status":"exact_headword"}]]	2.783216	contextual	model	approved	Choose model, alternative_1..3, or uncertain.
amb-0230	nam-021	test	Names and locations	កញ្ញាលីណាបានធ្វើការនៅអង្គការមួយក្នុងក្រុងប៉ោយប៉ែត។	កញ្ញា លី ណា បាន ធ្វើការ នៅ អង្គការ មួយ ក្នុង ក្រុង ប៉ោយ ប៉ែ ត ។	12	19	ធ្វើការ	ធ្វើការ	ធ្វើ ការ	none	none	[["ធ្វើ","ការ"]]	[{"tokens":["ធ្វើការ"],"cost":2.902455},{"tokens":["ធ្វើ","ការ"],"cost":4.185434}]	[[{"word":"ធ្វើការ","rac_status":"exact_headword"}],[{"word":"ធ្វើ","rac_status":"exact_headword"},{"word":"ការ","rac_status":"exact_headword"}]]	1.282979	medium	model	approved	Choose model, alternative_1..3, or uncertain.
amb-0231	nam-021	test	Names and locations	កញ្ញាលីណាបានធ្វើការនៅអង្គការមួយក្នុងក្រុងប៉ោយប៉ែត។	កញ្ញា លី ណា បាន ធ្វើការ នៅ អង្គការ មួយ ក្នុង ក្រុង ប៉ោយ ប៉ែ ត ។	21	28	អង្គការ	អង្គការ	អង្គ ការ	none	none	[["អង្គ","ការ"]]	[{"tokens":["អង្គការ"],"cost":4.232556},{"tokens":["អង្គ","ការ"],"cost":5.500279}]	[[{"word":"អង្គការ","rac_status":"exact_headword"}],[{"word":"អង្គ","rac_status":"exact_headword"},{"word":"ការ","rac_status":"exact_headword"}]]	1.267722	medium	model	approved	Choose model, alternative_1..3, or uncertain.
amb-0232	nam-022	test	Names and locations	ផ្លូវពីក្រចេះទៅស្ទឹងត្រែងរត់តាមដងទន្លេមេគង្គ។	ផ្លូវ ពី ក្រចេះ ទៅ ស្ទឹងត្រែង រត់ តាម ដង ទន្លេ មេគង្គ ។	7	13	ក្រចេះ	ក្រចេះ	ក្រ ចេះ	none	none	[["ក្រ","ចេះ"]]	[{"tokens":["ក្រចេះ"],"cost":4.64753},{"tokens":["ក្រ","ចេះ"],"cost":6.524067}]	[[{"word":"ក្រចេះ","rac_status":"exact_headword"}],[{"word":"ក្រ","rac_status":"exact_headword"},{"word":"ចេះ","rac_status":"exact_headword"}]]	1.876538	medium	model	approved	Choose model, alternative_1..3, or uncertain.
amb-0233	nam-023	test	Names and locations	ប្រាសាទព្រះវិហារស្ថិតនៅលើតំបន់ខ្ពង់រាប។	ប្រាសាទ ព្រះវិហារ ស្ថិត នៅ លើ តំបន់ខ្ពង់រាប ។	7	16	ព្រះវិហារ	ព្រះវិហារ	ព្រះ វិហារ	none	none	[["ព្រះ","វិហារ"]]	[{"tokens":["ព្រះវិហារ"],"cost":4.517196},{"tokens":["ព្រះ","វិហារ"],"cost":6.162152}]	[[{"word":"ព្រះវិហារ","rac_status":"exact_headword"}],[{"word":"ព្រះ","rac_status":"exact_headword"},{"word":"វិហារ","rac_status":"exact_headword"}]]	1.644956	medium	model	approved	Choose model, alternative_1..3, or uncertain.
amb-0234	nam-024	test	Names and locations	សុវណ្ណបានទៅលេងសាច់ញាតិនៅស្រុកមោងឫស្សី។	សុវណ្ណ បាន ទៅ លេង សាច់ញាតិ នៅ ស្រុក មោង ឫស្សី ។	14	22	សាច់ញាតិ	សាច់ញាតិ	សាច់ ញាតិ	none	none	[["សាច់","ញាតិ"]]	[{"tokens":["សាច់ញាតិ"],"cost":4.669806},{"tokens":["សាច់","ញាតិ"],"cost":6.545586}]	[[{"word":"សាច់ញាតិ","rac_status":"exact_headword"}],[{"word":"សាច់","rac_status":"exact_headword"},{"word":"ញាតិ","rac_status":"exact_headword"}]]	1.87578	medium	model	approved	Choose model, alternative_1..3, or uncertain.
amb-0235	rep-001	dev	Repetition forms and numerals	កុមារម្នាក់ៗទទួលបានសៀវភៅពីរក្បាល។	កុមារ ម្នាក់ៗ ទទួលបាន សៀវភៅ ពីរ ក្បាល ។	12	19	ទទួលបាន	ទទួលបាន	ទទួល បាន	none	none	[["ទទួល","បាន"]]	[{"tokens":["ទទួលបាន"],"cost":3.907167},{"tokens":["ទទួល","បាន"],"cost":5.121984}]	[[{"word":"ទទួលបាន","rac_status":"exact_headword"}],[{"word":"ទទួល","rac_status":"exact_headword"},{"word":"បាន","rac_status":"exact_headword"}]]	1.214817	medium	model	approved	Choose model, alternative_1..3, or uncertain.
amb-0236	rep-002	dev	Repetition forms and numerals	អ្នកចូលរួមត្រូវឈរជាក្រុមៗនៅមុខសាលា។	អ្នក ចូលរួម ត្រូវ ឈរ ជា ក្រុម ៗ នៅ មុខ សាលា ។	4	10	ចូលរួម	ចូលរួម	ចូល រួម	none	none	[["ចូល","រួម"]]	[{"tokens":["ចូលរួម"],"cost":3.94856},{"tokens":["ចូល","រួម"],"cost":6.134397}]	[[{"word":"ចូលរួម","rac_status":"exact_headword"}],[{"word":"ចូល","rac_status":"exact_headword"},{"word":"រួម","rac_status":"exact_headword"}]]	2.185838	contextual	model	approved	Choose model, alternative_1..3, or uncertain.
amb-0237	rep-003	dev	Repetition forms and numerals	គាត់ដើរយឺតៗតាមផ្លូវក្បែរមាត់ទន្លេ។	គាត់ ដើរ យឺតៗ តាម ផ្លូវ ក្បែរ មាត់ទន្លេ ។	24	33	មាត់ទន្លេ	មាត់ទន្លេ	មាត់ ទន្លេ	none	none	[["មាត់","ទន្លេ"]]	[{"tokens":["មាត់ទន្លេ"],"cost":4.586832},{"tokens":["មាត់","ទន្លេ"],"cost":6.579599}]	[[{"word":"មាត់ទន្លេ","rac_status":"exact_headword"}],[{"word":"មាត់","rac_status":"exact_headword"},{"word":"ទន្លេ","rac_status":"exact_headword"}]]	1.992767	medium	model	approved	Choose model, alternative_1..3, or uncertain.
amb-0238	rep-008	dev	Repetition forms and numerals	កិច្ចប្រជុំចាប់ផ្តើមម៉ោង៨និង៣០នាទីព្រឹក។	កិច្ច ប្រជុំ ចាប់ផ្តើម ម៉ោង ៨ និង ៣០ នាទី ព្រឹក ។	11	20	ចាប់ផ្តើម	ចាប់ផ្តើម	ចាប់ ផ្តើម	none	none	[["ចាប់","ផ្តើម"]]	[{"tokens":["ចាប់ផ្តើម"],"cost":4.034746},{"tokens":["ចាប់","ផ្តើម"],"cost":6.847359}]	[[{"word":"ចាប់ផ្តើម","rac_status":"generated_visual_alias"}],[{"word":"ចាប់","rac_status":"exact_headword"},{"word":"ផ្តើម","rac_status":"generated_visual_alias"}]]	2.812613	contextual	model	approved	Choose model, alternative_1..3, or uncertain.
amb-0239	rep-008	dev	Repetition forms and numerals	កិច្ចប្រជុំចាប់ផ្តើមម៉ោង៨និង៣០នាទីព្រឹក។	កិច្ច ប្រជុំ ចាប់ផ្តើម ម៉ោង ៨ និង ៣០ នាទី ព្រឹក ។	30	34	នាទី	នាទី	នា ទី	none	none	[["នា","ទី"]]	[{"tokens":["នាទី"],"cost":3.911133},{"tokens":["នា","ទី"],"cost":6.117414}]	[[{"word":"នាទី","rac_status":"exact_headword"}],[{"word":"នា","rac_status":"exact_headword"},{"word":"ទី","rac_status":"exact_headword"}]]	2.206281	contextual	model	approved	Choose model, alternative_1..3, or uncertain.
amb-0240	rep-012	dev	Repetition forms and numerals	សិស្សបានដាំកូនឈើ២៥ដើមនៅថ្ងៃទី៥ខែមិថុនា។	សិស្ស បាន ដាំ កូនឈើ ២៥ ដើម នៅ ថ្ងៃ ទី ៥ ខែ មិថុនា ។	11	16	កូនឈើ	កូនឈើ	កូន ឈើ	none	none	[["កូន","ឈើ"]]	[{"tokens":["កូនឈើ"],"cost":4.834616},{"tokens":["កូន","ឈើ"],"cost":5.485466}]	[[{"word":"កូនឈើ","rac_status":"exact_headword"}],[{"word":"កូន","rac_status":"exact_headword"},{"word":"ឈើ","rac_status":"exact_headword"}]]	0.65085	high	model	approved	Choose model, alternative_1..3, or uncertain.
amb-0241	rep-013	dev	Repetition forms and numerals	ភ្ញៀវបានចូលមកជាបន្តបន្ទាប់ម្តងមួយៗ។	ភ្ញៀវ បាន ចូល មក ជា បន្តបន្ទាប់ ម្តង មួយៗ ។	15	26	បន្តបន្ទាប់	បន្តបន្ទាប់	បន្ត បន្ទាប់	none	none	[["បន្ត","បន្ទាប់"]]	[{"tokens":["បន្តបន្ទាប់"],"cost":4.568348},{"tokens":["បន្ត","បន្ទាប់"],"cost":7.558503}]	[[{"word":"បន្តបន្ទាប់","rac_status":"exact_headword"}],[{"word":"បន្ត","rac_status":"exact_headword"},{"word":"បន្ទាប់","rac_status":"exact_headword"}]]	2.990155	contextual	model	approved	Choose model, alternative_1..3, or uncertain.
amb-0242	rep-017	test	Repetition forms and numerals	ទឹកមួយដបមានចំណុះ១,៥លីត្រ។	ទឹក មួយ ដប មាន ចំណុះ ១,៥ លីត្រ ។	19	24	លីត្រ	លីត្រ	លី ត្រ	none	none	[["លី","ត្រ"]]	[{"tokens":["លីត្រ"],"cost":5.170408},{"tokens":["លី","ត្រ"],"cost":8.459686}]	[[{"word":"លីត្រ","rac_status":"exact_headword"}],[{"word":"លី","rac_status":"exact_headword"},{"word":"ត្រ","rac_status":"exact_headword"}]]	3.289277	contextual	model	approved	Choose model, alternative_1..3, or uncertain.
amb-0243	rep-019	test	Repetition forms and numerals	កីឡាកររត់ជុំវិញទីលាន៤ជុំរៀងរាល់ព្រឹក។	កីឡាករ រត់ ជុំវិញ ទីលាន ៤ ជុំ រៀង រាល់ ព្រឹក ។	9	15	ជុំវិញ	ជុំវិញ	ជុំ វិញ	none	none	[["ជុំ","វិញ"]]	[{"tokens":["ជុំវិញ"],"cost":3.688488},{"tokens":["ជុំ","វិញ"],"cost":7.067584}]	[[{"word":"ជុំវិញ","rac_status":"exact_headword"}],[{"word":"ជុំ","rac_status":"exact_headword"},{"word":"វិញ","rac_status":"exact_headword"}]]	3.379096	contextual	model	approved	Choose model, alternative_1..3, or uncertain.
amb-0244	rep-019	test	Repetition forms and numerals	កីឡាកររត់ជុំវិញទីលាន៤ជុំរៀងរាល់ព្រឹក។	កីឡាករ រត់ ជុំវិញ ទីលាន ៤ ជុំ រៀង រាល់ ព្រឹក ។	15	20	ទីលាន	ទីលាន	ទី លាន	none	none	[["ទី","លាន"]]	[{"tokens":["ទីលាន"],"cost":4.994317},{"tokens":["ទី","លាន"],"cost":6.746824}]	[[{"word":"ទីលាន","rac_status":"exact_headword"}],[{"word":"ទី","rac_status":"exact_headword"},{"word":"លាន","rac_status":"exact_headword"}]]	1.752506	medium	model	approved	Choose model, alternative_1..3, or uncertain.
amb-0245	uni-008	dev	Valid but difficult Unicode	គាត់បាននិយាយថា«សូមអរគុណ»។	គាត់ បាន និយាយ ថា « សូម អរគុណ » ។	18	23	អរគុណ	អរគុណ	អរ គុណ	none	none	[["អរ","គុណ"]]	[{"tokens":["អរគុណ"],"cost":5.170408},{"tokens":["អរ","គុណ"],"cost":7.725832}]	[[{"word":"អរគុណ","rac_status":"exact_headword"}],[{"word":"អរ","rac_status":"exact_headword"},{"word":"គុណ","rac_status":"exact_headword"}]]	2.555423	contextual	model	approved	Choose model, alternative_1..3, or uncertain.
amb-0246	uni-010	dev	Valid but difficult Unicode	ព្រះពុទ្ធសាសនាបង្រៀនឱ្យមនុស្សប្រព្រឹត្តអំពើល្អ។	ព្រះ ពុទ្ធសាសនា បង្រៀន ឱ្យ មនុស្ស ប្រព្រឹត្ត អំពើ ល្អ ។	4	14	ពុទ្ធសាសនា	ពុទ្ធសាសនា	ពុទ្ធ សាសនា	none	none	[["ពុទ្ធ","សាសនា"]]	[{"tokens":["ពុទ្ធសាសនា"],"cost":3.513991},{"tokens":["ពុទ្ធ","សាសនា"],"cost":6.965865}]	[[{"word":"ពុទ្ធសាសនា","rac_status":"exact_headword"}],[{"word":"ពុទ្ធ","rac_status":"exact_headword"},{"word":"សាសនា","rac_status":"exact_headword"}]]	3.451874	contextual	uncertain	draft	ព្រះពុទ្ធសាសនា
amb-0247	uni-011	test	Valid but difficult Unicode	សិស្សបានសរសេរពាក្យ«កម្មវិធី»នៅលើក្ដារខៀន។	សិស្ស បាន សរសេរ ពាក្យ « កម្មវិធី » នៅ លើ ក្ដារខៀន ។	19	27	កម្មវិធី	កម្មវិធី	កម្ម វិធី	none	none	[["កម្ម","វិធី"]]	[{"tokens":["កម្មវិធី"],"cost":4.170408},{"tokens":["កម្ម","វិធី"],"cost":7.242596}]	[[{"word":"កម្មវិធី","rac_status":"exact_headword"}],[{"word":"កម្ម","rac_status":"exact_headword"},{"word":"វិធី","rac_status":"exact_headword"}]]	3.072188	contextual	model	approved	Choose model, alternative_1..3, or uncertain.
amb-0248	uni-012	test	Valid but difficult Unicode	សិស្សបានសរសេរពាក្យ«កម្មវិធី»នៅលើក្តារខៀន។	សិស្ស បាន សរសេរ ពាក្យ « កម្មវិធី » នៅ លើ ក្តារខៀន ។	19	27	កម្មវិធី	កម្មវិធី	កម្ម វិធី	none	none	[["កម្ម","វិធី"]]	[{"tokens":["កម្មវិធី"],"cost":4.170408},{"tokens":["កម្ម","វិធី"],"cost":7.242596}]	[[{"word":"កម្មវិធី","rac_status":"exact_headword"}],[{"word":"កម្ម","rac_status":"exact_headword"},{"word":"វិធី","rac_status":"exact_headword"}]]	3.072188	contextual	model	approved	Choose model, alternative_1..3, or uncertain.
amb-0249	uni-015	test	Valid but difficult Unicode	ពួកគេបញ្ចប់ការងារហើយៗក៏ត្រឡប់ទៅផ្ទះវិញ។	ពួក គេ បញ្ចប់ ការងារ ហើយៗ ក៏ ត្រឡប់ ទៅ ផ្ទះ វិញ ។	11	17	ការងារ	ការងារ	ការ ងារ	none	none	[["ការ","ងារ"]]	[{"tokens":["ការងារ"],"cost":3.357495},{"tokens":["ការ","ងារ"],"cost":6.002954}]	[[{"word":"ការងារ","rac_status":"exact_headword"}],[{"word":"ការ","rac_status":"exact_headword"},{"word":"ងារ","rac_status":"exact_headword"}]]	2.645459	contextual	model	approved	Choose model, alternative_1..3, or uncertain.
