word	status	source	decision	note
កកកុះ	approved	reviewed	standard	no Chuon definition; legacy word
កកាប	approved	reviewed	standard	no Chuon definition; legacy word
កកិបកកុប	approved	reviewed	standard	no Chuon definition; legacy word
កកី	approved	reviewed	standard	no Chuon definition; legacy word
កកូន	approved	sbbic-khmer-wordlist	standard	no Chuon definition; legacy word
កកួរ	approved	reviewed	standard	no Chuon definition; legacy word
កកើត	approved	reviewed	standard	no Chuon definition; legacy word
កកែះ	approved	reviewed	variant	no Chuon definition; legacy word
កកោកកកាក	approved	reviewed	variant	no Chuon definition; legacy word
កក្រោក	approved	reviewed	standard	no Chuon definition; legacy word
កក្អៀកកក្អាយ	approved	reviewed	variant	no Chuon definition; legacy word
កខក់	approved	reviewed	standard	no Chuon definition; legacy word
កខិក	approved	reviewed	variant	no Chuon definition; legacy word
កខិប	approved	reviewed	standard	no Chuon definition; legacy word
កខែកកខោក	approved	sbbic-khmer-wordlist	standard	no Chuon definition; legacy word
កខ្វើក	approved	reviewed	variant	no Chuon definition; legacy word
កងក្រវិល	approved	reviewed	variant	no Chuon definition; legacy word
កងមុខ	approved	sbbic-khmer-wordlist	standard	no Chuon definition; legacy word
កងវរៈសេនាតូច	approved	reviewed	variant	no Chuon definition; legacy word
កង្កុច	approved	reviewed	standard	no Chuon definition; legacy word
កង្កៀន	approved	reviewed	standard	no Chuon definition; legacy word
កង្វក់	approved	reviewed	standard	no Chuon definition; legacy word
កង្វែល	approved	reviewed	standard	no Chuon definition; legacy word
កង្ហរ	approved	reviewed	standard	no Chuon definition; legacy word
កញ	approved	sbbic-khmer-wordlist	standard	no Chuon definition; legacy word
កញឆល	approved	sbbic-khmer-wordlist	standard	no Chuon definition; legacy word
កញ្ចង	approved	reviewed	standard	no Chuon definition; legacy word
កញ្ចាញ់	approved	reviewed	standard	no Chuon definition; legacy word
កញ្ចាញ់ច្រាស់	approved	reviewed	variant	no Chuon definition; legacy word
កញ្ចាត	approved	reviewed	standard	no Chuon definition; legacy word
កញ្ចឹង	approved	reviewed	standard	no Chuon definition; legacy word
កញ្ចុប	approved	reviewed	standard	no Chuon definition; legacy word
កញ្ចុបកញ្ចូវ	approved	reviewed	variant	no Chuon definition; legacy word
កញ្ចោម	approved	reviewed	standard	no Chuon definition; legacy word
កញ្ចំ	approved	reviewed	standard	no Chuon definition; legacy word
កញ្ច្រក	approved	reviewed	standard	no Chuon definition; legacy word
កញ្ច្រិប	approved	reviewed	standard	no Chuon definition; legacy word
កញ្ច្រឹង	approved	reviewed	standard	no Chuon definition; legacy word
កញ្ច្រឹប	approved	reviewed	standard	no Chuon definition; legacy word
កញ្ឆក់កញ្ឆេង	approved	reviewed	variant	no Chuon definition; legacy word
កញ្ឆិក	approved	reviewed	standard	no Chuon definition; legacy word
កញ្ឆូង	approved	sbbic-khmer-wordlist	standard	no Chuon definition; legacy word
កញ្ឆៀង	approved	sbbic-khmer-wordlist	standard	no Chuon definition; legacy word
កញ្ឆេ	approved	reviewed	standard	no Chuon definition; legacy word
កញ្ឆេត	approved	sbbic-khmer-wordlist	standard	no Chuon definition; legacy word
កញ្ឆែ	approved	sbbic-khmer-wordlist	standard	no Chuon definition; legacy word
កញ្ឆោង	approved	sbbic-khmer-wordlist	standard	no Chuon definition; legacy word
កញ្ជក់	approved	sbbic-khmer-wordlist	standard	no Chuon definition; legacy word
កញ្ជរាធិបតី	approved	sbbic-khmer-wordlist	standard	no Chuon definition; legacy word
កញ្ជាប់	approved	sbbic-khmer-wordlist	standard	no Chuon definition; legacy word
កញ្ជើរ	approved	reviewed	standard	no Chuon definition; legacy word
កញ្ជេះ	approved	reviewed	standard	no Chuon definition; legacy word
កញ្ជោ	approved	reviewed	standard	no Chuon definition; legacy word
កញ្ជ្រាំង	approved	reviewed	variant	no Chuon definition; legacy word
កញ្ជ្រិល	approved	reviewed	variant	no Chuon definition; legacy word
កញ្ជ្រីវ	approved	reviewed	variant	no Chuon definition; legacy word
កញ្ជ្រៅ	approved	sbbic-khmer-wordlist	standard	no Chuon definition; legacy word
កណ្ដក់សញ្ញា	approved	reviewed	variant	no matching RAC definition; legacy word
កណ្ដាក់	approved	reviewed	standard	no Chuon definition; legacy word
កណ្ដឹប	approved	sbbic-khmer-wordlist	standard	no Chuon definition; legacy word
កណ្ដែក	approved	reviewed	standard	no Chuon definition; legacy word
កណ្ដែង	approved	reviewed	standard	no Chuon definition; legacy word
កណ្ដោក	approved	reviewed	standard	no Chuon definition; legacy word
កត	approved	sbbic-khmer-wordlist	standard	no Chuon definition; legacy word
កតញ្ញូតា	approved	reviewed	variant	no Chuon definition; legacy word
កតញ្ញូតាធម៌	approved	reviewed	variant	no Chuon definition; legacy word
កតលិករ	approved	sbbic-khmer-wordlist	standard	no Chuon definition; legacy word
កតវសាន	approved	reviewed	variant	no Chuon definition; legacy word
កតឹប	approved	sbbic-khmer-wordlist	standard	no Chuon definition; legacy word
កត់ទុក	approved	sbbic-khmer-wordlist	standard	no Chuon definition; legacy word
កនិដ្ឋ	approved	sbbic-khmer-wordlist	standard	no Chuon definition; legacy word
កន្ដាញ់	approved	sbbic-khmer-wordlist	standard	no Chuon definition; legacy word
កន្តង	approved	reviewed	standard	no Chuon definition; legacy word
កន្តាញ់	approved	reviewed	variant	no Chuon definition; legacy word
កន្តូប	approved	reviewed	standard	no Chuon definition; legacy word
កន្តឿ	approved	reviewed	standard	no Chuon definition; legacy word
កន្តៅរ៉ៅ	approved	reviewed	standard	no Chuon definition; legacy word
កន្ត្រាង	approved	reviewed	standard	no Chuon definition; legacy word
កន្ត្រឺង	approved	reviewed	standard	no Chuon definition; legacy word
កន្ត្រឺងប្រឹង	approved	reviewed	standard	no Chuon definition; legacy word
កន្ត្រុំ	approved	reviewed	standard	no Chuon definition; legacy word
កន្ត្រើង	approved	reviewed	standard	no Chuon definition; legacy word
កន្ត្រែ	approved	reviewed	standard	no Chuon definition; legacy word
កន្ត្រោក	approved	reviewed	standard	no Chuon definition; legacy word
កន្ត្រំ	approved	reviewed	standard	no Chuon definition; legacy word
កន្ថោក	approved	reviewed	standard	no Chuon definition; legacy word
កន្ទប់	approved	reviewed	standard	no Chuon definition; legacy word
កន្ទល់	approved	reviewed	variant	no Chuon definition; legacy word
កន្ទាចអាល	approved	sbbic-khmer-wordlist	standard	no Chuon definition; legacy word
កន្ទាស់	approved	reviewed	standard	no Chuon definition; legacy word
កន្ទាំង	approved	sbbic-khmer-wordlist	standard	no Chuon definition; legacy word
កន្ទិចអាល	approved	sbbic-khmer-wordlist	standard	no Chuon definition; legacy word
កន្ទុយបារី	approved	reviewed	standard	no Chuon definition; legacy word
កន្ទៀត	approved	reviewed	standard	no Chuon definition; legacy word
កន្ទេលផៃង	approved	sbbic-khmer-wordlist	standard	no Chuon definition; legacy word
កន្ទែល	approved	reviewed	standard	no Chuon definition; legacy word
កន្ទំរុយ	approved	reviewed	variant	no Chuon definition; legacy word
កន្ទ្រាក់	approved	sbbic-khmer-wordlist	standard	no Chuon definition; legacy word
កន្ទ្រាំង	approved	sbbic-khmer-wordlist	standard	no Chuon definition; legacy word
កន្ទ្រិប	approved	sbbic-khmer-wordlist	standard	no Chuon definition; legacy word
កន្ទ្រឺស	approved	sbbic-khmer-wordlist	standard	no Chuon definition; legacy word
កន្ទ្រូល	approved	sbbic-khmer-wordlist	standard	no Chuon definition; legacy word
កន្ទ្រោប	approved	sbbic-khmer-wordlist	standard	no Chuon definition; legacy word
កន្ធីងកន្ធាំង	approved	sbbic-khmer-wordlist	standard	no Chuon definition; legacy word
កន្ធែង	approved	sbbic-khmer-wordlist	standard	no Chuon definition; legacy word
កន្ធំ	approved	sbbic-khmer-wordlist	standard	no Chuon definition; legacy word
កន្លេញ	approved	sbbic-khmer-wordlist	standard	no Chuon definition; legacy word
កន្លោត	approved	sbbic-khmer-wordlist	standard	no Chuon definition; legacy word
កបិត	approved	sbbic-khmer-wordlist	standard	no Chuon definition; legacy word
កប៉ាល់ទឹក	approved	sbbic-khmer-wordlist	standard	no Chuon definition; legacy word
កពិផៅ	approved	sbbic-khmer-wordlist	standard	no Chuon definition; legacy word
កភូមិ	approved	sbbic-khmer-wordlist	standard	no Chuon definition; legacy word
កមាសវៈ	approved	sbbic-khmer-wordlist	standard	no Chuon definition; legacy word
កម្បាំង	approved	sbbic-khmer-wordlist	standard	no Chuon definition; legacy word
កម្មការនី	approved	sbbic-khmer-wordlist	standard	no Chuon definition; legacy word
កម្មវចាចារ្យ	approved	sbbic-khmer-wordlist	standard	no Chuon definition; legacy word
កម្មវចៈ	approved	sbbic-khmer-wordlist	standard	no Chuon definition; legacy word
កម្រតែ	approved	sbbic-khmer-wordlist	standard	no Chuon definition; legacy word
កម្រប	approved	sbbic-khmer-wordlist	standard	no Chuon definition; legacy word
កម្រើប	approved	sbbic-khmer-wordlist	standard	no Chuon definition; legacy word
កម្រេប	approved	sbbic-khmer-wordlist	standard	no Chuon definition; legacy word
កម្រែង	approved	sbbic-khmer-wordlist	standard	no Chuon definition; legacy word
កម្រោល	approved	sbbic-khmer-wordlist	standard	no Chuon definition; legacy word
កម្លៅចិត្ត	approved	sbbic-khmer-wordlist	standard	no Chuon definition; legacy word
ករណនិយម	approved	sbbic-khmer-wordlist	standard	no Chuon definition; legacy word
ករណីនេះ	approved	sbbic-khmer-wordlist	standard	no Chuon definition; legacy word
ករីស	approved	sbbic-khmer-wordlist	standard	no Chuon definition; legacy word
កលា	approved	sbbic-khmer-wordlist	standard	no Chuon definition; legacy word
កលាប	approved	sbbic-khmer-wordlist	standard	no Chuon definition; legacy word
កអាវ	approved	sbbic-khmer-wordlist	standard	no Chuon definition; legacy word
កាកអំំពៅ	approved	sbbic-khmer-wordlist	standard	no Chuon definition; legacy word
កាកាប	approved	reviewed	standard	no Chuon definition; legacy word
កាកែល	approved	reviewed	standard	no Chuon definition; legacy word
កាចកោង	approved	sbbic-khmer-wordlist	standard	no Chuon definition; legacy word
កាចូន	approved	sbbic-khmer-wordlist	standard	no Chuon definition; legacy word
កាចៅ	approved	sbbic-khmer-wordlist	standard	no Chuon definition; legacy word
កាច់ក	approved	sbbic-khmer-wordlist	standard	no Chuon definition; legacy word
កាច់កែ	approved	sbbic-khmer-wordlist	standard	no Chuon definition; legacy word
កាច់កៃ	approved	sbbic-khmer-wordlist	standard	no Chuon definition; legacy word
កាឆាយ	approved	sbbic-khmer-wordlist	standard	no Chuon definition; legacy word
កាណោ	approved	sbbic-khmer-wordlist	standard	no Chuon definition; legacy word
កាតារ	approved	sbbic-khmer-wordlist	standard	no Chuon definition; legacy word
កាតូត	approved	unknown	standard	no Chuon definition; legacy word
កាតែល	approved	sbbic-khmer-wordlist	standard	no Chuon definition; legacy word
កាត់កាល	approved	sbbic-khmer-wordlist	standard	no Chuon definition; legacy word
កាត់ចិត្ត	approved	sbbic-khmer-wordlist	standard	no Chuon definition; legacy word
កាត់ត	approved	reviewed	standard	no Chuon definition; legacy word
កាត់ស៊ី	approved	sbbic-khmer-wordlist	standard	no Chuon definition; legacy word
កាថា	approved	sbbic-khmer-wordlist	standard	no Chuon definition; legacy word
កាទឹក	approved	sbbic-khmer-wordlist	standard	no Chuon definition; legacy word
កានព្លូ	approved	sbbic-khmer-wordlist	standard	no Chuon definition; legacy word
កាន់សាសន៍	approved	sbbic-khmer-wordlist	standard	no Chuon definition; legacy word
កាន់សិល	approved	sbbic-khmer-wordlist	standard	no Chuon definition; legacy word
កាបូ	approved	sbbic-khmer-wordlist	standard	no Chuon definition; legacy word
កាបួ	approved	sbbic-khmer-wordlist	standard	no Chuon definition; legacy word
កាប៉ា	approved	sbbic-khmer-wordlist	standard	no Chuon definition; legacy word
កាប៉ិកកាប៉ុក	approved	sbbic-khmer-wordlist	standard	no Chuon definition; legacy word
កាប៉ុក	approved	sbbic-khmer-wordlist	standard	no Chuon definition; legacy word
កាប៉ូ	approved	sbbic-khmer-wordlist	standard	no Chuon definition; legacy word
កាប៉ូរ៉ាល	approved	sbbic-khmer-wordlist	standard	no Chuon definition; legacy word
កាប៊ី	approved	sbbic-khmer-wordlist	standard	no Chuon definition; legacy word
កាប៊ុង	approved	sbbic-khmer-wordlist	standard	no Chuon definition; legacy word
កាប៊ុល	approved	sbbic-khmer-wordlist	standard	no Chuon definition; legacy word
កាពិជៅ	approved	sbbic-khmer-wordlist	standard	no Chuon definition; legacy word
កាមរតី	approved	sbbic-khmer-wordlist	standard	no Chuon definition; legacy word
កាមា	approved	sbbic-khmer-wordlist	standard	no Chuon definition; legacy word
កាមីញ៉ុង	approved	sbbic-khmer-wordlist	standard	no Chuon definition; legacy word
កាមេរ៉ូន	approved	sbbic-khmer-wordlist	standard	no Chuon definition; legacy word
កាម៉ែត	approved	sbbic-khmer-wordlist	standard	no Chuon definition; legacy word
កាយពន្ធន៉	approved	sbbic-khmer-wordlist	standard	no Chuon definition; legacy word
កាយា	approved	sbbic-khmer-wordlist	standard	no Chuon definition; legacy word
ការគួរ	approved	sbbic-khmer-wordlist	standard	no Chuon definition; legacy word
ការចប់	approved	sbbic-khmer-wordlist	standard	no Chuon definition; legacy word
ការចែក	approved	sbbic-khmer-wordlist	standard	no Chuon definition; legacy word
ការណែនាំ	approved	sbbic-khmer-wordlist	standard	no Chuon definition; legacy word
ការនោះ	approved	sbbic-khmer-wordlist	standard	no Chuon definition; legacy word
ការលោះ	approved	sbbic-khmer-wordlist	standard	no Chuon definition; legacy word
ការហាត់	approved	sbbic-khmer-wordlist	standard	no Chuon definition; legacy word
ការអាល	approved	sbbic-khmer-wordlist	standard	no Chuon definition; legacy word
ការីនី	approved	sbbic-khmer-wordlist	standard	no Chuon definition; legacy word
ការុញ្ញ	approved	sbbic-khmer-wordlist	standard	no Chuon definition; legacy word
ការេ	approved	sbbic-khmer-wordlist	standard	no Chuon definition; legacy word
ការេម	approved	sbbic-khmer-wordlist	standard	no Chuon definition; legacy word
ការេមកី	approved	sbbic-khmer-wordlist	standard	no Chuon definition; legacy word
ការ៉ង់	approved	sbbic-khmer-wordlist	standard	no Chuon definition; legacy word
ការ៉ាតេ	approved	sbbic-khmer-wordlist	standard	no Chuon definition; legacy word
ការ៉ាំង	approved	sbbic-khmer-wordlist	standard	no Chuon definition; legacy word
កាលនោះ	approved	sbbic-khmer-wordlist	standard	no Chuon definition; legacy word
កាលបើ	approved	sbbic-khmer-wordlist	standard	no Chuon definition; legacy word
កាលពី	approved	sbbic-khmer-wordlist	standard	no Chuon definition; legacy word
កាលេ	approved	sbbic-khmer-wordlist	standard	no Chuon definition; legacy word
កាវែន	approved	sbbic-khmer-wordlist	standard	no Chuon definition; legacy word
កាសិត	approved	sbbic-khmer-wordlist	standard	no Chuon definition; legacy word
កាស្យូ	approved	sbbic-khmer-wordlist	standard	no Chuon definition; legacy word
កាហាត់	approved	sbbic-khmer-wordlist	standard	no Chuon definition; legacy word
កាហែង	approved	sbbic-khmer-wordlist	standard	no Chuon definition; legacy word
កាឡុង	approved	sbbic-khmer-wordlist	standard	no Chuon definition; legacy word
កាឡូ	approved	sbbic-khmer-wordlist	standard	no Chuon definition; legacy word
កាឡែង	approved	sbbic-khmer-wordlist	standard	no Chuon definition; legacy word
កាំកង់	approved	sbbic-khmer-wordlist	standard	no Chuon definition; legacy word
កាំមីញ៉ុង	approved	sbbic-khmer-wordlist	standard	no Chuon definition; legacy word
កាំម្ញ៉ុង	approved	sbbic-khmer-wordlist	standard	no Chuon definition; legacy word
កាំម្រឹក	approved	sbbic-khmer-wordlist	standard	no Chuon definition; legacy word
កាំរទេះ	approved	sbbic-khmer-wordlist	standard	no Chuon definition; legacy word
កាំសរ	approved	sbbic-khmer-wordlist	standard	no Chuon definition; legacy word
កាំសាប	approved	sbbic-khmer-wordlist	standard	no Chuon definition; legacy word
កិក	approved	sbbic-khmer-wordlist	standard	no Chuon definition; legacy word
កិចុង	approved	sbbic-khmer-wordlist	standard	no Chuon definition; legacy word
កិណសិលា	approved	reviewed	variant	no Chuon definition; legacy word
កិត្តសព្ទ	approved	sbbic-khmer-wordlist	standard	no Chuon definition; legacy word
កិរិយាវាទី	approved	sbbic-khmer-wordlist	standard	no Chuon definition; legacy word
កីសោ	approved	sbbic-khmer-wordlist	standard	no Chuon definition; legacy word
កឹង	approved	reviewed	standard	no Chuon definition; legacy word
កុកស	approved	reviewed	standard	no Chuon definition; legacy word
កុក្កុដ	approved	reviewed	variant	no Chuon definition; legacy word
កុងកាច់	approved	sbbic-khmer-wordlist	standard	no Chuon definition; legacy word
កុងវ័រ	approved	reviewed	standard	no Chuon definition; legacy word
កុងសូល	approved	sbbic-khmer-wordlist	standard	no Chuon definition; legacy word
កុងសែ	approved	sbbic-khmer-wordlist	standard	no Chuon definition; legacy word
កុញ្ចែ	approved	reviewed	variant	no Chuon definition; legacy word
កុដុម្ពិក	approved	sbbic-khmer-wordlist	standard	no Chuon definition; legacy word
កុណ្ឌ	approved	sbbic-khmer-wordlist	standard	no Chuon definition; legacy word
កុត	approved	sbbic-khmer-wordlist	standard	no Chuon definition; legacy word
កុនការ	approved	sbbic-khmer-wordlist	standard	no Chuon definition; legacy word
កុមារា	approved	sbbic-khmer-wordlist	standard	no Chuon definition; legacy word
កុម្ភការី	approved	sbbic-khmer-wordlist	standard	no Chuon definition; legacy word
កុម្មុយនិស្ត	approved	sbbic-khmer-wordlist	standard	no Chuon definition; legacy word
កុម្មុយនិស្តនិយម	approved	sbbic-khmer-wordlist	standard	no Chuon definition; legacy word
កុម្ម៉ង់ដេ	approved	sbbic-khmer-wordlist	standard	no Chuon definition; legacy word
កុស	approved	sbbic-khmer-wordlist	standard	no Chuon definition; legacy word
កុំបាច់	approved	sbbic-khmer-wordlist	standard	no Chuon definition; legacy word
កុំបី	approved	sbbic-khmer-wordlist	standard	no Chuon definition; legacy word
កុំប៉ុស	approved	sbbic-khmer-wordlist	standard	no Chuon definition; legacy word
កុំប៊ីណេ	approved	sbbic-khmer-wordlist	standard	no Chuon definition; legacy word
កុំមក	approved	sbbic-khmer-wordlist	standard	no Chuon definition; legacy word
កុំអាល	approved	sbbic-khmer-wordlist	standard	no Chuon definition; legacy word
កុំអី	approved	sbbic-khmer-wordlist	standard	no Chuon definition; legacy word
កូក	approved	reviewed	standard	no Chuon definition; legacy word
កូដករ	approved	sbbic-khmer-wordlist	standard	no Chuon definition; legacy word
កូដុង	approved	sbbic-khmer-wordlist	standard	no Chuon definition; legacy word
កូនកេប	approved	sbbic-khmer-wordlist	standard	no Chuon definition; legacy word
កូនក្រុម	approved	sbbic-khmer-wordlist	standard	no Chuon definition; legacy word
កូនគូលី	approved	sbbic-khmer-wordlist	standard	no Chuon definition; legacy word
កូនចៃ	approved	sbbic-khmer-wordlist	standard	no Chuon definition; legacy word
កូនជីង	approved	sbbic-khmer-wordlist	standard	no Chuon definition; legacy word
កូនជើង	approved	sbbic-khmer-wordlist	standard	no Chuon definition; legacy word
កូនញី	approved	sbbic-khmer-wordlist	standard	no Chuon definition; legacy word
កូនប្រុស	approved	sbbic-khmer-wordlist	standard	no Chuon definition; legacy word
កូនស	approved	sbbic-khmer-wordlist	standard	no Chuon definition; legacy word
កូនសេះ	approved	sbbic-khmer-wordlist	standard	no Chuon definition; legacy word
កូនស្រី	approved	sbbic-khmer-wordlist	standard	no Chuon definition; legacy word
កូប្រា	approved	sbbic-khmer-wordlist	standard	no Chuon definition; legacy word
កូយ	approved	sbbic-khmer-wordlist	standard	no Chuon definition; legacy word
កូរណា	approved	sbbic-khmer-wordlist	standard	no Chuon definition; legacy word
កូរនំ	approved	sbbic-khmer-wordlist	standard	no Chuon definition; legacy word
កូរពោះ	approved	sbbic-khmer-wordlist	standard	no Chuon definition; legacy word
កូរវឹក	approved	sbbic-khmer-wordlist	standard	no Chuon definition; legacy word
កូរហែវ	approved	sbbic-khmer-wordlist	standard	no Chuon definition; legacy word
កូរ៉េ	approved	sbbic-khmer-wordlist	standard	no Chuon definition; legacy word
កូលេស	approved	sbbic-khmer-wordlist	standard	no Chuon definition; legacy word
កូល៉ុស	approved	sbbic-khmer-wordlist	standard	no Chuon definition; legacy word
កូឡា	approved	sbbic-khmer-wordlist	standard	no Chuon definition; legacy word
កូឡាប	approved	sbbic-khmer-wordlist	standard	no Chuon definition; legacy word
កូឡុំបូ	approved	sbbic-khmer-wordlist	standard	no Chuon definition; legacy word
កូឡុំប៊ី	approved	sbbic-khmer-wordlist	standard	no Chuon definition; legacy word
កូអរដោណេ	approved	sbbic-khmer-wordlist	standard	no Chuon definition; legacy word
កូ៎ក	approved	sbbic-khmer-wordlist	standard	no Chuon definition; legacy word
កួង	approved	reviewed	standard	no Chuon definition; legacy word
កើក	approved	reviewed	standard	no Chuon definition; legacy word
កើតទោស	approved	sbbic-khmer-wordlist	standard	no Chuon definition; legacy word
កើតទោសា	approved	sbbic-khmer-wordlist	standard	no Chuon definition; legacy word
កើតទោសោ	approved	sbbic-khmer-wordlist	standard	no Chuon definition; legacy word
កើនពេល	approved	sbbic-khmer-wordlist	standard	no Chuon definition; legacy word
កៀកក	approved	reviewed	standard	no Chuon definition; legacy word
កៀនកោះ	approved	sbbic-khmer-wordlist	standard	no Chuon definition; legacy word
កៀនជញ្ជាំង	approved	sbbic-khmer-wordlist	standard	no Chuon definition; legacy word
កៀបស៊ី	approved	sbbic-khmer-wordlist	standard	no Chuon definition; legacy word
កេងកិប	approved	sbbic-khmer-wordlist	standard	no Chuon definition; legacy word
កេត	approved	sbbic-khmer-wordlist	standard	no Chuon definition; legacy word
កេនយ៉ា	approved	unknown	standard	no Chuon definition; legacy word
កេនរ	approved	sbbic-khmer-wordlist	standard	no Chuon definition; legacy word
កេរកោះ	approved	sbbic-khmer-wordlist	standard	no Chuon definition; legacy word
កេសរសីហ	approved	sbbic-khmer-wordlist	standard	no Chuon definition; legacy word
កេះកៀវ	approved	sbbic-khmer-wordlist	standard	no Chuon definition; legacy word
កេះកៃ	approved	sbbic-khmer-wordlist	standard	no Chuon definition; legacy word
កេះដី	approved	sbbic-khmer-wordlist	standard	no Chuon definition; legacy word
កែបកង់	approved	sbbic-khmer-wordlist	standard	no Chuon definition; legacy word
កែបសេះ	approved	sbbic-khmer-wordlist	standard	no Chuon definition; legacy word
កៃណរ	approved	sbbic-khmer-wordlist	standard	no Chuon definition; legacy word
កៃលឿង	approved	sbbic-khmer-wordlist	standard	no Chuon definition; legacy word
កោតចិត្ត	approved	sbbic-khmer-wordlist	standard	no Chuon definition; legacy word
កោតញញើត	approved	reviewed	standard	no Chuon definition; legacy word
កោតតែ	approved	reviewed	standard	no Chuon definition; legacy word
កោះកែ	approved	sbbic-khmer-wordlist	standard	no Chuon definition; legacy word
កោះកែវ	approved	sbbic-khmer-wordlist	standard	no Chuon definition; legacy word
កោះគ	approved	sbbic-khmer-wordlist	standard	no Chuon definition; legacy word
កោះចិន	approved	sbbic-khmer-wordlist	standard	no Chuon definition; legacy word
កោះចេក	approved	sbbic-khmer-wordlist	standard	no Chuon definition; legacy word
កោះច្រែង	approved	sbbic-khmer-wordlist	standard	no Chuon definition; legacy word
កោះតាង	approved	sbbic-khmer-wordlist	standard	no Chuon definition; legacy word
កោះតូច	approved	sbbic-khmer-wordlist	standard	no Chuon definition; legacy word
កោះប៉ង់	approved	sbbic-khmer-wordlist	standard	no Chuon definition; legacy word
កោះពស់	approved	sbbic-khmer-wordlist	standard	no Chuon definition; legacy word
កោះពាក់	approved	sbbic-khmer-wordlist	standard	no Chuon definition; legacy word
កោះពីរ	approved	sbbic-khmer-wordlist	standard	no Chuon definition; legacy word
កោះព្រីង	approved	sbbic-khmer-wordlist	standard	no Chuon definition; legacy word
កោះព្រះ	approved	sbbic-khmer-wordlist	standard	no Chuon definition; legacy word
កោះរកា	approved	sbbic-khmer-wordlist	standard	no Chuon definition; legacy word
កោះរុង	approved	sbbic-khmer-wordlist	standard	no Chuon definition; legacy word
កោះរះ	approved	sbbic-khmer-wordlist	standard	no Chuon definition; legacy word
កោះសេះ	approved	sbbic-khmer-wordlist	standard	no Chuon definition; legacy word
កំចាំង	approved	sbbic-khmer-wordlist	standard	no Chuon definition; legacy word
កំណ	approved	sbbic-khmer-wordlist	standard	no Chuon definition; legacy word
កំណូត	approved	sbbic-khmer-wordlist	standard	no Chuon definition; legacy word
កំតាត់	approved	sbbic-khmer-wordlist	standard	no Chuon definition; legacy word
កំនេង	approved	sbbic-khmer-wordlist	standard	no Chuon definition; legacy word
កំបត់	approved	sbbic-khmer-wordlist	standard	no Chuon definition; legacy word
កំបូល	approved	sbbic-khmer-wordlist	standard	no Chuon definition; legacy word
កំបែកកំបាក់	approved	sbbic-khmer-wordlist	standard	no Chuon definition; legacy word
កំប៉ង់	approved	sbbic-khmer-wordlist	standard	no Chuon definition; legacy word
កំប៉ិក	approved	sbbic-khmer-wordlist	standard	no Chuon definition; legacy word
កំប៉ិច	approved	sbbic-khmer-wordlist	standard	no Chuon definition; legacy word
កំប៉ិត	approved	sbbic-khmer-wordlist	standard	no Chuon definition; legacy word
កំប៉ិស	approved	sbbic-khmer-wordlist	standard	no Chuon definition; legacy word
កំប៉ូវ	approved	sbbic-khmer-wordlist	standard	no Chuon definition; legacy word
កំប៉េ	approved	sbbic-khmer-wordlist	standard	no Chuon definition; legacy word
កំប៉ែប	approved	sbbic-khmer-wordlist	standard	no Chuon definition; legacy word
កំប្រូង	approved	sbbic-khmer-wordlist	standard	no Chuon definition; legacy word
កំផែះ	approved	sbbic-khmer-wordlist	standard	no Chuon definition; legacy word
កំផ្លេ	approved	sbbic-khmer-wordlist	standard	no Chuon definition; legacy word
កំពង់លួង	approved	sbbic-khmer-wordlist	standard	no Chuon definition; legacy word
កំពល់	approved	sbbic-khmer-wordlist	standard	no Chuon definition; legacy word
កំពេ	approved	sbbic-khmer-wordlist	standard	no Chuon definition; legacy word
កំពេញ	approved	sbbic-khmer-wordlist	standard	no Chuon definition; legacy word
កំពេះ	approved	sbbic-khmer-wordlist	standard	no Chuon definition; legacy word
កំព្រាយ	approved	sbbic-khmer-wordlist	standard	no Chuon definition; legacy word
កំព្រីង	approved	sbbic-khmer-wordlist	standard	no Chuon definition; legacy word
កំភុន	approved	sbbic-khmer-wordlist	standard	no Chuon definition; legacy word
កំភ្លៅ	approved	sbbic-khmer-wordlist	standard	no Chuon definition; legacy word
កំរង	approved	sbbic-khmer-wordlist	variant	legacy orthography
កំរាប	approved	sbbic-khmer-wordlist	variant	legacy orthography
កំរាស់	approved	sbbic-khmer-wordlist	variant	legacy orthography
កំរិត	approved	sbbic-khmer-wordlist	variant	legacy orthography
កំរើក	approved	sbbic-khmer-wordlist	variant	legacy orthography
កំរៀង	approved	sbbic-khmer-wordlist	standard	no Chuon definition; legacy word
កំរៃ	approved	sbbic-khmer-wordlist	variant	legacy orthography
កំលៀង	approved	sbbic-khmer-wordlist	standard	no Chuon definition; legacy word
កំសាត	approved	sbbic-khmer-wordlist	standard	no Chuon definition; legacy word
កំហួប	approved	sbbic-khmer-wordlist	standard	no Chuon definition; legacy word
កំហែក	approved	sbbic-khmer-wordlist	standard	no Chuon definition; legacy word
កំឡា	approved	sbbic-khmer-wordlist	standard	no Chuon definition; legacy word
កំឡាំង	approved	sbbic-khmer-wordlist	standard	no Chuon definition; legacy word
កំឡុង	approved	sbbic-khmer-wordlist	standard	no Chuon definition; legacy word
កំឡោះ	approved	sbbic-khmer-wordlist	standard	no Chuon definition; legacy word
កំអែ	approved	sbbic-khmer-wordlist	standard	no Chuon definition; legacy word
ក៏ដែរ	approved	sbbic-khmer-wordlist	standard	no Chuon definition; legacy word
ក៏ដោយ	approved	sbbic-khmer-wordlist	standard	no Chuon definition; legacy word
ក៏បាន	approved	sbbic-khmer-wordlist	standard	no Chuon definition; legacy word
ក្ងែងក្ងង់	approved	sbbic-khmer-wordlist	standard	no Chuon definition; legacy word
ក្ដាក	approved	sbbic-khmer-wordlist	standard	no Chuon definition; legacy word
ក្ដាប់ក្ដោប	approved	sbbic-khmer-wordlist	standard	no Chuon definition; legacy word
ក្ដូច	approved	sbbic-khmer-wordlist	standard	no Chuon definition; legacy word
ក្ដូល	approved	sbbic-khmer-wordlist	standard	no Chuon definition; legacy word
ក្ឌឹង	approved	sbbic-khmer-wordlist	standard	no Chuon definition; legacy word
ក្នូរ	approved	sbbic-khmer-wordlist	standard	no Chuon definition; legacy word
ក្បត់បក្ស	approved	sbbic-khmer-wordlist	standard	no Chuon definition; legacy word
ក្បាច់ហៀន	approved	sbbic-khmer-wordlist	standard	no Chuon definition; legacy word
ក្បាលដោះ	approved	sbbic-khmer-wordlist	standard	no Chuon definition; legacy word
ក្បាលទូក	approved	sbbic-khmer-wordlist	standard	no Chuon definition; legacy word
ក្បាលហែង	approved	sbbic-khmer-wordlist	standard	no Chuon definition; legacy word
ក្បាំងមុខ	approved	sbbic-khmer-wordlist	standard	no Chuon definition; legacy word
ក្បិប	approved	sbbic-khmer-wordlist	standard	no Chuon definition; legacy word
ក្បួច	approved	sbbic-khmer-wordlist	standard	no Chuon definition; legacy word
ក្មិត	approved	sbbic-khmer-wordlist	standard	no Chuon definition; legacy word
ក្មូរ	approved	sbbic-khmer-wordlist	standard	no Chuon definition; legacy word
ក្រកោះ	approved	sbbic-khmer-wordlist	standard	no Chuon definition; legacy word
ក្រក្អៀច	approved	sbbic-khmer-wordlist	standard	no Chuon definition; legacy word
ក្រងតេះ	approved	sbbic-khmer-wordlist	standard	no Chuon definition; legacy word
ក្រងួរ	approved	sbbic-khmer-wordlist	standard	no Chuon definition; legacy word
ក្រចាក់	approved	sbbic-khmer-wordlist	standard	no Chuon definition; legacy word
ក្រញាប់	approved	sbbic-khmer-wordlist	standard	no Chuon definition; legacy word
ក្រញិច	approved	sbbic-khmer-wordlist	standard	no Chuon definition; legacy word
ក្រញូង	approved	sbbic-khmer-wordlist	standard	no Chuon definition; legacy word
ក្រញេច	approved	sbbic-khmer-wordlist	standard	no Chuon definition; legacy word
ក្រញែង	approved	sbbic-khmer-wordlist	standard	no Chuon definition; legacy word
ក្រញោះ	approved	sbbic-khmer-wordlist	standard	no Chuon definition; legacy word
ក្រញ៉ម	approved	sbbic-khmer-wordlist	standard	no Chuon definition; legacy word
ក្រត	approved	sbbic-khmer-wordlist	standard	no Chuon definition; legacy word
ក្របខណ្ឌ	approved	sbbic-khmer-wordlist	standard	no Chuon definition; legacy word
ក្របលើ	approved	sbbic-khmer-wordlist	standard	no Chuon definition; legacy word
ក្របេ	approved	sbbic-khmer-wordlist	standard	no Chuon definition; legacy word
ក្រប៉ែត	approved	sbbic-khmer-wordlist	standard	no Chuon definition; legacy word
ក្រមឹល	approved	sbbic-khmer-wordlist	standard	no Chuon definition; legacy word
ក្រមែល	approved	sbbic-khmer-wordlist	standard	no Chuon definition; legacy word
ក្រម៉ាប់	approved	sbbic-khmer-wordlist	standard	no Chuon definition; legacy word
ក្រលើ	approved	sbbic-khmer-wordlist	standard	no Chuon definition; legacy word
ក្រវក	approved	sbbic-khmer-wordlist	standard	no Chuon definition; legacy word
ក្រវៀចក្រវៀន	approved	sbbic-khmer-wordlist	standard	no Chuon definition; legacy word
ក្រវ៉ា	approved	sbbic-khmer-wordlist	standard	no Chuon definition; legacy word
ក្រវ៉ាត់ក	approved	sbbic-khmer-wordlist	standard	no Chuon definition; legacy word
ក្រសាន	approved	sbbic-khmer-wordlist	standard	no Chuon definition; legacy word
ក្រសែត	approved	sbbic-khmer-wordlist	standard	no Chuon definition; legacy word
ក្រហាល	approved	sbbic-khmer-wordlist	standard	no Chuon definition; legacy word
ក្រហុប	approved	sbbic-khmer-wordlist	standard	no Chuon definition; legacy word
ក្រហែម	approved	sbbic-khmer-wordlist	standard	no Chuon definition; legacy word
ក្រឡតបៈ	approved	sbbic-khmer-wordlist	standard	no Chuon definition; legacy word
ក្រឡាត	approved	sbbic-khmer-wordlist	standard	no Chuon definition; legacy word
ក្រឡាប្រថពី	approved	sbbic-khmer-wordlist	standard	no Chuon definition; legacy word
ក្រឡើត	approved	sbbic-khmer-wordlist	standard	no Chuon definition; legacy word
ក្រឡេចក្រឡាច់	approved	sbbic-khmer-wordlist	standard	no Chuon definition; legacy word
ក្រឡេះបេះ	approved	sbbic-khmer-wordlist	standard	no Chuon definition; legacy word
ក្រឡែន	approved	sbbic-khmer-wordlist	standard	no Chuon definition; legacy word
ក្រឡៃ	approved	sbbic-khmer-wordlist	standard	no Chuon definition; legacy word
ក្រឡះ	approved	sbbic-khmer-wordlist	standard	no Chuon definition; legacy word
ក្រអី	approved	sbbic-khmer-wordlist	standard	no Chuon definition; legacy word
ក្រអឹម	approved	sbbic-khmer-wordlist	standard	no Chuon definition; legacy word
ក្រអើត	approved	sbbic-khmer-wordlist	standard	no Chuon definition; legacy word
ក្រអែម	approved	sbbic-khmer-wordlist	standard	no Chuon definition; legacy word
ក្រាត	approved	sbbic-khmer-wordlist	standard	no Chuon definition; legacy word
ក្រាបលា	approved	sbbic-khmer-wordlist	standard	no Chuon definition; legacy word
ក្រាវាត់	approved	sbbic-khmer-wordlist	standard	no Chuon definition; legacy word
ក្រាំពូ	approved	sbbic-khmer-wordlist	standard	no Chuon definition; legacy word
ក្រិក	approved	unknown	standard	no Chuon definition; legacy word
ក្រិត្យ	approved	sbbic-khmer-wordlist	standard	no Chuon definition; legacy word
ក្រិត្យក្រម	approved	sbbic-khmer-wordlist	standard	no Chuon definition; legacy word
ក្រិស្នា	approved	sbbic-khmer-wordlist	standard	no Chuon definition; legacy word
ក្រឹក	approved	sbbic-khmer-wordlist	standard	no Chuon definition; legacy word
ក្រុត	approved	sbbic-khmer-wordlist	standard	no Chuon definition; legacy word
ក្រូម	approved	sbbic-khmer-wordlist	standard	no Chuon definition; legacy word
ក្រូមេ	approved	sbbic-khmer-wordlist	standard	no Chuon definition; legacy word
ក្រូម៉េ	approved	sbbic-khmer-wordlist	standard	no Chuon definition; legacy word
ក្រូស	approved	sbbic-khmer-wordlist	standard	no Chuon definition; legacy word
ក្រូអាត	approved	sbbic-khmer-wordlist	standard	no Chuon definition; legacy word
ក្រួញ	approved	sbbic-khmer-wordlist	standard	no Chuon definition; legacy word
ក្រើក	approved	sbbic-khmer-wordlist	standard	no Chuon definition; legacy word
ក្រេដ	approved	sbbic-khmer-wordlist	standard	no Chuon definition; legacy word
ក្រេត	approved	sbbic-khmer-wordlist	standard	no Chuon definition; legacy word
ក្រេម	approved	sbbic-khmer-wordlist	standard	no Chuon definition; legacy word
ក្រៃណា	approved	sbbic-khmer-wordlist	standard	no Chuon definition; legacy word
ក្រៅកាល	approved	sbbic-khmer-wordlist	standard	no Chuon definition; legacy word
ក្រៅតែ	approved	sbbic-khmer-wordlist	standard	no Chuon definition; legacy word
ក្រៅពី	approved	sbbic-khmer-wordlist	standard	no Chuon definition; legacy word
ក្រៅពីនោះ	approved	sbbic-khmer-wordlist	standard	no Chuon definition; legacy word
ក្លង់	approved	sbbic-khmer-wordlist	standard	no Chuon definition; legacy word
ក្លិប	approved	sbbic-khmer-wordlist	standard	no Chuon definition; legacy word
ក្លឺប	approved	sbbic-khmer-wordlist	standard	no Chuon definition; legacy word
ក្លៀវ	approved	sbbic-khmer-wordlist	standard	no Chuon definition; legacy word
ក្លោង	approved	sbbic-khmer-wordlist	standard	no Chuon definition; legacy word
ក្សណ	approved	sbbic-khmer-wordlist	standard	no Chuon definition; legacy word
ក្សត្រីយ៍	approved	sbbic-khmer-wordlist	standard	no Chuon definition; legacy word
ក្សេត្រភិបាល	approved	sbbic-khmer-wordlist	standard	no Chuon definition; legacy word
ក្សេត្រវិទ	approved	sbbic-khmer-wordlist	standard	no Chuon definition; legacy word
ក្សេមក្សោន្ត	approved	sbbic-khmer-wordlist	standard	no Chuon definition; legacy word
ក្អឹក	approved	sbbic-khmer-wordlist	standard	no Chuon definition; legacy word
ក្អឿក	approved	sbbic-khmer-wordlist	standard	no Chuon definition; legacy word
ក្អេក	approved	sbbic-khmer-wordlist	standard	no Chuon definition; legacy word
ក្អោប	approved	sbbic-khmer-wordlist	standard	no Chuon definition; legacy word
ខចេក	approved	sbbic-khmer-wordlist	standard	no Chuon definition; legacy word
ខត់	approved	sbbic-khmer-wordlist	standard	no Chuon definition; legacy word
ខត្ត	approved	sbbic-khmer-wordlist	standard	no Chuon definition; legacy word
ខត្តិយ	approved	sbbic-khmer-wordlist	standard	no Chuon definition; legacy word
ខត្រី	approved	sbbic-khmer-wordlist	standard	no Chuon definition; legacy word
ខនខែ	approved	sbbic-khmer-wordlist	standard	no Chuon definition; legacy word
ខន្តីី	approved	sbbic-khmer-wordlist	standard	no Chuon definition; legacy word
ខយ	approved	sbbic-khmer-wordlist	standard	no Chuon definition; legacy word
ខល់	approved	sbbic-khmer-wordlist	standard	no Chuon definition; legacy word
ខសាច់	approved	sbbic-khmer-wordlist	standard	no Chuon definition; legacy word
ខាត់តុ	approved	sbbic-khmer-wordlist	standard	no Chuon definition; legacy word
ខាន់ជិប	approved	sbbic-khmer-wordlist	standard	no Chuon definition; legacy word
ខិក	approved	sbbic-khmer-wordlist	standard	no Chuon definition; legacy word
ខុសដៃ	approved	sbbic-khmer-wordlist	standard	no Chuon definition; legacy word
ខូងរូង	approved	sbbic-khmer-wordlist	standard	no Chuon definition; legacy word
ខៀរ	approved	sbbic-khmer-wordlist	standard	no Chuon definition; legacy word
ខេត្តភិបាល	approved	sbbic-khmer-wordlist	standard	no Chuon definition; legacy word
ខេមរា	approved	sbbic-khmer-wordlist	standard	no Chuon definition; legacy word
ខេមា	approved	sbbic-khmer-wordlist	standard	no Chuon definition; legacy word
ខែក	approved	sbbic-khmer-wordlist	standard	no Chuon definition; legacy word
ខែងរែង	approved	sbbic-khmer-wordlist	standard	no Chuon definition; legacy word
ខែចិស	approved	sbbic-khmer-wordlist	standard	no Chuon definition; legacy word
ខែជាន់	approved	sbbic-khmer-wordlist	standard	no Chuon definition; legacy word
ខែន	approved	sbbic-khmer-wordlist	standard	no Chuon definition; legacy word
ខែបាំងឆ័ត្រ	approved	sbbic-khmer-wordlist	standard	no Chuon definition; legacy word
ខែមីនា	approved	sbbic-khmer-wordlist	standard	no Chuon definition; legacy word
ខែមុន	approved	sbbic-khmer-wordlist	standard	no Chuon definition; legacy word
ខែមេសា	approved	sbbic-khmer-wordlist	standard	no Chuon definition; legacy word
ខែរះ	approved	sbbic-khmer-wordlist	standard	no Chuon definition; legacy word
ខែលិច	approved	sbbic-khmer-wordlist	standard	no Chuon definition; legacy word
ខោចែវ	approved	sbbic-khmer-wordlist	standard	no Chuon definition; legacy word
ខោព្រែ	approved	sbbic-khmer-wordlist	standard	no Chuon definition; legacy word
ខោស្លីប	approved	sbbic-khmer-wordlist	standard	no Chuon definition; legacy word
ខំធ្វើ	approved	sbbic-khmer-wordlist	standard	no Chuon definition; legacy word
ខះក	approved	sbbic-khmer-wordlist	standard	no Chuon definition; legacy word
ខ័ណ្ឌ	approved	sbbic-khmer-wordlist	standard	no Chuon definition; legacy word
ខ្ជាន់	approved	sbbic-khmer-wordlist	standard	no Chuon definition; legacy word
ខ្ជីប	approved	sbbic-khmer-wordlist	standard	no Chuon definition; legacy word
ខ្ញេវ	approved	sbbic-khmer-wordlist	standard	no Chuon definition; legacy word
ខ្ញេវខ្ញូវ	approved	sbbic-khmer-wordlist	standard	no Chuon definition; legacy word
ខ្ទរខ្ទារ	approved	sbbic-khmer-wordlist	standard	no Chuon definition; legacy word
ខ្ទាត់	approved	sbbic-khmer-wordlist	standard	no Chuon definition; legacy word
ខ្ទាំង	approved	sbbic-khmer-wordlist	standard	no Chuon definition; legacy word
ខ្ទិច	approved	sbbic-khmer-wordlist	standard	no Chuon definition; legacy word
ខ្ទិត	approved	sbbic-khmer-wordlist	standard	no Chuon definition; legacy word
ខ្ទូស	approved	sbbic-khmer-wordlist	standard	no Chuon definition; legacy word
ខ្នយ	approved	sbbic-khmer-wordlist	standard	no Chuon definition; legacy word
ខ្នាប់	approved	sbbic-khmer-wordlist	standard	no Chuon definition; legacy word
ខ្នួប	approved	sbbic-khmer-wordlist	standard	no Chuon definition; legacy word
ខ្នេង	approved	sbbic-khmer-wordlist	standard	no Chuon definition; legacy word
ខ្នេត	approved	sbbic-khmer-wordlist	standard	no Chuon definition; legacy word
ខ្មាត	approved	sbbic-khmer-wordlist	standard	no Chuon definition; legacy word
ខ្មាំងមឺល	approved	sbbic-khmer-wordlist	standard	no Chuon definition; legacy word
ខ្មុង	approved	sbbic-khmer-wordlist	standard	no Chuon definition; legacy word
ខ្មុរ	approved	sbbic-khmer-wordlist	standard	no Chuon definition; legacy word
ខ្មើរ	approved	sbbic-khmer-wordlist	standard	no Chuon definition; legacy word
ខ្យា	approved	sbbic-khmer-wordlist	standard	no Chuon definition; legacy word
ខ្លប់	approved	sbbic-khmer-wordlist	standard	no Chuon definition; legacy word
ខ្លាក់	approved	sbbic-khmer-wordlist	standard	no Chuon definition; legacy word
ខ្លឹត	approved	sbbic-khmer-wordlist	standard	no Chuon definition; legacy word
ខ្លូង	approved	sbbic-khmer-wordlist	standard	no Chuon definition; legacy word
ខ្លៀក	approved	sbbic-khmer-wordlist	standard	no Chuon definition; legacy word
ខ្លៀប	approved	sbbic-khmer-wordlist	standard	no Chuon definition; legacy word
ខ្លេវ	approved	sbbic-khmer-wordlist	standard	no Chuon definition; legacy word
ខ្លែត	approved	sbbic-khmer-wordlist	standard	no Chuon definition; legacy word
ខ្វាយ	approved	sbbic-khmer-wordlist	standard	no Chuon definition; legacy word
ខ្វិកខ្វក់	approved	sbbic-khmer-wordlist	standard	no Chuon definition; legacy word
ខ្វះតែ	approved	sbbic-khmer-wordlist	standard	no Chuon definition; legacy word
ខ្វះបី	approved	sbbic-khmer-wordlist	standard	no Chuon definition; legacy word
ខ្សឹកខ្សូល	approved	sbbic-khmer-wordlist	standard	no Chuon definition; legacy word
ខ្សែភ្លៀង	approved	sbbic-khmer-wordlist	standard	no Chuon definition; legacy word
ខ្សែយ៉ៃ	approved	sbbic-khmer-wordlist	standard	no Chuon definition; legacy word
ខ្សែរ៉ត	approved	sbbic-khmer-wordlist	standard	no Chuon definition; legacy word
ខ្សែលើ	approved	sbbic-khmer-wordlist	standard	no Chuon definition; legacy word
ខ្សែសូ	approved	sbbic-khmer-wordlist	standard	no Chuon definition; legacy word
ខ្សែស្រោប	approved	sbbic-khmer-wordlist	standard	no Chuon definition; legacy word
គគរ	approved	sbbic-khmer-wordlist	standard	no Chuon definition; legacy word
គគីត	approved	sbbic-khmer-wordlist	standard	no Chuon definition; legacy word
គគីម	approved	sbbic-khmer-wordlist	standard	no Chuon definition; legacy word
គគឹកគគាក់	approved	sbbic-khmer-wordlist	standard	no Chuon definition; legacy word
គគោក	approved	sbbic-khmer-wordlist	standard	no Chuon definition; legacy word
គគោះ	approved	sbbic-khmer-wordlist	standard	no Chuon definition; legacy word
គគ្រាតគគ្រោត	approved	sbbic-khmer-wordlist	standard	no Chuon definition; legacy word
គគ្រឹងគគ្រាំង	approved	sbbic-khmer-wordlist	standard	no Chuon definition; legacy word
គគ្រឹត	approved	sbbic-khmer-wordlist	standard	no Chuon definition; legacy word
គគ្រូប	approved	sbbic-khmer-wordlist	standard	no Chuon definition; legacy word
គគ្រោក	approved	chuon-nath-1967	standard	no matching RAC definition; legacy word
គគ្រោតគគ្រាត	approved	sbbic-khmer-wordlist	standard	no Chuon definition; legacy word
គង្គ	approved	sbbic-khmer-wordlist	standard	no Chuon definition; legacy word
គង្គូន	approved	sbbic-khmer-wordlist	standard	no Chuon definition; legacy word
គណន៍	approved	sbbic-khmer-wordlist	standard	no Chuon definition; legacy word
គណប្រតិភូ	approved	sbbic-khmer-wordlist	standard	no Chuon definition; legacy word
គណៈកម្ម	approved	sbbic-khmer-wordlist	standard	no Chuon definition; legacy word
គណៈប្រធាន	approved	sbbic-khmer-wordlist	standard	no Chuon definition; legacy word
គនប់	approved	chuon-nath-1967	standard	no matching RAC definition; legacy word
គន្ធវិណិជ	approved	sbbic-khmer-wordlist	standard	no Chuon definition; legacy word
គន្លងធ៌ម	approved	sbbic-khmer-wordlist	standard	no Chuon definition; legacy word
គម្ភីរា	approved	sbbic-khmer-wordlist	standard	no Chuon definition; legacy word
គម្រង់	approved	sbbic-khmer-wordlist	standard	no Chuon definition; legacy word
គម្រោះ	approved	sbbic-khmer-wordlist	standard	no Chuon definition; legacy word
គរីវង់	approved	sbbic-khmer-wordlist	standard	no Chuon definition; legacy word
គលិកា	approved	sbbic-khmer-wordlist	standard	no Chuon definition; legacy word
គល់ដោះ	approved	sbbic-khmer-wordlist	standard	no Chuon definition; legacy word
គហព័ន្ធ	approved	sbbic-khmer-wordlist	standard	no Chuon definition; legacy word
គាម	approved	sbbic-khmer-wordlist	standard	no Chuon definition; legacy word
គារ	approved	sbbic-khmer-wordlist	standard	no Chuon definition; legacy word
គាហក	approved	sbbic-khmer-wordlist	standard	no Chuon definition; legacy word
គាហកៈ	approved	sbbic-khmer-wordlist	standard	no Chuon definition; legacy word
គិតតែ	approved	sbbic-khmer-wordlist	standard	no Chuon definition; legacy word
គិម្ហៈ	approved	sbbic-khmer-wordlist	standard	no Chuon definition; legacy word
គីត	approved	sbbic-khmer-wordlist	standard	no Chuon definition; legacy word
គីតា	approved	sbbic-khmer-wordlist	standard	no Chuon definition; legacy word
គីប	approved	sbbic-khmer-wordlist	standard	no Chuon definition; legacy word
គីមីរូប	approved	sbbic-khmer-wordlist	standard	no Chuon definition; legacy word
គីមីរ៉ែ	approved	sbbic-khmer-wordlist	standard	no Chuon definition; legacy word
គីរីវង់	approved	sbbic-khmer-wordlist	standard	no Chuon definition; legacy word
គីស	approved	sbbic-khmer-wordlist	standard	no Chuon definition; legacy word
គីឡូតាន	approved	sbbic-khmer-wordlist	standard	no Chuon definition; legacy word
គឺជា	approved	sbbic-khmer-wordlist	standard	no Chuon definition; legacy word
គុណធម	approved	sbbic-khmer-wordlist	standard	no Chuon definition; legacy word
គុណធ៌ម	approved	sbbic-khmer-wordlist	standard	no Chuon definition; legacy word
គុណស័ព្ទ	approved	sbbic-khmer-wordlist	standard	no Chuon definition; legacy word
គុណា	approved	sbbic-khmer-wordlist	standard	no Chuon definition; legacy word
គុម	approved	sbbic-khmer-wordlist	standard	no Chuon definition; legacy word
គុរុ	approved	sbbic-khmer-wordlist	standard	no Chuon definition; legacy word
គុលឈើ	approved	sbbic-khmer-wordlist	standard	no Chuon definition; legacy word
គុស	approved	sbbic-khmer-wordlist	standard	no Chuon definition; legacy word
គុហាវិទ្យា	approved	sbbic-khmer-wordlist	standard	no Chuon definition; legacy word
គុំយ៉ាង	approved	sbbic-khmer-wordlist	standard	no Chuon definition; legacy word
គូគ្រង	approved	sbbic-khmer-wordlist	standard	no Chuon definition; legacy word
គូរវាស	approved	sbbic-khmer-wordlist	standard	no Chuon definition; legacy word
គូលាយ	approved	sbbic-khmer-wordlist	standard	no Chuon definition; legacy word
គួច	approved	sbbic-khmer-wordlist	standard	no Chuon definition; legacy word
គួយ	approved	sbbic-khmer-wordlist	standard	no Chuon definition; legacy word
គួរបី	approved	sbbic-khmer-wordlist	standard	no Chuon definition; legacy word
គួរបើ	approved	sbbic-khmer-wordlist	standard	no Chuon definition; legacy word
គួស	approved	sbbic-khmer-wordlist	standard	no Chuon definition; legacy word
គៀង	approved	sbbic-khmer-wordlist	standard	no Chuon definition; legacy word
គៀវ	approved	sbbic-khmer-wordlist	standard	no Chuon definition; legacy word
គេចវៀះ	approved	sbbic-khmer-wordlist	standard	no Chuon definition; legacy word
គែមាន់	approved	sbbic-khmer-wordlist	standard	no Chuon definition; legacy word
គោគ្រៀវ	approved	sbbic-khmer-wordlist	standard	no Chuon definition; legacy word
គោញី	approved	sbbic-khmer-wordlist	standard	no Chuon definition; legacy word
គោនឹម	approved	sbbic-khmer-wordlist	standard	no Chuon definition; legacy word
គោរ	approved	sbbic-khmer-wordlist	standard	no Chuon definition; legacy word
គោរឿ	approved	sbbic-khmer-wordlist	standard	no Chuon definition; legacy word
គោលចារិក	approved	sbbic-khmer-wordlist	standard	no Chuon definition; legacy word
គោលរបាប់	approved	sbbic-khmer-wordlist	standard	no Chuon definition; legacy word
គោលិកា	approved	sbbic-khmer-wordlist	standard	no Chuon definition; legacy word
គោលោក	approved	sbbic-khmer-wordlist	standard	no Chuon definition; legacy word
គោវិថី	approved	sbbic-khmer-wordlist	standard	no Chuon definition; legacy word
គោស	approved	sbbic-khmer-wordlist	standard	no Chuon definition; legacy word
គោសំពឹក	approved	sbbic-khmer-wordlist	standard	no Chuon definition; legacy word
គោះទ្វារ	approved	sbbic-khmer-wordlist	standard	no Chuon definition; legacy word
គំរប់	approved	sbbic-khmer-wordlist	variant	legacy orthography
គំរោង	approved	sbbic-khmer-wordlist	variant	legacy orthography
គំលាន	approved	sbbic-khmer-wordlist	standard	no Chuon definition; legacy word
គំហឺន	approved	sbbic-khmer-wordlist	standard	no Chuon definition; legacy word
គំហ៊ុក	approved	sbbic-khmer-wordlist	standard	no Chuon definition; legacy word
គំំនួរ	approved	sbbic-khmer-wordlist	standard	no Chuon definition; legacy word
គ្នាប៉ែ	approved	sbbic-khmer-wordlist	standard	no Chuon definition; legacy word
គ្រជីប	approved	sbbic-khmer-wordlist	standard	no Chuon definition; legacy word
គ្រប់គ្រឿង	approved	sbbic-khmer-wordlist	standard	no Chuon definition; legacy word
គ្រមមុខ	approved	sbbic-khmer-wordlist	standard	no Chuon definition; legacy word
គ្រលាក់	approved	sbbic-khmer-wordlist	standard	no Chuon definition; legacy word
គ្រលាស់	approved	sbbic-khmer-wordlist	standard	no Chuon definition; legacy word
គ្រលីងគ្រលោង	approved	sbbic-khmer-wordlist	standard	no Chuon definition; legacy word
គ្រហើម	approved	sbbic-khmer-wordlist	standard	no Chuon definition; legacy word
គ្រាតគ្រោត	approved	sbbic-khmer-wordlist	standard	no Chuon definition; legacy word
គ្រានតែ	approved	sbbic-khmer-wordlist	standard	no Chuon definition; legacy word
គ្រានេះ	approved	sbbic-khmer-wordlist	standard	no Chuon definition; legacy word
គ្រានោះ	approved	sbbic-khmer-wordlist	standard	no Chuon definition; legacy word
គ្រាន់គ្រាប់	approved	sbbic-khmer-wordlist	standard	no Chuon definition; legacy word
គ្រាំង	approved	sbbic-khmer-wordlist	standard	no Chuon definition; legacy word
គ្រុឌា	approved	sbbic-khmer-wordlist	standard	no Chuon definition; legacy word
គ្រូគ្រា	approved	sbbic-khmer-wordlist	standard	no Chuon definition; legacy word
គ្រូតា	approved	sbbic-khmer-wordlist	standard	no Chuon definition; legacy word
គ្រូតឹង	approved	sbbic-khmer-wordlist	standard	no Chuon definition; legacy word
គ្រូបង្ហាត់់	approved	sbbic-khmer-wordlist	standard	no Chuon definition; legacy word
គ្រូបា	approved	sbbic-khmer-wordlist	standard	no Chuon definition; legacy word
គ្រូបំបួស	approved	sbbic-khmer-wordlist	standard	no Chuon definition; legacy word
គ្រូស្ដោះ	approved	sbbic-khmer-wordlist	standard	no Chuon definition; legacy word
គ្រូហោរ	approved	sbbic-khmer-wordlist	standard	no Chuon definition; legacy word
គ្រូហ្ម	approved	sbbic-khmer-wordlist	standard	no Chuon definition; legacy word
គ្រួប	approved	sbbic-khmer-wordlist	standard	no Chuon definition; legacy word
គ្រួបង្ហាត់	approved	sbbic-khmer-wordlist	standard	no Chuon definition; legacy word
គ្រួស	approved	sbbic-khmer-wordlist	standard	no Chuon definition; legacy word
គ្រៀក	approved	sbbic-khmer-wordlist	standard	no Chuon definition; legacy word
គ្រែតាំង	approved	sbbic-khmer-wordlist	standard	no Chuon definition; legacy word
គ្រែទេស	approved	sbbic-khmer-wordlist	standard	no Chuon definition; legacy word
គ្រែល	approved	sbbic-khmer-wordlist	standard	no Chuon definition; legacy word
គ្រោក	approved	sbbic-khmer-wordlist	standard	no Chuon definition; legacy word
គ្លារីង	approved	sbbic-khmer-wordlist	standard	no Chuon definition; legacy word
គ្លី	approved	sbbic-khmer-wordlist	standard	no Chuon definition; legacy word
ឃសា	approved	sbbic-khmer-wordlist	standard	no Chuon definition; legacy word
ឃាតក	approved	sbbic-khmer-wordlist	standard	no Chuon definition; legacy word
ឃានៈ	approved	sbbic-khmer-wordlist	standard	no Chuon definition; legacy word
ឃីបត	approved	sbbic-khmer-wordlist	standard	no Chuon definition; legacy word
ឃូរ	approved	sbbic-khmer-wordlist	standard	no Chuon definition; legacy word
ឃ្ញោច	approved	sbbic-khmer-wordlist	standard	no Chuon definition; legacy word
ឃ្នួប	approved	sbbic-khmer-wordlist	standard	no Chuon definition; legacy word
ឃ្មម	approved	sbbic-khmer-wordlist	standard	no Chuon definition; legacy word
ឃ្លីក	approved	sbbic-khmer-wordlist	standard	no Chuon definition; legacy word
ឃ្លីងឃ្លោង	approved	sbbic-khmer-wordlist	standard	no Chuon definition; legacy word
ឃ្លុំបេ	approved	sbbic-khmer-wordlist	standard	no Chuon definition; legacy word
ឃ្លឿងឃ្លាត	approved	sbbic-khmer-wordlist	standard	no Chuon definition; legacy word
ឃ្លឿន	approved	sbbic-khmer-wordlist	standard	no Chuon definition; legacy word
ឃ្វាយ	approved	sbbic-khmer-wordlist	standard	no Chuon definition; legacy word
ងក្ង	approved	sbbic-khmer-wordlist	standard	no Chuon definition; legacy word
ងងិត	approved	sbbic-khmer-wordlist	standard	no Chuon definition; legacy word
ងងិសងងូស	approved	sbbic-khmer-wordlist	standard	no Chuon definition; legacy word
ងងីងងើ	approved	sbbic-khmer-wordlist	standard	no Chuon definition; legacy word
ងងីសងង៉ាស	approved	sbbic-khmer-wordlist	standard	no Chuon definition; legacy word
ងងើក	approved	sbbic-khmer-wordlist	standard	no Chuon definition; legacy word
ងងើស	approved	sbbic-khmer-wordlist	standard	no Chuon definition; legacy word
ងង៉ក់	approved	sbbic-khmer-wordlist	standard	no Chuon definition; legacy word
ងាសមាត់	approved	sbbic-khmer-wordlist	standard	no Chuon definition; legacy word
ងីកងាក	approved	sbbic-khmer-wordlist	standard	no Chuon definition; legacy word
ងីងងោង	approved	sbbic-khmer-wordlist	standard	no Chuon definition; legacy word
ងីសងូស	approved	sbbic-khmer-wordlist	standard	no Chuon definition; legacy word
ងុប	approved	sbbic-khmer-wordlist	standard	no Chuon definition; legacy word
ងុយ	approved	sbbic-khmer-wordlist	standard	no Chuon definition; legacy word
ងើក	approved	sbbic-khmer-wordlist	standard	no Chuon definition; legacy word
ងើបមុខ	approved	sbbic-khmer-wordlist	standard	no Chuon definition; legacy word
ងែង	approved	sbbic-khmer-wordlist	standard	no Chuon definition; legacy word
ង៉ក់ង	approved	sbbic-khmer-wordlist	standard	no Chuon definition; legacy word
ង៉យ	approved	sbbic-khmer-wordlist	standard	no Chuon definition; legacy word
ង៉ាក់ង៉ើក	approved	sbbic-khmer-wordlist	standard	no Chuon definition; legacy word
ង៉ាស់	approved	sbbic-khmer-wordlist	standard	no Chuon definition; legacy word
ង៉ឺត	approved	sbbic-khmer-wordlist	standard	no Chuon definition; legacy word
ង៉ឺស	approved	sbbic-khmer-wordlist	standard	no Chuon definition; legacy word
ង៉ូត	approved	sbbic-khmer-wordlist	standard	no Chuon definition; legacy word
ង៉ោក	approved	sbbic-khmer-wordlist	standard	no Chuon definition; legacy word
ចក្ខិន្ទ្រិយ	approved	sbbic-khmer-wordlist	standard	no Chuon definition; legacy word
ចក្រវិត	approved	sbbic-khmer-wordlist	standard	no Chuon definition; legacy word
ចងគុំនំ	approved	sbbic-khmer-wordlist	standard	no Chuon definition; legacy word
ចង្កាហ៊ីង	approved	sbbic-khmer-wordlist	standard	no Chuon definition; legacy word
ចង្កើះ	approved	sbbic-khmer-wordlist	standard	no Chuon definition; legacy word
ចង្កោយ	approved	sbbic-khmer-wordlist	standard	no Chuon definition; legacy word
ចង្ក្រមណ	approved	sbbic-khmer-wordlist	standard	no Chuon definition; legacy word
ចង្ក្រមណ៏	approved	sbbic-khmer-wordlist	standard	no Chuon definition; legacy word
ចង្ក្រមា	approved	sbbic-khmer-wordlist	standard	no Chuon definition; legacy word
ចង្ក្រិម	approved	sbbic-khmer-wordlist	standard	no Chuon definition; legacy word
ចង្ក្រំ	approved	sbbic-khmer-wordlist	standard	no Chuon definition; legacy word
ចង្គ្រឹង	approved	sbbic-khmer-wordlist	standard	no Chuon definition; legacy word
ចង្ហរ	approved	sbbic-khmer-wordlist	standard	no Chuon definition; legacy word
ចង្អុរ	approved	sbbic-khmer-wordlist	standard	no Chuon definition; legacy word
ចចាក់	approved	sbbic-khmer-wordlist	standard	no Chuon definition; legacy word
ចចាក់ចចែក	approved	sbbic-khmer-wordlist	standard	no Chuon definition; legacy word
ចចាក់អារុក	approved	sbbic-khmer-wordlist	standard	no Chuon definition; legacy word
ចចុះ	approved	sbbic-khmer-wordlist	standard	no Chuon definition; legacy word
ចចើល	approved	sbbic-khmer-wordlist	standard	no Chuon definition; legacy word
ចចែក	approved	sbbic-khmer-wordlist	standard	no Chuon definition; legacy word
ចចែត	approved	sbbic-khmer-wordlist	standard	no Chuon definition; legacy word
ចចោម	approved	sbbic-khmer-wordlist	standard	no Chuon definition; legacy word
ចចៅ	approved	sbbic-khmer-wordlist	standard	no Chuon definition; legacy word
ចណាំង	approved	sbbic-khmer-wordlist	standard	no Chuon definition; legacy word
ចណ្ឌ័	approved	sbbic-khmer-wordlist	standard	no Chuon definition; legacy word
ចតុភាគី	approved	sbbic-khmer-wordlist	standard	no Chuon definition; legacy word
ចត្តាឡឺស័ក	approved	sbbic-khmer-wordlist	standard	no Chuon definition; legacy word
ចន្ទា	approved	sbbic-khmer-wordlist	standard	no Chuon definition; legacy word
ចន្ទ្រា	approved	sbbic-khmer-wordlist	standard	no Chuon definition; legacy word
ចបចាក់	approved	sbbic-khmer-wordlist	standard	no Chuon definition; legacy word
ចបឆាយ	approved	sbbic-khmer-wordlist	standard	no Chuon definition; legacy word
ចប់តែ	approved	sbbic-khmer-wordlist	standard	no Chuon definition; legacy word
ចប់ហើយ	approved	sbbic-khmer-wordlist	standard	no Chuon definition; legacy word
ចមូ	approved	sbbic-khmer-wordlist	standard	no Chuon definition; legacy word
ចម្បី	approved	sbbic-khmer-wordlist	standard	no Chuon definition; legacy word
ចម្បើង	approved	sbbic-khmer-wordlist	standard	no Chuon definition; legacy word
ចម្រាស់	approved	sbbic-khmer-wordlist	standard	no Chuon definition; legacy word
ចម្លក	approved	sbbic-khmer-wordlist	standard	no Chuon definition; legacy word
ចរកៈ	approved	sbbic-khmer-wordlist	standard	no Chuon definition; legacy word
ចរចេរ	approved	sbbic-khmer-wordlist	standard	no Chuon definition; legacy word
ចរចៅរ៉ៅ	approved	sbbic-khmer-wordlist	standard	no Chuon definition; legacy word
ចលន	approved	sbbic-khmer-wordlist	standard	no Chuon definition; legacy word
ចាកចោល	approved	sbbic-khmer-wordlist	standard	no Chuon definition; legacy word
ចាកទី	approved	reviewed	standard	no Chuon definition; legacy word
ចាក់ក	approved	sbbic-khmer-wordlist	standard	no Chuon definition; legacy word
ចាក់កួ	approved	sbbic-khmer-wordlist	standard	no Chuon definition; legacy word
ចាក់ចេញ	approved	sbbic-khmer-wordlist	standard	no Chuon definition; legacy word
ចាក់ចោល	approved	sbbic-khmer-wordlist	standard	no Chuon definition; legacy word
ចាក់សេះ	approved	sbbic-khmer-wordlist	standard	no Chuon definition; legacy word
ចាក់ស្រែះ	approved	sbbic-khmer-wordlist	standard	no Chuon definition; legacy word
ចាគី	approved	sbbic-khmer-wordlist	standard	no Chuon definition; legacy word
ចាគេចតនា	approved	sbbic-khmer-wordlist	standard	no Chuon definition; legacy word
ចាច់	approved	sbbic-khmer-wordlist	standard	no Chuon definition; legacy word
ចាដិ	approved	sbbic-khmer-wordlist	standard	no Chuon definition; legacy word
ចានក្លាំ	approved	sbbic-khmer-wordlist	standard	no Chuon definition; legacy word
ចាប៉ីក	approved	sbbic-khmer-wordlist	standard	no Chuon definition; legacy word
ចាប់ងា	approved	sbbic-khmer-wordlist	standard	no Chuon definition; legacy word
ចាប់ដី	approved	sbbic-khmer-wordlist	standard	no Chuon definition; legacy word
ចាប់តួ	approved	sbbic-khmer-wordlist	standard	no Chuon definition; legacy word
ចារាំ	approved	sbbic-khmer-wordlist	standard	no Chuon definition; legacy word
ចារិត	approved	sbbic-khmer-wordlist	standard	no Chuon definition; legacy word
ចាស់ជ្រោ	approved	sbbic-khmer-wordlist	standard	no Chuon definition; legacy word
ចាស់ហើយ	approved	sbbic-khmer-wordlist	standard	no Chuon definition; legacy word
ចាហួយទឹក	approved	sbbic-khmer-wordlist	standard	no Chuon definition; legacy word
ចាអ៊ុង	approved	sbbic-khmer-wordlist	standard	no Chuon definition; legacy word
ចាំងឈើ	approved	sbbic-khmer-wordlist	standard	no Chuon definition; legacy word
ចាំងថ្ងៃ	approved	sbbic-khmer-wordlist	standard	no Chuon definition; legacy word
ចាំចិត្ត	approved	sbbic-khmer-wordlist	standard	no Chuon definition; legacy word
ចាំចុះ	approved	sbbic-khmer-wordlist	standard	no Chuon definition; legacy word
ចាំជាប់	approved	sbbic-khmer-wordlist	standard	no Chuon definition; legacy word
ចាំជំងឺ	approved	sbbic-khmer-wordlist	standard	no Chuon definition; legacy word
ចាំទី	approved	sbbic-khmer-wordlist	standard	no Chuon definition; legacy word
ចាំទុក	approved	sbbic-khmer-wordlist	standard	no Chuon definition; legacy word
ចាំនឹង	approved	sbbic-khmer-wordlist	standard	no Chuon definition; legacy word
ចាំមេរៀន	approved	sbbic-khmer-wordlist	standard	no Chuon definition; legacy word
ចិត្តករ	approved	sbbic-khmer-wordlist	standard	no Chuon definition; legacy word
ចិត្តក្រៅ	approved	sbbic-khmer-wordlist	standard	no Chuon definition; legacy word
ចិត្តជឿ	approved	sbbic-khmer-wordlist	standard	no Chuon definition; legacy word
ចិត្តពីរ	approved	sbbic-khmer-wordlist	standard	no Chuon definition; legacy word
ចិត្តរលុះ	approved	sbbic-khmer-wordlist	standard	no Chuon definition; legacy word
ចិត្តរាល	approved	sbbic-khmer-wordlist	standard	no Chuon definition; legacy word
ចិត្តលំអៀង	approved	sbbic-khmer-wordlist	standard	no Chuon definition; legacy word
ចិត្តអន្យតីរ្ថិយ	approved	sbbic-khmer-wordlist	standard	no Chuon definition; legacy word
ចិត្តអប្រីយ៍	approved	sbbic-khmer-wordlist	standard	no Chuon definition; legacy word
ចិរ	approved	sbbic-khmer-wordlist	standard	no Chuon definition; legacy word
ចិរភាព	approved	sbbic-khmer-wordlist	standard	no Chuon definition; legacy word
ចីន	approved	sbbic-khmer-wordlist	standard	no Chuon definition; legacy word
ចីម	approved	sbbic-khmer-wordlist	standard	no Chuon definition; legacy word
ចីរ	approved	sbbic-khmer-wordlist	standard	no Chuon definition; legacy word
ចីស	approved	sbbic-khmer-wordlist	standard	no Chuon definition; legacy word
ចឹកស៊ី	approved	sbbic-khmer-wordlist	standard	no Chuon definition; legacy word
ចុងកាត់	approved	sbbic-khmer-wordlist	standard	no Chuon definition; legacy word
ចុងការ	approved	sbbic-khmer-wordlist	standard	no Chuon definition; legacy word
ចុងចែង	approved	sbbic-khmer-wordlist	standard	no Chuon definition; legacy word
ចុងជើង	approved	sbbic-khmer-wordlist	standard	no Chuon definition; legacy word
ចុងដូច	approved	sbbic-khmer-wordlist	standard	no Chuon definition; legacy word
ចុងដោះ	approved	sbbic-khmer-wordlist	standard	no Chuon definition; legacy word
ចុប	approved	sbbic-khmer-wordlist	standard	no Chuon definition; legacy word
ចុះកាសែត	approved	sbbic-khmer-wordlist	standard	no Chuon definition; legacy word
ចុះក្រ	approved	sbbic-khmer-wordlist	standard	no Chuon definition; legacy word
ចុះក្រោម	approved	sbbic-khmer-wordlist	standard	no Chuon definition; legacy word
ចុះគេ	approved	sbbic-khmer-wordlist	standard	no Chuon definition; legacy word
ចុះចត	approved	sbbic-khmer-wordlist	standard	no Chuon definition; legacy word
ចុះចេញ	approved	sbbic-khmer-wordlist	standard	no Chuon definition; legacy word
ចុះចោម	approved	sbbic-khmer-wordlist	standard	no Chuon definition; legacy word
ចុះដី	approved	sbbic-khmer-wordlist	standard	no Chuon definition; legacy word
ចុះណាស់	approved	sbbic-khmer-wordlist	standard	no Chuon definition; legacy word
ចុះទុន	approved	sbbic-khmer-wordlist	standard	no Chuon definition; legacy word
ចុះទូក	approved	sbbic-khmer-wordlist	standard	no Chuon definition; legacy word
ចុះទៅ	approved	sbbic-khmer-wordlist	standard	no Chuon definition; legacy word
ចុះបុះ	approved	sbbic-khmer-wordlist	standard	no Chuon definition; legacy word
ចុះបើ	approved	sbbic-khmer-wordlist	standard	no Chuon definition; legacy word
ចុះបើលោ	approved	sbbic-khmer-wordlist	standard	no Chuon definition; legacy word
ចុះពី	approved	sbbic-khmer-wordlist	standard	no Chuon definition; legacy word
ចុះរាសី	approved	sbbic-khmer-wordlist	standard	no Chuon definition; legacy word
ចើងេម៉ើង	approved	sbbic-khmer-wordlist	standard	no Chuon definition; legacy word
ចៀមេ	approved	sbbic-khmer-wordlist	standard	no Chuon definition; legacy word
ចៀសតែ	approved	sbbic-khmer-wordlist	standard	no Chuon definition; legacy word
ចេកអំបូង	approved	sbbic-khmer-wordlist	standard	no Chuon definition; legacy word
ចេញចោល	approved	reviewed	standard	no Chuon definition; legacy word
ចេត	approved	sbbic-khmer-wordlist	standard	no Chuon definition; legacy word
ចេតនារម្មណ៏	approved	reviewed	variant	no Chuon definition; legacy word
ចេរកាល	approved	sbbic-khmer-wordlist	standard	no Chuon definition; legacy word
ចេរភាព	approved	sbbic-khmer-wordlist	standard	no Chuon definition; legacy word
ចេះកែ	approved	reviewed	standard	no Chuon definition; legacy word
ចេះចាំ	approved	sbbic-khmer-wordlist	standard	no Chuon definition; legacy word
ចេះតែរើ	approved	sbbic-khmer-wordlist	standard	no Chuon definition; legacy word
ចែកាវ	approved	sbbic-khmer-wordlist	standard	no Chuon definition; legacy word
ចែងចង	approved	sbbic-khmer-wordlist	standard	no Chuon definition; legacy word
ចែចង់	approved	sbbic-khmer-wordlist	standard	no Chuon definition; legacy word
ចែត្រ	approved	reviewed	variant	no Chuon definition; legacy word
ចែវរា	approved	sbbic-khmer-wordlist	standard	no Chuon definition; legacy word
ចៃពស់	approved	sbbic-khmer-wordlist	standard	no Chuon definition; legacy word
ចៃស	approved	sbbic-khmer-wordlist	standard	no Chuon definition; legacy word
ចោមជុំ	approved	sbbic-khmer-wordlist	standard	no Chuon definition; legacy word
ចោលខ្លួន	approved	sbbic-khmer-wordlist	standard	no Chuon definition; legacy word
ចោលចេញ	approved	sbbic-khmer-wordlist	standard	no Chuon definition; legacy word
ចៅចិត្ត	approved	sbbic-khmer-wordlist	standard	no Chuon definition; legacy word
ចៅទួត	approved	sbbic-khmer-wordlist	standard	no Chuon definition; legacy word
ចៅប៉ា	approved	sbbic-khmer-wordlist	standard	no Chuon definition; legacy word
ចៅរៅ	approved	sbbic-khmer-wordlist	standard	no Chuon definition; legacy word
ចៅលា	approved	sbbic-khmer-wordlist	standard	no Chuon definition; legacy word
ចៅលួត	approved	sbbic-khmer-wordlist	standard	no Chuon definition; legacy word
ចំការ	approved	sbbic-khmer-wordlist	variant	legacy orthography
ចំណង់ដៃ	approved	sbbic-khmer-wordlist	standard	no Chuon definition; legacy word
ចំណា	approved	sbbic-khmer-wordlist	standard	no Chuon definition; legacy word
ចំណាក	approved	sbbic-khmer-wordlist	standard	no Chuon definition; legacy word
ចំណាត់	approved	unknown	standard	no Chuon definition; legacy word
ចំណារលើ	approved	sbbic-khmer-wordlist	standard	no Chuon definition; legacy word
ចំណូត	approved	sbbic-khmer-wordlist	standard	no Chuon definition; legacy word
ចំណេះសាកល	approved	sbbic-khmer-wordlist	standard	no Chuon definition; legacy word
ចំតែ	approved	sbbic-khmer-wordlist	standard	no Chuon definition; legacy word
ចំទាស់ចំទែង	approved	sbbic-khmer-wordlist	standard	no Chuon definition; legacy word
ចំនោទ	approved	sbbic-khmer-wordlist	standard	no Chuon definition; legacy word
ចំបង	approved	sbbic-khmer-wordlist	standard	no Chuon definition; legacy word
ចំប៉ា	approved	sbbic-khmer-wordlist	standard	no Chuon definition; legacy word
ចំប៉ាដក់	approved	sbbic-khmer-wordlist	standard	no Chuon definition; legacy word
ចំប៉ីលឿង	approved	sbbic-khmer-wordlist	standard	no Chuon definition; legacy word
ចំប៉ីស	approved	sbbic-khmer-wordlist	standard	no Chuon definition; legacy word
ចំពាក់ចាក់ស្រេះ	approved	sbbic-khmer-wordlist	standard	no Chuon definition; legacy word
ចំពីមុខ	approved	sbbic-khmer-wordlist	standard	no Chuon definition; legacy word
ចំពុះទង់	approved	sbbic-khmer-wordlist	standard	no Chuon definition; legacy word
ចំរក	approved	sbbic-khmer-wordlist	standard	no Chuon definition; legacy word
ចំរាញ់	approved	sbbic-khmer-wordlist	variant	legacy orthography
ចំរាស	approved	sbbic-khmer-wordlist	standard	no Chuon definition; legacy word
ចំរាស់	approved	sbbic-khmer-wordlist	standard	no Chuon definition; legacy word
ចំរឹង	approved	sbbic-khmer-wordlist	standard	no Chuon definition; legacy word
ចំរុង	approved	sbbic-khmer-wordlist	variant	legacy orthography
ចំរូង	approved	sbbic-khmer-wordlist	variant	legacy orthography
ចំរូត	approved	sbbic-khmer-wordlist	standard	no Chuon definition; legacy word
ចំរើន	approved	sbbic-khmer-wordlist	variant	legacy orthography
ចំរៀក	approved	sbbic-khmer-wordlist	variant	legacy orthography
ចំរៀង	approved	sbbic-khmer-wordlist	variant	legacy orthography
ចំហា	approved	sbbic-khmer-wordlist	standard	no Chuon definition; legacy word
ចំហាវ	approved	sbbic-khmer-wordlist	standard	no Chuon definition; legacy word
ចំហេះងំ	approved	sbbic-khmer-wordlist	standard	no Chuon definition; legacy word
ចំឡង	approved	sbbic-khmer-wordlist	standard	no Chuon definition; legacy word
ចំឡាក់	approved	sbbic-khmer-wordlist	standard	no Chuon definition; legacy word
ចំឡើង	approved	sbbic-khmer-wordlist	standard	no Chuon definition; legacy word
ចំឡែក	approved	sbbic-khmer-wordlist	standard	no Chuon definition; legacy word
ចំឡោង	approved	sbbic-khmer-wordlist	standard	no Chuon definition; legacy word
ចំអឹង	approved	sbbic-khmer-wordlist	standard	no Chuon definition; legacy word
ចំអេះ	approved	sbbic-khmer-wordlist	standard	no Chuon definition; legacy word
ចំអែះ	approved	sbbic-khmer-wordlist	standard	no Chuon definition; legacy word
ច័នគិរី	approved	sbbic-khmer-wordlist	standard	no Chuon definition; legacy word
ច័នធំ	approved	sbbic-khmer-wordlist	standard	no Chuon definition; legacy word
ច័ន្ទ	approved	sbbic-khmer-wordlist	standard	no Chuon definition; legacy word
ច្នាប់	approved	sbbic-khmer-wordlist	standard	no Chuon definition; legacy word
ច្បម	approved	sbbic-khmer-wordlist	standard	no Chuon definition; legacy word
ច្បាច់	approved	sbbic-khmer-wordlist	standard	no Chuon definition; legacy word
ច្បុត	approved	sbbic-khmer-wordlist	standard	no Chuon definition; legacy word
ច្បុតិ	approved	sbbic-khmer-wordlist	standard	no Chuon definition; legacy word
ច្រកាច់ច្រកូវ	approved	sbbic-khmer-wordlist	standard	no Chuon definition; legacy word
ច្រង	approved	sbbic-khmer-wordlist	standard	no Chuon definition; legacy word
ច្រងុក	approved	sbbic-khmer-wordlist	standard	no Chuon definition; legacy word
ច្រងេង	approved	sbbic-khmer-wordlist	standard	no Chuon definition; legacy word
ច្រងោម	approved	sbbic-khmer-wordlist	standard	no Chuon definition; legacy word
ច្រត	approved	sbbic-khmer-wordlist	standard	no Chuon definition; legacy word
ច្រតី	approved	sbbic-khmer-wordlist	standard	no Chuon definition; legacy word
ច្រប៉ិច	approved	sbbic-khmer-wordlist	standard	no Chuon definition; legacy word
ច្រប៉ុក	approved	sbbic-khmer-wordlist	standard	no Chuon definition; legacy word
ច្រលំ	approved	sbbic-khmer-wordlist	standard	no Chuon definition; legacy word
ច្រវិត	approved	sbbic-khmer-wordlist	standard	no Chuon definition; legacy word
ច្រវ៉េះ	approved	sbbic-khmer-wordlist	standard	no Chuon definition; legacy word
ច្រស	approved	sbbic-khmer-wordlist	standard	no Chuon definition; legacy word
ច្រហែ	approved	sbbic-khmer-wordlist	standard	no Chuon definition; legacy word
ច្រហែង	approved	sbbic-khmer-wordlist	standard	no Chuon definition; legacy word
ច្រឡង	approved	sbbic-khmer-wordlist	standard	no Chuon definition; legacy word
ច្រឡឹម	approved	sbbic-khmer-wordlist	standard	no Chuon definition; legacy word
ច្រឡោះ	approved	sbbic-khmer-wordlist	standard	no Chuon definition; legacy word
ច្រអាស	approved	sbbic-khmer-wordlist	standard	no Chuon definition; legacy word
ច្រាម	approved	sbbic-khmer-wordlist	standard	no Chuon definition; legacy word
ច្រាស់	approved	sbbic-khmer-wordlist	standard	no Chuon definition; legacy word
ច្រឹម	approved	sbbic-khmer-wordlist	standard	no Chuon definition; legacy word
ច្រួញ	approved	sbbic-khmer-wordlist	standard	no Chuon definition; legacy word
ច្រើនតុ	approved	sbbic-khmer-wordlist	standard	no Chuon definition; legacy word
ច្រើនតៅ	approved	sbbic-khmer-wordlist	standard	no Chuon definition; legacy word
ច្រេក	approved	sbbic-khmer-wordlist	standard	no Chuon definition; legacy word
ច្រេមច្រុម	approved	sbbic-khmer-wordlist	standard	no Chuon definition; legacy word
ច្រោត	approved	sbbic-khmer-wordlist	standard	no Chuon definition; legacy word
ឆក់ឆួរ	approved	sbbic-khmer-wordlist	standard	no Chuon definition; legacy word
ឆក្សត្រីយ៍	approved	sbbic-khmer-wordlist	standard	no Chuon definition; legacy word
ឆវ	approved	sbbic-khmer-wordlist	standard	no Chuon definition; legacy word
ឆាកជីវិត	approved	sbbic-khmer-wordlist	standard	no Chuon definition; legacy word
ឆាកា	approved	sbbic-khmer-wordlist	standard	no Chuon definition; legacy word
ឆាក់	approved	sbbic-khmer-wordlist	standard	no Chuon definition; legacy word
ឆាដ	approved	sbbic-khmer-wordlist	standard	no Chuon definition; legacy word
ឆាប់វៃ	approved	sbbic-khmer-wordlist	standard	no Chuon definition; legacy word
ឆាមី	approved	sbbic-khmer-wordlist	standard	no Chuon definition; legacy word
ឆាយាភ្រីត	approved	sbbic-khmer-wordlist	standard	no Chuon definition; legacy word
ឆីង	approved	sbbic-khmer-wordlist	standard	no Chuon definition; legacy word
ឆីឆ	approved	sbbic-khmer-wordlist	standard	no Chuon definition; legacy word
ឆឹក	approved	sbbic-khmer-wordlist	standard	no Chuon definition; legacy word
ឆឺយ	approved	sbbic-khmer-wordlist	standard	no Chuon definition; legacy word
ឆុងតែ	approved	sbbic-khmer-wordlist	standard	no Chuon definition; legacy word
ឆុល	approved	sbbic-khmer-wordlist	standard	no Chuon definition; legacy word
ឆូងឆាង	approved	sbbic-khmer-wordlist	standard	no Chuon definition; legacy word
ឆេក	approved	sbbic-khmer-wordlist	standard	no Chuon definition; legacy word
ឆេកសាំ	approved	sbbic-khmer-wordlist	standard	no Chuon definition; legacy word
ឆេង	approved	sbbic-khmer-wordlist	standard	no Chuon definition; legacy word
ឆេះងំ	approved	sbbic-khmer-wordlist	standard	no Chuon definition; legacy word
ឆែកសាំ	approved	sbbic-khmer-wordlist	standard	no Chuon definition; legacy word
ឆែបឆា	approved	sbbic-khmer-wordlist	standard	no Chuon definition; legacy word
ឆែម	approved	sbbic-khmer-wordlist	standard	no Chuon definition; legacy word
ឆែល	approved	sbbic-khmer-wordlist	standard	no Chuon definition; legacy word
ឆៃកែវ	approved	sbbic-khmer-wordlist	standard	no Chuon definition; legacy word
ឆ័ត្រ	approved	sbbic-khmer-wordlist	standard	no Chuon definition; legacy word
ឆ័ត្រយោង	approved	sbbic-khmer-wordlist	standard	no Chuon definition; legacy word
ឆ្កាព្រៃ	approved	sbbic-khmer-wordlist	standard	no Chuon definition; legacy word
ឆ្កួតលីលា	approved	sbbic-khmer-wordlist	standard	no Chuon definition; legacy word
ឆ្កែតឿ	approved	sbbic-khmer-wordlist	standard	no Chuon definition; legacy word
ឆ្គង់	approved	sbbic-khmer-wordlist	standard	no Chuon definition; legacy word
ឆ្ងេឆ្ងល់	approved	sbbic-khmer-wordlist	standard	no Chuon definition; legacy word
ឆ្នាក	approved	sbbic-khmer-wordlist	standard	no Chuon definition; legacy word
ឆ្នាស់	approved	sbbic-khmer-wordlist	standard	no Chuon definition; legacy word
ឆ្នាំច	approved	sbbic-khmer-wordlist	standard	no Chuon definition; legacy word
ឆ្នួរ	approved	sbbic-khmer-wordlist	standard	no Chuon definition; legacy word
ឆ្មាព្រៃ	approved	sbbic-khmer-wordlist	standard	no Chuon definition; legacy word
ឆ្មើងឆ្មោះ	approved	sbbic-khmer-wordlist	standard	no Chuon definition; legacy word
ឆ្មេរ	approved	sbbic-khmer-wordlist	standard	no Chuon definition; legacy word
ឆ្លៀវ	approved	sbbic-khmer-wordlist	standard	no Chuon definition; legacy word
ឆ្វែង	approved	sbbic-khmer-wordlist	standard	no Chuon definition; legacy word
ឆ្អារ	approved	sbbic-khmer-wordlist	standard	no Chuon definition; legacy word
ឆ្អាល	approved	sbbic-khmer-wordlist	standard	no Chuon definition; legacy word
ឆ្អេង	approved	sbbic-khmer-wordlist	standard	no Chuon definition; legacy word
ជញ្ជីងផេង	approved	sbbic-khmer-wordlist	standard	no Chuon definition; legacy word
ជញ្ជូច	approved	sbbic-khmer-wordlist	standard	no Chuon definition; legacy word
ជញ្ជួន	approved	sbbic-khmer-wordlist	standard	no Chuon definition; legacy word
ជញ្ជួួយ	approved	sbbic-khmer-wordlist	standard	no Chuon definition; legacy word
ជញ្ជែក	approved	sbbic-khmer-wordlist	standard	no Chuon definition; legacy word
ជញ្ជ្រង	approved	sbbic-khmer-wordlist	standard	no Chuon definition; legacy word
ជតិន្ទ្រិយ	approved	sbbic-khmer-wordlist	standard	no Chuon definition; legacy word
ជតុពនៈ	approved	sbbic-khmer-wordlist	standard	no Chuon definition; legacy word
ជនចារ	approved	sbbic-khmer-wordlist	standard	no Chuon definition; legacy word
ជនាងផ្ទះ	approved	sbbic-khmer-wordlist	standard	no Chuon definition; legacy word
ជន្លជន្េលញ	approved	sbbic-khmer-wordlist	standard	no Chuon definition; legacy word
ជន្េលញ	approved	sbbic-khmer-wordlist	standard	no Chuon definition; legacy word
ជពុក	approved	sbbic-khmer-wordlist	standard	no Chuon definition; legacy word
ជម្រេ	approved	sbbic-khmer-wordlist	standard	no Chuon definition; legacy word
ជយ	approved	unknown	standard	no Chuon definition; legacy word
ជយលាភី	approved	sbbic-khmer-wordlist	standard	no Chuon definition; legacy word
ជយសព្ទ័	approved	sbbic-khmer-wordlist	standard	no Chuon definition; legacy word
ជយស្រី	approved	sbbic-khmer-wordlist	standard	no Chuon definition; legacy word
ជយោ	approved	sbbic-khmer-wordlist	standard	no Chuon definition; legacy word
ជរាម្រឹត្យូវ	approved	sbbic-khmer-wordlist	standard	no Chuon definition; legacy word
ជរឹប	approved	sbbic-khmer-wordlist	standard	no Chuon definition; legacy word
ជរឺត	approved	sbbic-khmer-wordlist	standard	no Chuon definition; legacy word
ជរុក	approved	sbbic-khmer-wordlist	standard	no Chuon definition; legacy word
ជលកា	approved	sbbic-khmer-wordlist	standard	no Chuon definition; legacy word
ជលជាតិ	approved	sbbic-khmer-wordlist	standard	no Chuon definition; legacy word
ជលធារាសាស្ត្រ	approved	sbbic-khmer-wordlist	standard	no Chuon definition; legacy word
ជលន័យន៏	approved	sbbic-khmer-wordlist	standard	no Chuon definition; legacy word
ជលភាជន៏	approved	sbbic-khmer-wordlist	standard	no Chuon definition; legacy word
ជលមាគិ	approved	sbbic-khmer-wordlist	standard	no Chuon definition; legacy word
ជលម្ពជៈ	approved	sbbic-khmer-wordlist	standard	no Chuon definition; legacy word
ជលា	approved	sbbic-khmer-wordlist	standard	no Chuon definition; legacy word
ជលាពុជះ	approved	sbbic-khmer-wordlist	standard	no Chuon definition; legacy word
ជលិកា	approved	sbbic-khmer-wordlist	standard	no Chuon definition; legacy word
ជវន	approved	sbbic-khmer-wordlist	standard	no Chuon definition; legacy word
ជវនវិថិ	approved	sbbic-khmer-wordlist	standard	no Chuon definition; legacy word
ជវនវិថី	approved	sbbic-khmer-wordlist	standard	no Chuon definition; legacy word
ជវា	approved	sbbic-khmer-wordlist	standard	no Chuon definition; legacy word
ជវិកម្បនា	approved	sbbic-khmer-wordlist	standard	no Chuon definition; legacy word
ជាក់ជា	approved	sbbic-khmer-wordlist	standard	no Chuon definition; legacy word
ជាងកង់	approved	sbbic-khmer-wordlist	standard	no Chuon definition; legacy word
ជាងគេ	approved	sbbic-khmer-wordlist	standard	no Chuon definition; legacy word
ជាងសោ	approved	sbbic-khmer-wordlist	standard	no Chuon definition; legacy word
ជាច	approved	sbbic-khmer-wordlist	standard	no Chuon definition; legacy word
ជាជាង	approved	sbbic-khmer-wordlist	standard	no Chuon definition; legacy word
ជាជួរ	approved	sbbic-khmer-wordlist	standard	no Chuon definition; legacy word
ជាញជ័យ	approved	sbbic-khmer-wordlist	standard	no Chuon definition; legacy word
ជាដុំ	approved	sbbic-khmer-wordlist	standard	no Chuon definition; legacy word
ជាតកម្ម	approved	sbbic-khmer-wordlist	standard	no Chuon definition; legacy word
ជាតិកម្ម	approved	sbbic-khmer-wordlist	standard	no Chuon definition; legacy word
ជាតិនេះ	approved	sbbic-khmer-wordlist	standard	no Chuon definition; legacy word
ជាតិពន្ធវិទ្យា	approved	sbbic-khmer-wordlist	standard	no Chuon definition; legacy word
ជាតិពុល	approved	sbbic-khmer-wordlist	standard	no Chuon definition; legacy word
ជាតិភូមា	approved	sbbic-khmer-wordlist	standard	no Chuon definition; legacy word
ជាតិសព្ទ	approved	sbbic-khmer-wordlist	standard	no Chuon definition; legacy word
ជាតិសព្ទវិទ្យា	approved	sbbic-khmer-wordlist	standard	no Chuon definition; legacy word
ជាតិសិលា	approved	sbbic-khmer-wordlist	standard	no Chuon definition; legacy word
ជាតិហិង្គុល	approved	sbbic-khmer-wordlist	standard	no Chuon definition; legacy word
ជាទ្វេ	approved	sbbic-khmer-wordlist	standard	no Chuon definition; legacy word
ជានា	approved	sbbic-khmer-wordlist	standard	no Chuon definition; legacy word
ជាន់ក	approved	sbbic-khmer-wordlist	standard	no Chuon definition; legacy word
ជាន់ឆាយា	approved	sbbic-khmer-wordlist	standard	no Chuon definition; legacy word
ជាន់ញី	approved	sbbic-khmer-wordlist	standard	no Chuon definition; legacy word
ជាន់លើ	approved	sbbic-khmer-wordlist	standard	no Chuon definition; legacy word
ជាប់ការ	approved	sbbic-khmer-wordlist	standard	no Chuon definition; legacy word
ជាប់ជួន	approved	sbbic-khmer-wordlist	standard	no Chuon definition; legacy word
ជាមុន	approved	sbbic-khmer-wordlist	standard	no Chuon definition; legacy word
ជារកា	approved	sbbic-khmer-wordlist	standard	no Chuon definition; legacy word
ជារណា	approved	sbbic-khmer-wordlist	standard	no Chuon definition; legacy word
ជារណីយ	approved	sbbic-khmer-wordlist	standard	no Chuon definition; legacy word
ជារី	approved	sbbic-khmer-wordlist	standard	no Chuon definition; legacy word
ជាវេន	approved	sbbic-khmer-wordlist	standard	no Chuon definition; legacy word
ជាំតាម៉ៅ	approved	sbbic-khmer-wordlist	standard	no Chuon definition; legacy word
ជិតម៏	approved	sbbic-khmer-wordlist	standard	no Chuon definition; legacy word
ជិតំ	approved	sbbic-khmer-wordlist	standard	no Chuon definition; legacy word
ជិនជឿន	approved	sbbic-khmer-wordlist	standard	no Chuon definition; legacy word
ជិវ្ហាសម្ផស្ស	approved	sbbic-khmer-wordlist	standard	no Chuon definition; legacy word
ជិះគោ	approved	sbbic-khmer-wordlist	standard	no Chuon definition; legacy word
ជិះទោង	approved	sbbic-khmer-wordlist	standard	no Chuon definition; legacy word
ជីងជក់	approved	chuon-nath-1967	standard	no matching RAC definition; legacy word
ជីដី	approved	sbbic-khmer-wordlist	standard	no Chuon definition; legacy word
ជីនក	approved	sbbic-khmer-wordlist	standard	no Chuon definition; legacy word
ជីនាងផ្ទះ	approved	sbbic-khmer-wordlist	standard	no Chuon definition; legacy word
ជីនី	approved	sbbic-khmer-wordlist	standard	no Chuon definition; legacy word
ជីរទ្រមាំង	approved	sbbic-khmer-wordlist	standard	no Chuon definition; legacy word
ជីរស	approved	sbbic-khmer-wordlist	standard	no Chuon definition; legacy word
ជីរស៝	approved	sbbic-khmer-wordlist	standard	no Chuon definition; legacy word
ជីវចម្រុះ	approved	sbbic-khmer-wordlist	standard	no Chuon definition; legacy word
ជីវតក្ស័យ	approved	sbbic-khmer-wordlist	standard	no Chuon definition; legacy word
ជីវន័	approved	sbbic-khmer-wordlist	standard	no Chuon definition; legacy word
ជីវ្ហា	approved	sbbic-khmer-wordlist	standard	no Chuon definition; legacy word
ជីវ្ហាវិញ្ញាណ	approved	sbbic-khmer-wordlist	standard	no Chuon definition; legacy word
ជឹក	approved	sbbic-khmer-wordlist	standard	no Chuon definition; legacy word
ជឹង	approved	sbbic-khmer-wordlist	standard	no Chuon definition; legacy word
ជឺវង្គត	approved	sbbic-khmer-wordlist	standard	no Chuon definition; legacy word
ជឺវន័	approved	sbbic-khmer-wordlist	standard	no Chuon definition; legacy word
ជឺវន្ត	approved	sbbic-khmer-wordlist	standard	no Chuon definition; legacy word
ជុំជាតិ	approved	sbbic-khmer-wordlist	standard	no Chuon definition; legacy word
ជុំជើង	approved	sbbic-khmer-wordlist	standard	no Chuon definition; legacy word
ជុំមាត់	approved	sbbic-khmer-wordlist	standard	no Chuon definition; legacy word
ជុះនោម	approved	sbbic-khmer-wordlist	standard	no Chuon definition; legacy word
ជូរជ្រះ	approved	sbbic-khmer-wordlist	standard	no Chuon definition; legacy word
ជួរមុខ	approved	sbbic-khmer-wordlist	standard	no Chuon definition; legacy word
ជើងកើប	approved	sbbic-khmer-wordlist	standard	no Chuon definition; legacy word
ជើងគោក	approved	sbbic-khmer-wordlist	standard	no Chuon definition; legacy word
ជើងជក់	approved	sbbic-khmer-wordlist	standard	no Chuon definition; legacy word
ជើងទ្រ	approved	sbbic-khmer-wordlist	standard	no Chuon definition; legacy word
ជើងពាល	approved	sbbic-khmer-wordlist	standard	no Chuon definition; legacy word
ជើងស	approved	sbbic-khmer-wordlist	standard	no Chuon definition; legacy word
ជើងសឹក	approved	sbbic-khmer-wordlist	standard	no Chuon definition; legacy word
ជើងស៊ី	approved	sbbic-khmer-wordlist	standard	no Chuon definition; legacy word
ជើជើ	approved	sbbic-khmer-wordlist	standard	no Chuon definition; legacy word
ជឿជោក	approved	sbbic-khmer-wordlist	standard	no Chuon definition; legacy word
ជេដ្ឋ	approved	sbbic-khmer-wordlist	standard	no Chuon definition; legacy word
ជេដ្ឋោ	approved	sbbic-khmer-wordlist	standard	no Chuon definition; legacy word
ជេដ្ឋំ	approved	sbbic-khmer-wordlist	standard	no Chuon definition; legacy word
ជេនត្ដី	approved	sbbic-khmer-wordlist	standard	no Chuon definition; legacy word
ជេប	approved	sbbic-khmer-wordlist	standard	no Chuon definition; legacy word
ជេម	approved	sbbic-khmer-wordlist	standard	no Chuon definition; legacy word
ជេស៊ី	approved	sbbic-khmer-wordlist	standard	no Chuon definition; legacy word
ជេស័	approved	sbbic-khmer-wordlist	standard	no Chuon definition; legacy word
ជែពព្រៃ	approved	sbbic-khmer-wordlist	standard	no Chuon definition; legacy word
ជោកចិត្ត	approved	sbbic-khmer-wordlist	standard	no Chuon definition; legacy word
ជោរទឹក	approved	sbbic-khmer-wordlist	standard	no Chuon definition; legacy word
ជំងឺលោកិយ	approved	sbbic-khmer-wordlist	standard	no Chuon definition; legacy word
ជំនល់	approved	sbbic-khmer-wordlist	standard	no Chuon definition; legacy word
ជំនីបកលា	approved	sbbic-khmer-wordlist	standard	no Chuon definition; legacy word
ជំនីរ	approved	sbbic-khmer-wordlist	standard	no Chuon definition; legacy word
ជំនួយការី	approved	sbbic-khmer-wordlist	standard	no Chuon definition; legacy word
ជំនះ	approved	sbbic-khmer-wordlist	standard	no Chuon definition; legacy word
ជំរក	approved	sbbic-khmer-wordlist	variant	legacy orthography
ជំរាប	approved	sbbic-khmer-wordlist	variant	legacy orthography
ជំរាល	approved	sbbic-khmer-wordlist	variant	legacy orthography
ជំរីត	approved	sbbic-khmer-wordlist	standard	no Chuon definition; legacy word
ជំរុល	approved	sbbic-khmer-wordlist	standard	no Chuon definition; legacy word
ជំរុំ	approved	sbbic-khmer-wordlist	standard	no Chuon definition; legacy word
ជំរុះ	approved	sbbic-khmer-wordlist	standard	no Chuon definition; legacy word
ជំរើស	approved	sbbic-khmer-wordlist	variant	legacy orthography
ជំរេ	approved	sbbic-khmer-wordlist	standard	no Chuon definition; legacy word
ជំរែក	approved	sbbic-khmer-wordlist	standard	no Chuon definition; legacy word
ជំរៅ	approved	sbbic-khmer-wordlist	variant	legacy orthography
ជំរះ	approved	sbbic-khmer-wordlist	variant	legacy orthography
ជំហរតែ	approved	sbbic-khmer-wordlist	standard	no Chuon definition; legacy word
ជំហឺ	approved	sbbic-khmer-wordlist	standard	no Chuon definition; legacy word
ជំំទើត	approved	sbbic-khmer-wordlist	standard	no Chuon definition; legacy word
ជ័យកុញ្ជរ	approved	sbbic-khmer-wordlist	standard	no Chuon definition; legacy word
ជ័យឃោស	approved	sbbic-khmer-wordlist	standard	no Chuon definition; legacy word
ជ័យដ្ឋាន	approved	sbbic-khmer-wordlist	standard	no Chuon definition; legacy word
ជ័យធ្វជ	approved	sbbic-khmer-wordlist	standard	no Chuon definition; legacy word
ជ័យបាន	approved	sbbic-khmer-wordlist	standard	no Chuon definition; legacy word
ជ័យពាទ្យ	approved	sbbic-khmer-wordlist	standard	no Chuon definition; legacy word
ជ័យព្រឹក្ស	approved	sbbic-khmer-wordlist	standard	no Chuon definition; legacy word
ជ័យភូមិ	approved	sbbic-khmer-wordlist	standard	no Chuon definition; legacy word
ជ័យមង្គល	approved	sbbic-khmer-wordlist	standard	no Chuon definition; legacy word
ជ័យលេខ	approved	sbbic-khmer-wordlist	standard	no Chuon definition; legacy word
ជ័យវរ្ម័ន	approved	sbbic-khmer-wordlist	standard	no Chuon definition; legacy word
ជ័យសង្ខ	approved	sbbic-khmer-wordlist	standard	no Chuon definition; legacy word
ជ័យសព្ទ	approved	sbbic-khmer-wordlist	standard	no Chuon definition; legacy word
ជ័យសួស្ដី	approved	sbbic-khmer-wordlist	standard	no Chuon definition; legacy word
ជ័យសួស្តី	approved	sbbic-khmer-wordlist	standard	no Chuon definition; legacy word
ជ័យស្ថាន	approved	sbbic-khmer-wordlist	standard	no Chuon definition; legacy word
ជ័យាវុធ	approved	sbbic-khmer-wordlist	standard	no Chuon definition; legacy word
ជ័រកុប្បនា	approved	sbbic-khmer-wordlist	standard	no Chuon definition; legacy word
ជ្រលោះ	approved	sbbic-khmer-wordlist	standard	no Chuon definition; legacy word
ជ្រហីតជ្រហម	approved	sbbic-khmer-wordlist	standard	no Chuon definition; legacy word
ជ្រហើម	approved	sbbic-khmer-wordlist	standard	no Chuon definition; legacy word
ជ្រាត់	approved	sbbic-khmer-wordlist	standard	no Chuon definition; legacy word
ជ្រាប់	approved	sbbic-khmer-wordlist	standard	no Chuon definition; legacy word
ជ្រាលជ្រេ	approved	sbbic-khmer-wordlist	standard	no Chuon definition; legacy word
ជ្រុងដី	approved	sbbic-khmer-wordlist	standard	no Chuon definition; legacy word
ជ្រុលសម្តី	approved	sbbic-khmer-wordlist	standard	no Chuon definition; legacy word
ជ្រៀវ	approved	sbbic-khmer-wordlist	standard	no Chuon definition; legacy word
ជ្រេនៀង	approved	sbbic-khmer-wordlist	standard	no Chuon definition; legacy word
ជ្រែម៉ូយ	approved	sbbic-khmer-wordlist	standard	no Chuon definition; legacy word
ជ្រៃលាស់	approved	sbbic-khmer-wordlist	standard	no Chuon definition; legacy word
ជ្រៃលៀប	approved	sbbic-khmer-wordlist	standard	no Chuon definition; legacy word
ឈង	approved	sbbic-khmer-wordlist	standard	no Chuon definition; legacy word
ឈប	approved	sbbic-khmer-wordlist	standard	no Chuon definition; legacy word
ឈាមស	approved	sbbic-khmer-wordlist	standard	no Chuon definition; legacy word
ឈីលី	approved	sbbic-khmer-wordlist	standard	no Chuon definition; legacy word
ឈឺក	approved	sbbic-khmer-wordlist	standard	no Chuon definition; legacy word
ឈឺក៝	approved	sbbic-khmer-wordlist	standard	no Chuon definition; legacy word
ឈឺង	approved	sbbic-khmer-wordlist	standard	no Chuon definition; legacy word
ឈឺមួល	approved	sbbic-khmer-wordlist	standard	no Chuon definition; legacy word
ឈុល	approved	sbbic-khmer-wordlist	standard	no Chuon definition; legacy word
ឈូករត្ន	approved	sbbic-khmer-wordlist	standard	no Chuon definition; legacy word
ឈូរ	approved	sbbic-khmer-wordlist	standard	no Chuon definition; legacy word
ឈួល	approved	sbbic-khmer-wordlist	standard	no Chuon definition; legacy word
ឈើងាប់	approved	sbbic-khmer-wordlist	standard	no Chuon definition; legacy word
ឈើតុំ	approved	sbbic-khmer-wordlist	standard	no Chuon definition; legacy word
ឈើនា	approved	sbbic-khmer-wordlist	standard	no Chuon definition; legacy word
ឈើមូល	approved	sbbic-khmer-wordlist	standard	no Chuon definition; legacy word
ឈើលូស	approved	sbbic-khmer-wordlist	standard	no Chuon definition; legacy word
ឈើស្តើង	approved	sbbic-khmer-wordlist	standard	no Chuon definition; legacy word
ឈើអណ្ដែត	approved	sbbic-khmer-wordlist	standard	no Chuon definition; legacy word
ឈ្នាន	approved	sbbic-khmer-wordlist	standard	no Chuon definition; legacy word
ឈ្នួន	approved	sbbic-khmer-wordlist	standard	no Chuon definition; legacy word
ឈ្មុយ	approved	sbbic-khmer-wordlist	standard	no Chuon definition; legacy word
ឈ្មៀង	approved	sbbic-khmer-wordlist	standard	no Chuon definition; legacy word
ឈ្មេង	approved	sbbic-khmer-wordlist	standard	no Chuon definition; legacy word
ឈ្លច់	approved	sbbic-khmer-wordlist	standard	no Chuon definition; legacy word
ឈ្លាក	approved	sbbic-khmer-wordlist	standard	no Chuon definition; legacy word
ឈ្លាយ	approved	sbbic-khmer-wordlist	standard	no Chuon definition; legacy word
ឈ្លៀសវៃ	approved	sbbic-khmer-wordlist	standard	no Chuon definition; legacy word
ឈ្លោម	approved	sbbic-khmer-wordlist	standard	no Chuon definition; legacy word
ញង	approved	sbbic-khmer-wordlist	standard	no Chuon definition; legacy word
ញរ	approved	sbbic-khmer-wordlist	standard	no Chuon definition; legacy word
ញល់់	approved	sbbic-khmer-wordlist	standard	no Chuon definition; legacy word
ញាតិកា	approved	sbbic-khmer-wordlist	standard	no Chuon definition; legacy word
ញាតិធ៌ម	approved	sbbic-khmer-wordlist	standard	no Chuon definition; legacy word
ញាតិវង្សា	approved	sbbic-khmer-wordlist	standard	no Chuon definition; legacy word
ញាំង	approved	sbbic-khmer-wordlist	standard	no Chuon definition; legacy word
ញិកញ៉ក់	approved	sbbic-khmer-wordlist	standard	no Chuon definition; legacy word
ញិង	approved	sbbic-khmer-wordlist	standard	no Chuon definition; legacy word
ញិច	approved	sbbic-khmer-wordlist	standard	no Chuon definition; legacy word
ញិម	approved	sbbic-khmer-wordlist	standard	no Chuon definition; legacy word
ញីក	approved	sbbic-khmer-wordlist	standard	no Chuon definition; legacy word
ញីញក់	approved	sbbic-khmer-wordlist	standard	no Chuon definition; legacy word
ញឹកញ៉ក់	approved	sbbic-khmer-wordlist	standard	no Chuon definition; legacy word
ញឹប	approved	sbbic-khmer-wordlist	standard	no Chuon definition; legacy word
ញុកញី	approved	sbbic-khmer-wordlist	standard	no Chuon definition; legacy word
ញូងញ៉ាំង	approved	sbbic-khmer-wordlist	standard	no Chuon definition; legacy word
ញើប	approved	sbbic-khmer-wordlist	standard	no Chuon definition; legacy word
ញ៉ន	approved	sbbic-khmer-wordlist	standard	no Chuon definition; legacy word
ញ៉ាង	approved	sbbic-khmer-wordlist	standard	no Chuon definition; legacy word
ញ៉ាច់	approved	sbbic-khmer-wordlist	standard	no Chuon definition; legacy word
ញ៉ាញ	approved	sbbic-khmer-wordlist	standard	no Chuon definition; legacy word
ញ៉ាស់	approved	sbbic-khmer-wordlist	standard	no Chuon definition; legacy word
ញ៉ាំញើ	approved	sbbic-khmer-wordlist	standard	no Chuon definition; legacy word
ញ៉ិញ	approved	sbbic-khmer-wordlist	standard	no Chuon definition; legacy word
ញ៉ឹមញ៉ុម	approved	sbbic-khmer-wordlist	standard	no Chuon definition; legacy word
ញ៉ឺង	approved	sbbic-khmer-wordlist	standard	no Chuon definition; legacy word
ញ៉ុម	approved	sbbic-khmer-wordlist	standard	no Chuon definition; legacy word
ញ៉េកញ៉ាក	approved	sbbic-khmer-wordlist	standard	no Chuon definition; legacy word
ញ៉ែញ៉ង	approved	sbbic-khmer-wordlist	standard	no Chuon definition; legacy word
ញ័រមាត់ប៉ប៉ុប	approved	sbbic-khmer-wordlist	standard	no Chuon definition; legacy word
ដកខ្លួន	approved	sbbic-khmer-wordlist	standard	no Chuon definition; legacy word
ដកងា	approved	sbbic-khmer-wordlist	standard	no Chuon definition; legacy word
ដកចិត្ត	approved	sbbic-khmer-wordlist	standard	no Chuon definition; legacy word
ដកចេញ	approved	sbbic-khmer-wordlist	standard	no Chuon definition; legacy word
ដកផ្អៀង	approved	sbbic-khmer-wordlist	standard	no Chuon definition; legacy word
ដកស្មៅ	approved	sbbic-khmer-wordlist	standard	no Chuon definition; legacy word
ដក់ដឿ់់	approved	sbbic-khmer-wordlist	standard	no Chuon definition; legacy word
ដងក	approved	sbbic-khmer-wordlist	standard	no Chuon definition; legacy word
ដងកឺ	approved	sbbic-khmer-wordlist	standard	no Chuon definition; legacy word
ដង្កា	approved	sbbic-khmer-wordlist	standard	no Chuon definition; legacy word
ដង្កៀប	approved	sbbic-khmer-wordlist	standard	no Chuon definition; legacy word
ដង្គុំំ	approved	sbbic-khmer-wordlist	standard	no Chuon definition; legacy word
ដង្ហែក	approved	sbbic-khmer-wordlist	standard	no Chuon definition; legacy word
ដដាក់	approved	sbbic-khmer-wordlist	standard	no Chuon definition; legacy word
ដដោះ	approved	sbbic-khmer-wordlist	standard	no Chuon definition; legacy word
ដាការ	approved	sbbic-khmer-wordlist	standard	no Chuon definition; legacy word
ដាក់កុង	approved	sbbic-khmer-wordlist	standard	no Chuon definition; legacy word
ដាក់ដាំ	approved	sbbic-khmer-wordlist	standard	no Chuon definition; legacy word
ដាក់ដៃ	approved	sbbic-khmer-wordlist	standard	no Chuon definition; legacy word
ដាក់ទិស	approved	sbbic-khmer-wordlist	standard	no Chuon definition; legacy word
ដាក់ភ្លើង	approved	sbbic-khmer-wordlist	standard	no Chuon definition; legacy word
ដាក់មង	approved	sbbic-khmer-wordlist	standard	no Chuon definition; legacy word
ដាក់ស្មើ	approved	sbbic-khmer-wordlist	standard	no Chuon definition; legacy word
ដាច់ដោច	approved	sbbic-khmer-wordlist	standard	no Chuon definition; legacy word
ដានដាប	approved	sbbic-khmer-wordlist	standard	no Chuon definition; legacy word
ដារាប	approved	chuon-nath-1967	standard	no matching RAC definition; legacy word
ដាសដា	approved	sbbic-khmer-wordlist	standard	no Chuon definition; legacy word
ដាស់ដី	approved	sbbic-khmer-wordlist	standard	no Chuon definition; legacy word
ដាស់ដៃ	approved	sbbic-khmer-wordlist	standard	no Chuon definition; legacy word
ដាំងដុង	approved	sbbic-khmer-wordlist	standard	no Chuon definition; legacy word
ដាំចុះ	approved	sbbic-khmer-wordlist	standard	no Chuon definition; legacy word
ដាំព្រំ	approved	sbbic-khmer-wordlist	standard	no Chuon definition; legacy word
ដីដុះ	approved	sbbic-khmer-wordlist	standard	no Chuon definition; legacy word
ដីទួល	approved	sbbic-khmer-wordlist	standard	no Chuon definition; legacy word
ដីរលីង	approved	sbbic-khmer-wordlist	standard	no Chuon definition; legacy word
ដីរាប	approved	sbbic-khmer-wordlist	standard	no Chuon definition; legacy word
ដីរេ	approved	sbbic-khmer-wordlist	standard	no Chuon definition; legacy word
ដីស្កះ	approved	sbbic-khmer-wordlist	standard	no Chuon definition; legacy word
ដឹកគោ	approved	sbbic-khmer-wordlist	standard	no Chuon definition; legacy word
ដឹកញីបន្ស៉ីឈ្មោល	approved	sbbic-khmer-wordlist	standard	no Chuon definition; legacy word
ដឹកដៃ	approved	sbbic-khmer-wordlist	standard	no Chuon definition; legacy word
ដឹកមុខ	approved	sbbic-khmer-wordlist	standard	no Chuon definition; legacy word
ដឹកសេះ	approved	sbbic-khmer-wordlist	standard	no Chuon definition; legacy word
ដឹងចិត្ត	approved	sbbic-khmer-wordlist	standard	no Chuon definition; legacy word
ដឹងឮ	approved	sbbic-khmer-wordlist	standard	no Chuon definition; legacy word
ដឺដង	approved	sbbic-khmer-wordlist	standard	no Chuon definition; legacy word
ដឺយ	approved	sbbic-khmer-wordlist	standard	no Chuon definition; legacy word
ដុក	approved	sbbic-khmer-wordlist	standard	no Chuon definition; legacy word
ដុំកង់	approved	sbbic-khmer-wordlist	standard	no Chuon definition; legacy word
ដុំដី	approved	sbbic-khmer-wordlist	standard	no Chuon definition; legacy word
ដុំដែក	approved	sbbic-khmer-wordlist	standard	no Chuon definition; legacy word
ដុំរទេះ	approved	sbbic-khmer-wordlist	standard	no Chuon definition; legacy word
ដុំឥដ្ឋ	approved	sbbic-khmer-wordlist	standard	no Chuon definition; legacy word
ដុះឡើង	approved	sbbic-khmer-wordlist	standard	no Chuon definition; legacy word
ដូងខែ	approved	sbbic-khmer-wordlist	standard	no Chuon definition; legacy word
ដូងដាង	approved	sbbic-khmer-wordlist	standard	no Chuon definition; legacy word
ដូងបារាំង	approved	sbbic-khmer-wordlist	standard	no Chuon definition; legacy word
ដូងព្រៃ	approved	sbbic-khmer-wordlist	standard	no Chuon definition; legacy word
ដូងសែត	approved	sbbic-khmer-wordlist	standard	no Chuon definition; legacy word
ដូចនោះ	approved	sbbic-khmer-wordlist	standard	no Chuon definition; legacy word
ដូចម្ជុលនឹងចេស	approved	sbbic-khmer-wordlist	standard	no Chuon definition; legacy word
ដូនតី	approved	sbbic-khmer-wordlist	standard	no Chuon definition; legacy word
ដូម	approved	sbbic-khmer-wordlist	standard	no Chuon definition; legacy word
ដូសៀរ	approved	sbbic-khmer-wordlist	standard	no Chuon definition; legacy word
ដួងកែវ	approved	sbbic-khmer-wordlist	standard	no Chuon definition; legacy word
ដួងខែ	approved	sbbic-khmer-wordlist	standard	no Chuon definition; legacy word
ដួលតាម	approved	sbbic-khmer-wordlist	standard	no Chuon definition; legacy word
ដួលរៀល	approved	sbbic-khmer-wordlist	standard	no Chuon definition; legacy word
ដួលរេល	approved	sbbic-khmer-wordlist	standard	no Chuon definition; legacy word
ដើមដូង	approved	sbbic-khmer-wordlist	standard	no Chuon definition; legacy word
ដើរចុះ	approved	sbbic-khmer-wordlist	standard	no Chuon definition; legacy word
ដើរទូក	approved	sbbic-khmer-wordlist	standard	no Chuon definition; legacy word
ដើរទេ	approved	sbbic-khmer-wordlist	standard	no Chuon definition; legacy word
ដើរទៅ	approved	sbbic-khmer-wordlist	standard	no Chuon definition; legacy word
ដើរបាត់	approved	sbbic-khmer-wordlist	standard	no Chuon definition; legacy word
ដើរប៉ះ	approved	sbbic-khmer-wordlist	standard	no Chuon definition; legacy word
ដើរវ	approved	sbbic-khmer-wordlist	standard	no Chuon definition; legacy word
ដើរហាច់	approved	sbbic-khmer-wordlist	standard	no Chuon definition; legacy word
ដឿង	approved	sbbic-khmer-wordlist	standard	no Chuon definition; legacy word
ដឿងហែម	approved	sbbic-khmer-wordlist	standard	no Chuon definition; legacy word
ដៀងដង	approved	sbbic-khmer-wordlist	standard	no Chuon definition; legacy word
ដៀម	approved	sbbic-khmer-wordlist	standard	no Chuon definition; legacy word
ដេកដួល	approved	sbbic-khmer-wordlist	standard	no Chuon definition; legacy word
ដេកា	approved	unknown	standard	no Chuon definition; legacy word
ដេក្រេ	approved	sbbic-khmer-wordlist	standard	no Chuon definition; legacy word
ដេបា	approved	sbbic-khmer-wordlist	standard	no Chuon definition; legacy word
ដេប៉េតេ	approved	sbbic-khmer-wordlist	standard	no Chuon definition; legacy word
ដេរប៉ះ	approved	sbbic-khmer-wordlist	standard	no Chuon definition; legacy word
ដេរីវេ	approved	sbbic-khmer-wordlist	standard	no Chuon definition; legacy word
ដេរីវ៉េ	approved	sbbic-khmer-wordlist	standard	no Chuon definition; legacy word
ដែកគោ	approved	sbbic-khmer-wordlist	standard	no Chuon definition; legacy word
ដៃកៅអី	approved	sbbic-khmer-wordlist	standard	no Chuon definition; legacy word
ដៃខ្លី	approved	sbbic-khmer-wordlist	standard	no Chuon definition; legacy word
ដៃគេ	approved	sbbic-khmer-wordlist	standard	no Chuon definition; legacy word
ដៃទេ	approved	sbbic-khmer-wordlist	standard	no Chuon definition; legacy word
ដៃបឹង	approved	sbbic-khmer-wordlist	standard	no Chuon definition; legacy word
ដៃលៀង	approved	sbbic-khmer-wordlist	standard	no Chuon definition; legacy word
ដៃស្អិត	approved	sbbic-khmer-wordlist	standard	no Chuon definition; legacy word
ដោយសារសម្ភារះ	approved	sbbic-khmer-wordlist	standard	no Chuon definition; legacy word
ដោយសេរី	approved	sbbic-khmer-wordlist	standard	no Chuon definition; legacy word
ដោះកុន	approved	sbbic-khmer-wordlist	standard	no Chuon definition; legacy word
ដោះសក់	approved	sbbic-khmer-wordlist	standard	no Chuon definition; legacy word
ដោះស្រី	approved	sbbic-khmer-wordlist	standard	no Chuon definition; legacy word
ដោះឡើង	approved	sbbic-khmer-wordlist	standard	no Chuon definition; legacy word
ដៅកន្លែង	approved	sbbic-khmer-wordlist	standard	no Chuon definition; legacy word
ដំកើង	approved	sbbic-khmer-wordlist	standard	no Chuon definition; legacy word
ដំដែក	approved	sbbic-khmer-wordlist	standard	no Chuon definition; legacy word
ដំដែង	approved	sbbic-khmer-wordlist	standard	no Chuon definition; legacy word
ដំណ	approved	sbbic-khmer-wordlist	standard	no Chuon definition; legacy word
ដំណាង	approved	sbbic-khmer-wordlist	standard	no Chuon definition; legacy word
ដំណាំង	approved	sbbic-khmer-wordlist	standard	no Chuon definition; legacy word
ដំណិះ	approved	sbbic-khmer-wordlist	standard	no Chuon definition; legacy word
ដំណឹក	approved	sbbic-khmer-wordlist	standard	no Chuon definition; legacy word
ដំណឹកដៃ	approved	sbbic-khmer-wordlist	standard	no Chuon definition; legacy word
ដំនឿ	approved	sbbic-khmer-wordlist	standard	no Chuon definition; legacy word
ដំបុត	approved	sbbic-khmer-wordlist	standard	no Chuon definition; legacy word
ដំបៀត	approved	sbbic-khmer-wordlist	standard	no Chuon definition; legacy word
ដំបេ	approved	sbbic-khmer-wordlist	standard	no Chuon definition; legacy word
ដំបេងា	approved	sbbic-khmer-wordlist	standard	no Chuon definition; legacy word
ដំពក់	approved	sbbic-khmer-wordlist	standard	no Chuon definition; legacy word
ដំរីទក	approved	sbbic-khmer-wordlist	standard	no Chuon definition; legacy word
ដំរីសា	approved	sbbic-khmer-wordlist	standard	no Chuon definition; legacy word
ដំរីះ	approved	sbbic-khmer-wordlist	standard	no Chuon definition; legacy word
ដំឡើងប្រែង	approved	sbbic-khmer-wordlist	standard	no Chuon definition; legacy word
ដ៏ចម្ការ	approved	sbbic-khmer-wordlist	standard	no Chuon definition; legacy word
ឋបនការ	approved	sbbic-khmer-wordlist	standard	no Chuon definition; legacy word
ឋានន្តរស័ក្ដិ	approved	sbbic-khmer-wordlist	standard	no Chuon definition; legacy word
ឋានន្តរស័ក្តិ	approved	sbbic-khmer-wordlist	standard	no Chuon definition; legacy word
ឋានលេខសាស្ត្រ	approved	sbbic-khmer-wordlist	standard	no Chuon definition; legacy word
ឋានសួ៌គ	approved	sbbic-khmer-wordlist	standard	no Chuon definition; legacy word
ឌាកីនី	approved	sbbic-khmer-wordlist	standard	no Chuon definition; legacy word
ឌីសង់ទ័រ	approved	sbbic-khmer-wordlist	standard	no Chuon definition; legacy word
ឌូយ	approved	sbbic-khmer-wordlist	standard	no Chuon definition; legacy word
ណង់	approved	sbbic-khmer-wordlist	standard	no Chuon definition; legacy word
ណយ	approved	sbbic-khmer-wordlist	standard	no Chuon definition; legacy word
ណាណី	approved	sbbic-khmer-wordlist	standard	no Chuon definition; legacy word
ណានុ៎ះ	approved	sbbic-khmer-wordlist	standard	no Chuon definition; legacy word
ណាន់	approved	sbbic-khmer-wordlist	standard	no Chuon definition; legacy word
ណាម	approved	sbbic-khmer-wordlist	standard	no Chuon definition; legacy word
ណាំតៅ	approved	sbbic-khmer-wordlist	standard	no Chuon definition; legacy word
ណិងណូង	approved	sbbic-khmer-wordlist	standard	no Chuon definition; legacy word
ណឹង	approved	sbbic-khmer-wordlist	standard	no Chuon definition; legacy word
ណឺដ៍	approved	sbbic-khmer-wordlist	standard	no Chuon definition; legacy word
ណឺត	approved	sbbic-khmer-wordlist	standard	no Chuon definition; legacy word
ណុង	approved	sbbic-khmer-wordlist	standard	no Chuon definition; legacy word
ណូន	approved	sbbic-khmer-wordlist	standard	no Chuon definition; legacy word
ណូរុ	approved	sbbic-khmer-wordlist	standard	no Chuon definition; legacy word
ណោត	approved	sbbic-khmer-wordlist	standard	no Chuon definition; legacy word
តង្កោ	approved	sbbic-khmer-wordlist	standard	no Chuon definition; legacy word
តចៈ	approved	sbbic-khmer-wordlist	standard	no Chuon definition; legacy word
តណ្ហីភាព	approved	sbbic-khmer-wordlist	standard	no Chuon definition; legacy word
តត	approved	sbbic-khmer-wordlist	standard	no Chuon definition; legacy word
តតើយ	approved	sbbic-khmer-wordlist	standard	no Chuon definition; legacy word
តត្រៅ	approved	sbbic-khmer-wordlist	standard	no Chuon definition; legacy word
តថៈ	approved	sbbic-khmer-wordlist	standard	no Chuon definition; legacy word
តទី	approved	sbbic-khmer-wordlist	standard	no Chuon definition; legacy word
តមូល	approved	sbbic-khmer-wordlist	standard	no Chuon definition; legacy word
តម៉ោង	approved	sbbic-khmer-wordlist	standard	no Chuon definition; legacy word
តម្រាប	approved	sbbic-khmer-wordlist	standard	no Chuon definition; legacy word
តម្រៀត	approved	sbbic-khmer-wordlist	standard	no Chuon definition; legacy word
តរុណវយ័	approved	sbbic-khmer-wordlist	standard	no Chuon definition; legacy word
តលិក	approved	sbbic-khmer-wordlist	standard	no Chuon definition; legacy word
តល់	approved	sbbic-khmer-wordlist	standard	no Chuon definition; legacy word
តវៀង	approved	sbbic-khmer-wordlist	standard	no Chuon definition; legacy word
តហេ	approved	sbbic-khmer-wordlist	standard	no Chuon definition; legacy word
តាកោ	approved	sbbic-khmer-wordlist	standard	no Chuon definition; legacy word
តាក់	approved	sbbic-khmer-wordlist	standard	no Chuon definition; legacy word
តាក់កេ	approved	sbbic-khmer-wordlist	standard	no Chuon definition; legacy word
តាក្ដុល	approved	sbbic-khmer-wordlist	standard	no Chuon definition; legacy word
តាខែ	approved	sbbic-khmer-wordlist	standard	no Chuon definition; legacy word
តាង៉ែន	approved	sbbic-khmer-wordlist	standard	no Chuon definition; legacy word
តាជេស	approved	sbbic-khmer-wordlist	standard	no Chuon definition; legacy word
តាទៃលើ	approved	sbbic-khmer-wordlist	standard	no Chuon definition; legacy word
តានត្រី	approved	sbbic-khmer-wordlist	standard	no Chuon definition; legacy word
តានា	approved	sbbic-khmer-wordlist	standard	no Chuon definition; legacy word
តានូន	approved	sbbic-khmer-wordlist	standard	no Chuon definition; legacy word
តាបែន	approved	sbbic-khmer-wordlist	standard	no Chuon definition; legacy word
តាប៉ុន	approved	sbbic-khmer-wordlist	standard	no Chuon definition; legacy word
តាប៉ែ	approved	sbbic-khmer-wordlist	standard	no Chuon definition; legacy word
តាប្លូ	approved	sbbic-khmer-wordlist	standard	no Chuon definition; legacy word
តាមកាល	approved	sbbic-khmer-wordlist	standard	no Chuon definition; legacy word
តាម៉ៅ	approved	sbbic-khmer-wordlist	standard	no Chuon definition; legacy word
តាយ	approved	sbbic-khmer-wordlist	standard	no Chuon definition; legacy word
តារ	approved	sbbic-khmer-wordlist	standard	no Chuon definition; legacy word
តាល	approved	sbbic-khmer-wordlist	standard	no Chuon definition; legacy word
តាលវន័	approved	sbbic-khmer-wordlist	standard	no Chuon definition; legacy word
តាលោ	approved	sbbic-khmer-wordlist	standard	no Chuon definition; legacy word
តាវាំង	approved	sbbic-khmer-wordlist	standard	no Chuon definition; legacy word
តាវែង	approved	sbbic-khmer-wordlist	standard	no Chuon definition; legacy word
តាសិក	approved	sbbic-khmer-wordlist	standard	no Chuon definition; legacy word
តាសែន	approved	sbbic-khmer-wordlist	standard	no Chuon definition; legacy word
តាស្ដា	approved	sbbic-khmer-wordlist	standard	no Chuon definition; legacy word
តាអង	approved	sbbic-khmer-wordlist	standard	no Chuon definition; legacy word
តាអុង	approved	sbbic-khmer-wordlist	standard	no Chuon definition; legacy word
តាអូ	approved	sbbic-khmer-wordlist	standard	no Chuon definition; legacy word
តាឯក	approved	sbbic-khmer-wordlist	standard	no Chuon definition; legacy word
តាំងតែ	approved	sbbic-khmer-wordlist	standard	no Chuon definition; legacy word
តាំងតែង	approved	sbbic-khmer-wordlist	standard	no Chuon definition; legacy word
តាំងទព័	approved	sbbic-khmer-wordlist	standard	no Chuon definition; legacy word
តិក	approved	sbbic-khmer-wordlist	standard	no Chuon definition; legacy word
តិរោក	approved	sbbic-khmer-wordlist	standard	no Chuon definition; legacy word
តឹមតុំ	approved	sbbic-khmer-wordlist	standard	no Chuon definition; legacy word
តឺន	approved	sbbic-khmer-wordlist	standard	no Chuon definition; legacy word
តឺនុយ	approved	sbbic-khmer-wordlist	standard	no Chuon definition; legacy word
តុណ្ហី	approved	sbbic-khmer-wordlist	standard	no Chuon definition; legacy word
តុទូ	approved	sbbic-khmer-wordlist	standard	no Chuon definition; legacy word
តុប	approved	sbbic-khmer-wordlist	standard	no Chuon definition; legacy word
តុរុញ	approved	sbbic-khmer-wordlist	standard	no Chuon definition; legacy word
តុស	approved	sbbic-khmer-wordlist	standard	no Chuon definition; legacy word
តួកង់	approved	sbbic-khmer-wordlist	standard	no Chuon definition; legacy word
តួដី	approved	sbbic-khmer-wordlist	standard	no Chuon definition; legacy word
តួប៊ីន	approved	sbbic-khmer-wordlist	standard	no Chuon definition; legacy word
តឿនទា	approved	sbbic-khmer-wordlist	standard	no Chuon definition; legacy word
តៀងតាំង	approved	sbbic-khmer-wordlist	standard	no Chuon definition; legacy word
តេន្យា	approved	sbbic-khmer-wordlist	standard	no Chuon definition; legacy word
តេលិកា	approved	sbbic-khmer-wordlist	standard	no Chuon definition; legacy word
តេះដៀល	approved	sbbic-khmer-wordlist	standard	no Chuon definition; legacy word
តែខំ	approved	sbbic-khmer-wordlist	standard	no Chuon definition; legacy word
តែងការ	approved	sbbic-khmer-wordlist	standard	no Chuon definition; legacy word
តែងខ្លួន	approved	sbbic-khmer-wordlist	standard	no Chuon definition; legacy word
តែនតិ៍	approved	chuon-nath-1967	standard	no matching RAC definition; legacy word
តែន្និស	approved	sbbic-khmer-wordlist	standard	no Chuon definition; legacy word
តែមាត់	approved	sbbic-khmer-wordlist	standard	no Chuon definition; legacy word
តែម្រ៉ង	approved	sbbic-khmer-wordlist	standard	no Chuon definition; legacy word
តែរែ	approved	sbbic-khmer-wordlist	standard	no Chuon definition; legacy word
តែអុង	approved	sbbic-khmer-wordlist	standard	no Chuon definition; legacy word
តៃប៉ិ	approved	sbbic-khmer-wordlist	standard	no Chuon definition; legacy word
តោករខាក	approved	sbbic-khmer-wordlist	standard	no Chuon definition; legacy word
តោងក	approved	sbbic-khmer-wordlist	standard	no Chuon definition; legacy word
តោងទៅ	approved	sbbic-khmer-wordlist	standard	no Chuon definition; legacy word
តោយ៉ា	approved	sbbic-khmer-wordlist	standard	no Chuon definition; legacy word
តោល	approved	sbbic-khmer-wordlist	standard	no Chuon definition; legacy word
តំណួច	approved	sbbic-khmer-wordlist	standard	no Chuon definition; legacy word
តំបូង	approved	sbbic-khmer-wordlist	standard	no Chuon definition; legacy word
តំបូល	approved	sbbic-khmer-wordlist	standard	no Chuon definition; legacy word
តំបែរ	approved	sbbic-khmer-wordlist	standard	no Chuon definition; legacy word
តំរិះ	approved	sbbic-khmer-wordlist	variant	legacy orthography
តំរូវ	approved	sbbic-khmer-wordlist	variant	legacy orthography
តំរៀម	approved	sbbic-khmer-wordlist	standard	no Chuon definition; legacy word
ត្បាន់	approved	sbbic-khmer-wordlist	standard	no Chuon definition; legacy word
ត្រករ	approved	sbbic-khmer-wordlist	standard	no Chuon definition; legacy word
ត្រកែង	approved	sbbic-khmer-wordlist	standard	no Chuon definition; legacy word
ត្រងត្រាប	approved	sbbic-khmer-wordlist	standard	no Chuon definition; legacy word
ត្រចើក	approved	sbbic-khmer-wordlist	standard	no Chuon definition; legacy word
ត្រជាក់ត្រជុំ	approved	sbbic-khmer-wordlist	standard	no Chuon definition; legacy word
ត្រជី	approved	sbbic-khmer-wordlist	standard	no Chuon definition; legacy word
ត្រដុង	approved	sbbic-khmer-wordlist	standard	no Chuon definition; legacy word
ត្រណាក់	approved	sbbic-khmer-wordlist	standard	no Chuon definition; legacy word
ត្រប៉ោល	approved	sbbic-khmer-wordlist	standard	no Chuon definition; legacy word
ត្រមូង	approved	sbbic-khmer-wordlist	standard	no Chuon definition; legacy word
ត្រមួច	approved	sbbic-khmer-wordlist	standard	no Chuon definition; legacy word
ត្រមែងត្រមោច	approved	sbbic-khmer-wordlist	standard	no Chuon definition; legacy word
ត្រយឹង	approved	sbbic-khmer-wordlist	standard	no Chuon definition; legacy word
ត្រយ៉ាង	approved	sbbic-khmer-wordlist	standard	no Chuon definition; legacy word
ត្រសត់	approved	sbbic-khmer-wordlist	standard	no Chuon definition; legacy word
ត្រសល	approved	sbbic-khmer-wordlist	standard	no Chuon definition; legacy word
ត្រសាក	approved	sbbic-khmer-wordlist	standard	no Chuon definition; legacy word
ត្រសិត	approved	sbbic-khmer-wordlist	standard	no Chuon definition; legacy word
ត្រសេក	approved	sbbic-khmer-wordlist	standard	no Chuon definition; legacy word
ត្រសេល	approved	sbbic-khmer-wordlist	standard	no Chuon definition; legacy word
ត្រសែក	approved	sbbic-khmer-wordlist	standard	no Chuon definition; legacy word
ត្រសៃ	approved	sbbic-khmer-wordlist	standard	no Chuon definition; legacy word
ត្រឡងកង	approved	sbbic-khmer-wordlist	standard	no Chuon definition; legacy word
ត្រាដល់	approved	sbbic-khmer-wordlist	standard	no Chuon definition; legacy word
ត្រាម	approved	sbbic-khmer-wordlist	standard	no Chuon definition; legacy word
ត្រាយទុក	approved	sbbic-khmer-wordlist	standard	no Chuon definition; legacy word
ត្រាវ៉ូ	approved	sbbic-khmer-wordlist	standard	no Chuon definition; legacy word
ត្រីកោង	approved	sbbic-khmer-wordlist	standard	no Chuon definition; legacy word
ត្រីដៀប	approved	sbbic-khmer-wordlist	standard	no Chuon definition; legacy word
ត្រីមឹក	approved	sbbic-khmer-wordlist	standard	no Chuon definition; legacy word
ត្រីសព្ទ័	approved	sbbic-khmer-wordlist	standard	no Chuon definition; legacy word
ត្រីស័ក	approved	sbbic-khmer-wordlist	standard	no Chuon definition; legacy word
ត្រុក	approved	sbbic-khmer-wordlist	standard	no Chuon definition; legacy word
ត្រូពិក	approved	sbbic-khmer-wordlist	standard	no Chuon definition; legacy word
ត្រូវលើ	approved	sbbic-khmer-wordlist	standard	no Chuon definition; legacy word
ត្រូវលៃ	approved	sbbic-khmer-wordlist	standard	no Chuon definition; legacy word
ត្រួច	approved	sbbic-khmer-wordlist	standard	no Chuon definition; legacy word
ត្រើក	approved	sbbic-khmer-wordlist	standard	no Chuon definition; legacy word
ត្រើន	approved	sbbic-khmer-wordlist	standard	no Chuon definition; legacy word
ត្រៀត	approved	sbbic-khmer-wordlist	standard	no Chuon definition; legacy word
ត្រៀមចាំ	approved	sbbic-khmer-wordlist	standard	no Chuon definition; legacy word
ត្រេច	approved	sbbic-khmer-wordlist	standard	no Chuon definition; legacy word
ត្រេញ	approved	sbbic-khmer-wordlist	standard	no Chuon definition; legacy word
ត្រេតត្រត	approved	sbbic-khmer-wordlist	standard	no Chuon definition; legacy word
ត្រេប	approved	sbbic-khmer-wordlist	standard	no Chuon definition; legacy word
ត្រេះត្រះ	approved	sbbic-khmer-wordlist	standard	no Chuon definition; legacy word
ត្រេះរិះ	approved	sbbic-khmer-wordlist	standard	no Chuon definition; legacy word
ត្រៃលក្សណ	approved	sbbic-khmer-wordlist	standard	no Chuon definition; legacy word
ត្រៃសរណ	approved	sbbic-khmer-wordlist	standard	no Chuon definition; legacy word
ត្រ័យត្រឹង្ស	approved	sbbic-khmer-wordlist	standard	no Chuon definition; legacy word
ត្រ័យប្រណម	approved	sbbic-khmer-wordlist	standard	no Chuon definition; legacy word
ត្លើង	approved	sbbic-khmer-wordlist	standard	no Chuon definition; legacy word
ថាទៅ	approved	sbbic-khmer-wordlist	standard	no Chuon definition; legacy word
ថាន	approved	sbbic-khmer-wordlist	standard	no Chuon definition; legacy word
ថានៈ	approved	sbbic-khmer-wordlist	standard	no Chuon definition; legacy word
ថាបើ	approved	sbbic-khmer-wordlist	standard	no Chuon definition; legacy word
ថាមពលអគ្គីសនី	approved	sbbic-khmer-wordlist	standard	no Chuon definition; legacy word
ថាមៈ	approved	sbbic-khmer-wordlist	standard	no Chuon definition; legacy word
ថិត	approved	sbbic-khmer-wordlist	standard	no Chuon definition; legacy word
ថិរៈ	approved	sbbic-khmer-wordlist	standard	no Chuon definition; legacy word
ថីមិន	approved	sbbic-khmer-wordlist	standard	no Chuon definition; legacy word
ថេប	approved	sbbic-khmer-wordlist	standard	no Chuon definition; legacy word
ថេរវេលា	approved	sbbic-khmer-wordlist	standard	no Chuon definition; legacy word
ថែកូន	approved	sbbic-khmer-wordlist	standard	no Chuon definition; legacy word
ថែន	approved	sbbic-khmer-wordlist	standard	no Chuon definition; legacy word
ថែមថយ	approved	sbbic-khmer-wordlist	standard	no Chuon definition; legacy word
ថៃឡង់	approved	sbbic-khmer-wordlist	standard	no Chuon definition; legacy word
ថោមន	approved	sbbic-khmer-wordlist	standard	no Chuon definition; legacy word
ថៈណាយក្ដី	approved	sbbic-khmer-wordlist	standard	no Chuon definition; legacy word
ថៈណាយក្តី	approved	sbbic-khmer-wordlist	standard	no Chuon definition; legacy word
ថ្កិប	approved	sbbic-khmer-wordlist	standard	no Chuon definition; legacy word
ថ្ងួចថ្ងូរ	approved	sbbic-khmer-wordlist	standard	no Chuon definition; legacy word
ថ្ងៃកំណត់	approved	sbbic-khmer-wordlist	standard	no Chuon definition; legacy word
ថ្ងៃនេះ	approved	sbbic-khmer-wordlist	standard	no Chuon definition; legacy word
ថ្ងៃរឹង	approved	sbbic-khmer-wordlist	standard	no Chuon definition; legacy word
ថ្ងៃរះ	approved	sbbic-khmer-wordlist	standard	no Chuon definition; legacy word
ថ្នស់	approved	sbbic-khmer-wordlist	standard	no Chuon definition; legacy word
ថ្នាក	approved	sbbic-khmer-wordlist	standard	no Chuon definition; legacy word
ថ្នាំចុក	approved	sbbic-khmer-wordlist	standard	no Chuon definition; legacy word
ថ្នាំព៌ណ	approved	sbbic-khmer-wordlist	standard	no Chuon definition; legacy word
ថ្នាំស	approved	sbbic-khmer-wordlist	standard	no Chuon definition; legacy word
ថ្នោត	approved	sbbic-khmer-wordlist	standard	no Chuon definition; legacy word
ថ្ពង់	approved	sbbic-khmer-wordlist	standard	no Chuon definition; legacy word
ថ្ពីង	approved	sbbic-khmer-wordlist	standard	no Chuon definition; legacy word
ថ្មបាសាល	approved	sbbic-khmer-wordlist	standard	no Chuon definition; legacy word
ថ្លស់	approved	sbbic-khmer-wordlist	standard	no Chuon definition; legacy word
ថ្លោះកៃ	approved	sbbic-khmer-wordlist	standard	no Chuon definition; legacy word
ថ្វឺយ	approved	sbbic-khmer-wordlist	standard	no Chuon definition; legacy word
ទគ្គតា	approved	sbbic-khmer-wordlist	standard	no Chuon definition; legacy word
ទងបង្ហូរ	approved	sbbic-khmer-wordlist	standard	no Chuon definition; legacy word
ទងម្លូ	approved	sbbic-khmer-wordlist	standard	no Chuon definition; legacy word
ទង្គុះ	approved	sbbic-khmer-wordlist	standard	no Chuon definition; legacy word
ទទីងទទើង	approved	sbbic-khmer-wordlist	standard	no Chuon definition; legacy word
ទទីទទើរ	approved	sbbic-khmer-wordlist	standard	no Chuon definition; legacy word
ទទឹងទាស់	approved	sbbic-khmer-wordlist	standard	no Chuon definition; legacy word
ទទួលការ	approved	sbbic-khmer-wordlist	standard	no Chuon definition; legacy word
ទទើស	approved	sbbic-khmer-wordlist	standard	no Chuon definition; legacy word
ទទ្រោម	approved	sbbic-khmer-wordlist	standard	no Chuon definition; legacy word
ទន់ចិត្ត	approved	sbbic-khmer-wordlist	standard	no Chuon definition; legacy word
ទន់ល្មឿយ	approved	sbbic-khmer-wordlist	standard	no Chuon definition; legacy word
ទន្ទន់	approved	sbbic-khmer-wordlist	standard	no Chuon definition; legacy word
ទន្ទាប	approved	sbbic-khmer-wordlist	standard	no Chuon definition; legacy word
ទន្ទាប់	approved	sbbic-khmer-wordlist	standard	no Chuon definition; legacy word
ទន្ទេ	approved	sbbic-khmer-wordlist	standard	no Chuon definition; legacy word
ទន្ទេប	approved	sbbic-khmer-wordlist	standard	no Chuon definition; legacy word
ទន្ទែង	approved	sbbic-khmer-wordlist	standard	no Chuon definition; legacy word
ទន្ទ្រាំ	approved	sbbic-khmer-wordlist	standard	no Chuon definition; legacy word
ទន្លូង	approved	sbbic-khmer-wordlist	standard	no Chuon definition; legacy word
ទន្លេបិទ	approved	sbbic-khmer-wordlist	standard	no Chuon definition; legacy word
ទប់ហ្វ្រាំង	approved	sbbic-khmer-wordlist	standard	no Chuon definition; legacy word
ទម្រាំបើ	approved	sbbic-khmer-wordlist	standard	no Chuon definition; legacy word
ទរង់	approved	sbbic-khmer-wordlist	standard	no Chuon definition; legacy word
ទសធម៌	approved	sbbic-khmer-wordlist	standard	no Chuon definition; legacy word
ទសភរិយា	approved	sbbic-khmer-wordlist	standard	no Chuon definition; legacy word
ទស់ទឹក	approved	sbbic-khmer-wordlist	standard	no Chuon definition; legacy word
ទស្សនា	approved	unknown	standard	no Chuon definition; legacy word
ទស្សនី	approved	sbbic-khmer-wordlist	standard	no Chuon definition; legacy word
ទស្សនូ	approved	sbbic-khmer-wordlist	standard	no Chuon definition; legacy word
ទឡ្ហការីនី	approved	sbbic-khmer-wordlist	standard	no Chuon definition; legacy word
ទឡ្ហី	approved	sbbic-khmer-wordlist	standard	no Chuon definition; legacy word
ទាកប៉ា	approved	sbbic-khmer-wordlist	standard	no Chuon definition; legacy word
ទាកាប	approved	sbbic-khmer-wordlist	standard	no Chuon definition; legacy word
ទាក់ចិត្ត	approved	sbbic-khmer-wordlist	standard	no Chuon definition; legacy word
ទាក់ភ្នែក	approved	sbbic-khmer-wordlist	standard	no Chuon definition; legacy word
ទាទឹម	approved	sbbic-khmer-wordlist	standard	no Chuon definition; legacy word
ទានកាំ	approved	sbbic-khmer-wordlist	standard	no Chuon definition; legacy word
ទានា	approved	sbbic-khmer-wordlist	standard	no Chuon definition; legacy word
ទានិ	approved	sbbic-khmer-wordlist	standard	no Chuon definition; legacy word
ទានិស្សរ	approved	sbbic-khmer-wordlist	standard	no Chuon definition; legacy word
ទានៈ	approved	sbbic-khmer-wordlist	standard	no Chuon definition; legacy word
ទាន់ភ្នែក	approved	sbbic-khmer-wordlist	standard	no Chuon definition; legacy word
ទាមក	approved	sbbic-khmer-wordlist	standard	no Chuon definition; legacy word
ទាមឡា	approved	sbbic-khmer-wordlist	standard	no Chuon definition; legacy word
ទាយពន្ធ	approved	sbbic-khmer-wordlist	standard	no Chuon definition; legacy word
ទាយិកសមាជិក	approved	sbbic-khmer-wordlist	standard	no Chuon definition; legacy word
ទាយិកសមាជិកា	approved	sbbic-khmer-wordlist	standard	no Chuon definition; legacy word
ទាយៈ	approved	sbbic-khmer-wordlist	standard	no Chuon definition; legacy word
ទារស៊ី	approved	sbbic-khmer-wordlist	standard	no Chuon definition; legacy word
ទាល់ប៉ុច	approved	sbbic-khmer-wordlist	standard	no Chuon definition; legacy word
ទាសគត	approved	sbbic-khmer-wordlist	standard	no Chuon definition; legacy word
ទាសចិត្ត	approved	sbbic-khmer-wordlist	standard	no Chuon definition; legacy word
ទាសភរិយា	approved	sbbic-khmer-wordlist	standard	no Chuon definition; legacy word
ទាស់ទាល់	approved	sbbic-khmer-wordlist	standard	no Chuon definition; legacy word
ទាស់មុខទាស់មាត់	approved	sbbic-khmer-wordlist	standard	no Chuon definition; legacy word
ទាំងគូ	approved	sbbic-khmer-wordlist	standard	no Chuon definition; legacy word
ទិដ្ឋៈ	approved	sbbic-khmer-wordlist	standard	no Chuon definition; legacy word
ទិព្វស័ព្ទ	approved	sbbic-khmer-wordlist	standard	no Chuon definition; legacy word
ទិព្វា	approved	sbbic-khmer-wordlist	standard	no Chuon definition; legacy word
ទិវន័	approved	sbbic-khmer-wordlist	standard	no Chuon definition; legacy word
ទីឃា	approved	sbbic-khmer-wordlist	standard	no Chuon definition; legacy word
ទីឃោ	approved	sbbic-khmer-wordlist	standard	no Chuon definition; legacy word
ទីជំនុំ	approved	sbbic-khmer-wordlist	standard	no Chuon definition; legacy word
ទីជំរុំ	approved	sbbic-khmer-wordlist	standard	no Chuon definition; legacy word
ទីជំរំ	approved	sbbic-khmer-wordlist	standard	no Chuon definition; legacy word
ទីណា	approved	sbbic-khmer-wordlist	standard	no Chuon definition; legacy word
ទីទាល់	approved	sbbic-khmer-wordlist	standard	no Chuon definition; legacy word
ទីទួល	approved	sbbic-khmer-wordlist	standard	no Chuon definition; legacy word
ទីនុ៎ះ	approved	sbbic-khmer-wordlist	standard	no Chuon definition; legacy word
ទីនេះ	approved	sbbic-khmer-wordlist	standard	no Chuon definition; legacy word
ទីនោះ	approved	sbbic-khmer-wordlist	standard	no Chuon definition; legacy word
ទីប	approved	sbbic-khmer-wordlist	standard	no Chuon definition; legacy word
ទីបី	approved	sbbic-khmer-wordlist	standard	no Chuon definition; legacy word
ទីបេ	approved	sbbic-khmer-wordlist	standard	no Chuon definition; legacy word
ទីពីរ	approved	sbbic-khmer-wordlist	standard	no Chuon definition; legacy word
ទីរំពឹង	approved	sbbic-khmer-wordlist	standard	no Chuon definition; legacy word
ទីរ៉ាណា	approved	unknown	standard	no Chuon definition; legacy word
ទីល	approved	sbbic-khmer-wordlist	standard	no Chuon definition; legacy word
ទឹកក្លស់ទឹកសង្ខ័	approved	sbbic-khmer-wordlist	standard	no Chuon definition; legacy word
ទឹកឆៅ	approved	sbbic-khmer-wordlist	standard	no Chuon definition; legacy word
ទឹកជា	approved	sbbic-khmer-wordlist	standard	no Chuon definition; legacy word
ទឹកជោរ	approved	sbbic-khmer-wordlist	standard	no Chuon definition; legacy word
ទឹកជ្រៅ	approved	sbbic-khmer-wordlist	standard	no Chuon definition; legacy word
ទឹកដក់	approved	sbbic-khmer-wordlist	standard	no Chuon definition; legacy word
ទឹកដាប	approved	sbbic-khmer-wordlist	standard	no Chuon definition; legacy word
ទឹកទន់	approved	sbbic-khmer-wordlist	standard	no Chuon definition; legacy word
ទឹកទំ	approved	sbbic-khmer-wordlist	standard	no Chuon definition; legacy word
ទឹកបស្សាវ	approved	sbbic-khmer-wordlist	standard	no Chuon definition; legacy word
ទឹកបំសុក	approved	sbbic-khmer-wordlist	standard	no Chuon definition; legacy word
ទឹកមឹក	approved	sbbic-khmer-wordlist	standard	no Chuon definition; legacy word
ទឹករងូ	approved	sbbic-khmer-wordlist	standard	no Chuon definition; legacy word
ទឹករឹង	approved	sbbic-khmer-wordlist	standard	no Chuon definition; legacy word
ទឹកស	approved	sbbic-khmer-wordlist	standard	no Chuon definition; legacy word
ទឹកសំបូរ	approved	sbbic-khmer-wordlist	standard	no Chuon definition; legacy word
ទឹកសំបោរ	approved	sbbic-khmer-wordlist	standard	no Chuon definition; legacy word
ទុកជាទីរំឭក	approved	sbbic-khmer-wordlist	standard	no Chuon definition; legacy word
ទុក្ករក្រឹត្យ	approved	sbbic-khmer-wordlist	standard	no Chuon definition; legacy word
ទុគ្គតបុរិស	approved	sbbic-khmer-wordlist	standard	no Chuon definition; legacy word
ទុគ្គតិភាព	approved	sbbic-khmer-wordlist	standard	no Chuon definition; legacy word
ទុគ្គុតិគាមិនី	approved	sbbic-khmer-wordlist	standard	no Chuon definition; legacy word
ទុយោ	approved	sbbic-khmer-wordlist	standard	no Chuon definition; legacy word
ទុរកម្ម	approved	sbbic-khmer-wordlist	standard	no Chuon definition; legacy word
ទុល្លភ	approved	sbbic-khmer-wordlist	standard	no Chuon definition; legacy word
ទូកដ	approved	sbbic-khmer-wordlist	standard	no Chuon definition; legacy word
ទូកដៃ	approved	sbbic-khmer-wordlist	standard	no Chuon definition; legacy word
ទូកត្នោត	approved	sbbic-khmer-wordlist	standard	no Chuon definition; legacy word
ទូកប៉ុក	approved	sbbic-khmer-wordlist	standard	no Chuon definition; legacy word
ទូកសាយ	approved	sbbic-khmer-wordlist	standard	no Chuon definition; legacy word
ទូរគម	approved	sbbic-khmer-wordlist	standard	no Chuon definition; legacy word
ទូរចរ	approved	sbbic-khmer-wordlist	standard	no Chuon definition; legacy word
ទូរស័ព្ទ	approved	chuon-nath-1967	standard	no matching RAC definition; legacy word
ទូរស័ព្ទចល័ត	approved	sbbic-khmer-wordlist	standard	no Chuon definition; legacy word
ទូរេន	approved	sbbic-khmer-wordlist	standard	no Chuon definition; legacy word
ទូរៈ	approved	sbbic-khmer-wordlist	standard	no Chuon definition; legacy word
ទួរគី	approved	sbbic-khmer-wordlist	standard	no Chuon definition; legacy word
ទួរណឺវីស	approved	sbbic-khmer-wordlist	standard	no Chuon definition; legacy word
ទើបតែ	approved	sbbic-khmer-wordlist	standard	no Chuon definition; legacy word
ទើសចិត្ត	approved	sbbic-khmer-wordlist	standard	no Chuon definition; legacy word
ទើសទាក់	approved	sbbic-khmer-wordlist	standard	no Chuon definition; legacy word
ទើសទែង	approved	sbbic-khmer-wordlist	standard	no Chuon definition; legacy word
ទៀទេរ	approved	sbbic-khmer-wordlist	standard	no Chuon definition; legacy word
ទៀបនឹង	approved	sbbic-khmer-wordlist	standard	no Chuon definition; legacy word
ទេពធិតា	approved	sbbic-khmer-wordlist	standard	no Chuon definition; legacy word
ទេល	approved	sbbic-khmer-wordlist	standard	no Chuon definition; legacy word
ទេវនាគីរី	approved	sbbic-khmer-wordlist	standard	no Chuon definition; legacy word
ទេវរុក្ខ	approved	sbbic-khmer-wordlist	standard	no Chuon definition; legacy word
ទេហៈ	approved	sbbic-khmer-wordlist	standard	no Chuon definition; legacy word
ទែក	approved	sbbic-khmer-wordlist	standard	no Chuon definition; legacy word
ទែត្យ	approved	sbbic-khmer-wordlist	standard	no Chuon definition; legacy word
ទែនមែន	approved	sbbic-khmer-wordlist	standard	no Chuon definition; legacy word
ទែរ៉ាស់	approved	sbbic-khmer-wordlist	standard	no Chuon definition; legacy word
ទោសៈ	approved	sbbic-khmer-wordlist	standard	no Chuon definition; legacy word
ទោហនកម្ម	approved	sbbic-khmer-wordlist	standard	no Chuon definition; legacy word
ទៅកាត់	approved	sbbic-khmer-wordlist	standard	no Chuon definition; legacy word
ទៅក្រៅ	approved	sbbic-khmer-wordlist	standard	no Chuon definition; legacy word
ទៅចុះ	approved	sbbic-khmer-wordlist	standard	no Chuon definition; legacy word
ទៅណា	approved	sbbic-khmer-wordlist	standard	no Chuon definition; legacy word
ទៅណោះ	approved	sbbic-khmer-wordlist	standard	no Chuon definition; legacy word
ទៅទៀត	approved	sbbic-khmer-wordlist	standard	no Chuon definition; legacy word
ទៅបាត់	approved	sbbic-khmer-wordlist	standard	no Chuon definition; legacy word
ទៅពេទ្យ	approved	sbbic-khmer-wordlist	standard	no Chuon definition; legacy word
ទៅមក	approved	sbbic-khmer-wordlist	standard	no Chuon definition; legacy word
ទៅរាប់	approved	sbbic-khmer-wordlist	standard	no Chuon definition; legacy word
ទៅរៀន	approved	sbbic-khmer-wordlist	standard	no Chuon definition; legacy word
ទៅលើ	approved	sbbic-khmer-wordlist	standard	no Chuon definition; legacy word
ទំនត	approved	sbbic-khmer-wordlist	standard	no Chuon definition; legacy word
ទំនុំ	approved	sbbic-khmer-wordlist	standard	no Chuon definition; legacy word
ទំពក់	approved	unknown	standard	no Chuon definition; legacy word
ទំពាន់	approved	sbbic-khmer-wordlist	standard	no Chuon definition; legacy word
ទំពារ	approved	sbbic-khmer-wordlist	standard	no Chuon definition; legacy word
ទំពុល	approved	sbbic-khmer-wordlist	standard	no Chuon definition; legacy word
ទំរង់	approved	sbbic-khmer-wordlist	variant	legacy orthography
ទំរីង	approved	sbbic-khmer-wordlist	standard	no Chuon definition; legacy word
ទំហើ	approved	sbbic-khmer-wordlist	standard	no Chuon definition; legacy word
ទះកំភ្លៀង	approved	sbbic-khmer-wordlist	standard	no Chuon definition; legacy word
ទ័យ	approved	sbbic-khmer-wordlist	standard	no Chuon definition; legacy word
ទ័យា	approved	sbbic-khmer-wordlist	standard	no Chuon definition; legacy word
ទ័លគំនិត	approved	sbbic-khmer-wordlist	standard	no Chuon definition; legacy word
ទ្រង់ព្រះ	approved	sbbic-khmer-wordlist	standard	no Chuon definition; legacy word
ទ្រទុង	approved	sbbic-khmer-wordlist	standard	no Chuon definition; legacy word
ទ្រទ្រាំ	approved	sbbic-khmer-wordlist	standard	no Chuon definition; legacy word
ទ្រនីប	approved	sbbic-khmer-wordlist	standard	no Chuon definition; legacy word
ទ្រនួល	approved	sbbic-khmer-wordlist	standard	no Chuon definition; legacy word
ទ្រព្យរបើស	approved	sbbic-khmer-wordlist	standard	no Chuon definition; legacy word
ទ្រមៃ	approved	sbbic-khmer-wordlist	standard	no Chuon definition; legacy word
ទ្រលាន់	approved	sbbic-khmer-wordlist	standard	no Chuon definition; legacy word
ទ្រសោ	approved	sbbic-khmer-wordlist	standard	no Chuon definition; legacy word
ទ្រាក	approved	sbbic-khmer-wordlist	standard	no Chuon definition; legacy word
ទ្រាន	approved	sbbic-khmer-wordlist	standard	no Chuon definition; legacy word
ទ្រុត	approved	sbbic-khmer-wordlist	standard	no Chuon definition; legacy word
ទ្រើក	approved	sbbic-khmer-wordlist	standard	no Chuon definition; legacy word
ទ្រើម	approved	sbbic-khmer-wordlist	standard	no Chuon definition; legacy word
ទ្រៀវ	approved	sbbic-khmer-wordlist	standard	no Chuon definition; legacy word
ទ្រែមទ្រម	approved	sbbic-khmer-wordlist	standard	no Chuon definition; legacy word
ទ្វន្ទូយុធ	approved	sbbic-khmer-wordlist	standard	no Chuon definition; legacy word
ទ្វារបាត	approved	sbbic-khmer-wordlist	standard	no Chuon definition; legacy word
ទ្វិធា	approved	sbbic-khmer-wordlist	standard	no Chuon definition; legacy word
ទ្វេធាតុ	approved	sbbic-khmer-wordlist	standard	no Chuon definition; legacy word
ទ្វេបថ	approved	sbbic-khmer-wordlist	standard	no Chuon definition; legacy word
ទ្វេបទ	approved	sbbic-khmer-wordlist	standard	no Chuon definition; legacy word
ធនលាភី	approved	sbbic-khmer-wordlist	standard	no Chuon definition; legacy word
ធម៌អាថ៌	approved	sbbic-khmer-wordlist	standard	no Chuon definition; legacy word
ធម្មសង្គីតិកាចរិយ	approved	sbbic-khmer-wordlist	standard	no Chuon definition; legacy word
ធម្មាចរិយ	approved	sbbic-khmer-wordlist	standard	no Chuon definition; legacy word
ធានិក	approved	sbbic-khmer-wordlist	standard	no Chuon definition; legacy word
ធារា	approved	sbbic-khmer-wordlist	standard	no Chuon definition; legacy word
ធារី	approved	sbbic-khmer-wordlist	standard	no Chuon definition; legacy word
ធីក	approved	sbbic-khmer-wordlist	standard	no Chuon definition; legacy word
ធីង	approved	sbbic-khmer-wordlist	standard	no Chuon definition; legacy word
ធីងធោង	approved	sbbic-khmer-wordlist	standard	no Chuon definition; legacy word
ធុមី	approved	sbbic-khmer-wordlist	standard	no Chuon definition; legacy word
ធេនូ	approved	sbbic-khmer-wordlist	standard	no Chuon definition; legacy word
ធ្នូស	approved	sbbic-khmer-wordlist	standard	no Chuon definition; legacy word
ធ្មង	approved	sbbic-khmer-wordlist	standard	no Chuon definition; legacy word
ធ្មន់	approved	sbbic-khmer-wordlist	standard	no Chuon definition; legacy word
ធ្លូក	approved	sbbic-khmer-wordlist	standard	no Chuon definition; legacy word
ធ្វើក	approved	sbbic-khmer-wordlist	standard	no Chuon definition; legacy word
ធ្វើការវីវក	approved	sbbic-khmer-wordlist	standard	no Chuon definition; legacy word
ធ្វើស	approved	sbbic-khmer-wordlist	standard	no Chuon definition; legacy word
នគរោបនីយកម្ម	approved	sbbic-khmer-wordlist	standard	no Chuon definition; legacy word
ននាល	approved	sbbic-khmer-wordlist	standard	no Chuon definition; legacy word
នភី	approved	sbbic-khmer-wordlist	standard	no Chuon definition; legacy word
នភៈ	approved	sbbic-khmer-wordlist	standard	no Chuon definition; legacy word
នម៌ល	approved	sbbic-khmer-wordlist	standard	no Chuon definition; legacy word
នរ	approved	sbbic-khmer-wordlist	standard	no Chuon definition; legacy word
នរឃាតកៈ	approved	sbbic-khmer-wordlist	standard	no Chuon definition; legacy word
នរសឹហៈ	approved	chuon-nath-1967	standard	no matching RAC definition; legacy word
នរា	approved	sbbic-khmer-wordlist	standard	no Chuon definition; legacy word
នរេស	approved	sbbic-khmer-wordlist	standard	no Chuon definition; legacy word
នវ	approved	sbbic-khmer-wordlist	standard	no Chuon definition; legacy word
នវៈ	approved	sbbic-khmer-wordlist	standard	no Chuon definition; legacy word
នាគរជន	approved	sbbic-khmer-wordlist	standard	no Chuon definition; legacy word
នាយមួត	approved	sbbic-khmer-wordlist	standard	no Chuon definition; legacy word
នារីរត្ន័	approved	sbbic-khmer-wordlist	standard	no Chuon definition; legacy word
នាវសង្ឃាត	approved	sbbic-khmer-wordlist	standard	no Chuon definition; legacy word
នាវី	approved	sbbic-khmer-wordlist	standard	no Chuon definition; legacy word
នាឡិការោទិ៍	approved	sbbic-khmer-wordlist	standard	no Chuon definition; legacy word
នាំការ	approved	sbbic-khmer-wordlist	standard	no Chuon definition; legacy word
នាំក្ដី	approved	sbbic-khmer-wordlist	standard	no Chuon definition; legacy word
នាំក្តី	approved	sbbic-khmer-wordlist	standard	no Chuon definition; legacy word
នាំគោ	approved	sbbic-khmer-wordlist	standard	no Chuon definition; legacy word
នាំង	approved	sbbic-khmer-wordlist	standard	no Chuon definition; legacy word
នាំទុក្ខ	approved	sbbic-khmer-wordlist	standard	no Chuon definition; legacy word
នាំទៅ	approved	sbbic-khmer-wordlist	standard	no Chuon definition; legacy word
នាំរត់	approved	sbbic-khmer-wordlist	standard	no Chuon definition; legacy word
នាំអាទិ	approved	sbbic-khmer-wordlist	standard	no Chuon definition; legacy word
និគុណ៌	approved	sbbic-khmer-wordlist	standard	no Chuon definition; legacy word
និទ្ទោស	approved	sbbic-khmer-wordlist	standard	no Chuon definition; legacy word
និម	approved	sbbic-khmer-wordlist	standard	no Chuon definition; legacy word
និម្មិល	approved	sbbic-khmer-wordlist	standard	no Chuon definition; legacy word
និយតកម្ម	approved	sbbic-khmer-wordlist	standard	no Chuon definition; legacy word
និយតករ	approved	sbbic-khmer-wordlist	standard	no Chuon definition; legacy word
និយតភាព	approved	sbbic-khmer-wordlist	standard	no Chuon definition; legacy word
និយាយកាត់	approved	sbbic-khmer-wordlist	standard	no Chuon definition; legacy word
និយាយខ្សាប	approved	sbbic-khmer-wordlist	standard	no Chuon definition; legacy word
និយោជិក	approved	sbbic-khmer-wordlist	standard	no Chuon definition; legacy word
និរណេ៌ត្រ	approved	sbbic-khmer-wordlist	standard	no Chuon definition; legacy word
និរទុក្ខា	approved	sbbic-khmer-wordlist	standard	no Chuon definition; legacy word
និរៃ	approved	sbbic-khmer-wordlist	standard	no Chuon definition; legacy word
និរ័យ	approved	sbbic-khmer-wordlist	standard	no Chuon definition; legacy word
និសិទ្ន	approved	sbbic-khmer-wordlist	standard	no Chuon definition; legacy word
និសីទន	approved	sbbic-khmer-wordlist	standard	no Chuon definition; legacy word
នីកែល	approved	sbbic-khmer-wordlist	standard	no Chuon definition; legacy word
នីរសារ	approved	sbbic-khmer-wordlist	standard	no Chuon definition; legacy word
នីវ៉ូ	approved	sbbic-khmer-wordlist	standard	no Chuon definition; legacy word
នឹកសូត្រ	approved	sbbic-khmer-wordlist	standard	no Chuon definition; legacy word
នឹល	approved	sbbic-khmer-wordlist	standard	no Chuon definition; legacy word
នុក	approved	sbbic-khmer-wordlist	standard	no Chuon definition; legacy word
នុ៎ះន៍	approved	sbbic-khmer-wordlist	standard	no Chuon definition; legacy word
នូន	approved	sbbic-khmer-wordlist	standard	no Chuon definition; legacy word
នេតិបណ្ឌិត	approved	sbbic-khmer-wordlist	standard	no Chuon definition; legacy word
នេត្ត	approved	sbbic-khmer-wordlist	standard	no Chuon definition; legacy word
នេមិ	approved	sbbic-khmer-wordlist	standard	no Chuon definition; legacy word
នេល	approved	sbbic-khmer-wordlist	standard	no Chuon definition; legacy word
នេះនោះ	approved	sbbic-khmer-wordlist	standard	no Chuon definition; legacy word
នែកូន	approved	sbbic-khmer-wordlist	standard	no Chuon definition; legacy word
នែចៅ	approved	sbbic-khmer-wordlist	standard	no Chuon definition; legacy word
នែនាង	approved	sbbic-khmer-wordlist	standard	no Chuon definition; legacy word
នៅចាំ	approved	sbbic-khmer-wordlist	standard	no Chuon definition; legacy word
នៅតែ	approved	sbbic-khmer-wordlist	standard	no Chuon definition; legacy word
នៅទេ	approved	sbbic-khmer-wordlist	standard	no Chuon definition; legacy word
នៅនឹង	approved	sbbic-khmer-wordlist	standard	no Chuon definition; legacy word
នៅមុន	approved	sbbic-khmer-wordlist	standard	no Chuon definition; legacy word
នំកូរ	approved	sbbic-khmer-wordlist	standard	no Chuon definition; legacy word
នំគម	approved	sbbic-khmer-wordlist	standard	no Chuon definition; legacy word
នំគ្រក់	approved	sbbic-khmer-wordlist	standard	no Chuon definition; legacy word
នំត	approved	sbbic-khmer-wordlist	standard	no Chuon definition; legacy word
នំទៀន	approved	sbbic-khmer-wordlist	standard	no Chuon definition; legacy word
នំបត់	approved	sbbic-khmer-wordlist	standard	no Chuon definition; legacy word
នំបេ	approved	sbbic-khmer-wordlist	standard	no Chuon definition; legacy word
នំប៉ៅ	approved	sbbic-khmer-wordlist	standard	no Chuon definition; legacy word
នំពា	approved	sbbic-khmer-wordlist	standard	no Chuon definition; legacy word
នំលេ	approved	sbbic-khmer-wordlist	standard	no Chuon definition; legacy word
នំសែសយ	approved	sbbic-khmer-wordlist	standard	no Chuon definition; legacy word
ន័យលក្ខណៈ	approved	sbbic-khmer-wordlist	standard	no Chuon definition; legacy word
ន្រាយណ៍	approved	sbbic-khmer-wordlist	standard	no Chuon definition; legacy word
បកមុខ	approved	sbbic-khmer-wordlist	standard	no Chuon definition; legacy word
បកសំបក	approved	sbbic-khmer-wordlist	standard	no Chuon definition; legacy word
បក់ដៃ	approved	sbbic-khmer-wordlist	standard	no Chuon definition; legacy word
បក់ស្រូវ	approved	sbbic-khmer-wordlist	standard	no Chuon definition; legacy word
បក្ខជន	approved	sbbic-khmer-wordlist	standard	no Chuon definition; legacy word
បង់ខាត	approved	sbbic-khmer-wordlist	standard	no Chuon definition; legacy word
បង់គំនិត	approved	sbbic-khmer-wordlist	standard	no Chuon definition; legacy word
បង់ដៃ	approved	sbbic-khmer-wordlist	standard	no Chuon definition; legacy word
បង់ថ្លៃ	approved	sbbic-khmer-wordlist	standard	no Chuon definition; legacy word
បង់បាត់	approved	sbbic-khmer-wordlist	standard	no Chuon definition; legacy word
បង់សាច់	approved	sbbic-khmer-wordlist	standard	no Chuon definition; legacy word
បង្កាន់	approved	sbbic-khmer-wordlist	standard	no Chuon definition; legacy word
បង្កាប់	approved	sbbic-khmer-wordlist	standard	no Chuon definition; legacy word
បង្ខាត់	approved	sbbic-khmer-wordlist	standard	no Chuon definition; legacy word
បង្គាំង	approved	sbbic-khmer-wordlist	standard	no Chuon definition; legacy word
បង្បោយ	approved	chuon-nath-1967	standard	no matching RAC definition; legacy word
បង្រៃ	approved	sbbic-khmer-wordlist	standard	no Chuon definition; legacy word
បង្វក់	approved	sbbic-khmer-wordlist	standard	no Chuon definition; legacy word
បង្វីក	approved	sbbic-khmer-wordlist	standard	no Chuon definition; legacy word
បង្វៀច	approved	sbbic-khmer-wordlist	standard	no Chuon definition; legacy word
បង្ហារ	approved	sbbic-khmer-wordlist	standard	no Chuon definition; legacy word
បង្ហោក	approved	sbbic-khmer-wordlist	standard	no Chuon definition; legacy word
បង្អាក់់បង្អួល	approved	sbbic-khmer-wordlist	standard	no Chuon definition; legacy word
បង្អាត	approved	sbbic-khmer-wordlist	standard	no Chuon definition; legacy word
បង្អោះ	approved	sbbic-khmer-wordlist	standard	no Chuon definition; legacy word
បច្ច័យលាភ	approved	sbbic-khmer-wordlist	standard	no Chuon definition; legacy word
បច្ឆា	approved	sbbic-khmer-wordlist	standard	no Chuon definition; legacy word
បច្ឆិមភាព	approved	sbbic-khmer-wordlist	standard	no Chuon definition; legacy word
បញ្ចសីលា	approved	sbbic-khmer-wordlist	standard	no Chuon definition; legacy word
បញ្ចាង	approved	sbbic-khmer-wordlist	standard	no Chuon definition; legacy word
បញ្ចាល	approved	sbbic-khmer-wordlist	standard	no Chuon definition; legacy word
បញ្ជក់ចិត្ត	approved	sbbic-khmer-wordlist	standard	no Chuon definition; legacy word
បញ្ជាន់ត្រីស្ដ	approved	sbbic-khmer-wordlist	standard	no Chuon definition; legacy word
បញ្ជិត	approved	sbbic-khmer-wordlist	standard	no Chuon definition; legacy word
បញ្ជីសារពើភ័ណ្ឌ	approved	sbbic-khmer-wordlist	standard	no Chuon definition; legacy word
បញ្ជើត	approved	sbbic-khmer-wordlist	standard	no Chuon definition; legacy word
បញ្ជោត	approved	sbbic-khmer-wordlist	standard	no Chuon definition; legacy word
បញ្ញវ័ន្ត	approved	sbbic-khmer-wordlist	standard	no Chuon definition; legacy word
បញ្ញាវតី	approved	sbbic-khmer-wordlist	standard	no Chuon definition; legacy word
បញ្ញាសម្បទា	approved	sbbic-khmer-wordlist	standard	no Chuon definition; legacy word
បដិ	approved	sbbic-khmer-wordlist	standard	no Chuon definition; legacy word
បដិញ្ញូ	approved	sbbic-khmer-wordlist	standard	no Chuon definition; legacy word
បដិបក្ខី	approved	sbbic-khmer-wordlist	standard	no Chuon definition; legacy word
បដិស័ព្ទ	approved	sbbic-khmer-wordlist	standard	no Chuon definition; legacy word
បឋមាសាឍា	approved	sbbic-khmer-wordlist	standard	no Chuon definition; legacy word
បណ្ដូន	approved	sbbic-khmer-wordlist	standard	no Chuon definition; legacy word
បណ្ដួល	approved	sbbic-khmer-wordlist	standard	no Chuon definition; legacy word
បណ្ដេក	approved	sbbic-khmer-wordlist	standard	no Chuon definition; legacy word
បណ្ដែបណ្ដាំ	approved	sbbic-khmer-wordlist	standard	no Chuon definition; legacy word
បណ្ណី	approved	sbbic-khmer-wordlist	standard	no Chuon definition; legacy word
បទុមា	approved	sbbic-khmer-wordlist	standard	no Chuon definition; legacy word
បន្ថំ	approved	sbbic-khmer-wordlist	standard	no Chuon definition; legacy word
បន្ទាស់	approved	sbbic-khmer-wordlist	standard	no Chuon definition; legacy word
បន្ទូរ	approved	sbbic-khmer-wordlist	standard	no Chuon definition; legacy word
បន្ទោរ	approved	sbbic-khmer-wordlist	standard	no Chuon definition; legacy word
បន្លើង	approved	sbbic-khmer-wordlist	standard	no Chuon definition; legacy word
បន្ស	approved	sbbic-khmer-wordlist	standard	no Chuon definition; legacy word
បន្សឹក	approved	sbbic-khmer-wordlist	standard	no Chuon definition; legacy word
បន្សៀត	approved	sbbic-khmer-wordlist	standard	no Chuon definition; legacy word
បន្សោក	approved	sbbic-khmer-wordlist	standard	no Chuon definition; legacy word
បន្សោយ	approved	sbbic-khmer-wordlist	standard	no Chuon definition; legacy word
បន្សំ	approved	unknown	standard	no Chuon definition; legacy word
បន្ស៉ី	approved	chuon-nath-1967	standard	no matching RAC definition; legacy word
បបត់	approved	sbbic-khmer-wordlist	standard	no Chuon definition; legacy word
បបរស	approved	sbbic-khmer-wordlist	standard	no Chuon definition; legacy word
បប្ផាសៈ	approved	sbbic-khmer-wordlist	standard	no Chuon definition; legacy word
បព្វជ្ជន្តវាសិក	approved	sbbic-khmer-wordlist	standard	no Chuon definition; legacy word
បព្វជ្ជេន្តវាសិក	approved	sbbic-khmer-wordlist	standard	no Chuon definition; legacy word
បព្វត	approved	sbbic-khmer-wordlist	standard	no Chuon definition; legacy word
បម្រើសេះ	approved	sbbic-khmer-wordlist	standard	no Chuon definition; legacy word
បម្រែ	approved	sbbic-khmer-wordlist	standard	no Chuon definition; legacy word
បរខាំ	approved	sbbic-khmer-wordlist	standard	no Chuon definition; legacy word
បរជីប	approved	sbbic-khmer-wordlist	standard	no Chuon definition; legacy word
បរទេសី	approved	sbbic-khmer-wordlist	standard	no Chuon definition; legacy word
បរបទ	approved	sbbic-khmer-wordlist	standard	no Chuon definition; legacy word
បរព្រៃ	approved	sbbic-khmer-wordlist	standard	no Chuon definition; legacy word
បរមបូរាណ	approved	sbbic-khmer-wordlist	standard	no Chuon definition; legacy word
បរមាយ	approved	sbbic-khmer-wordlist	standard	no Chuon definition; legacy word
បរមេស័	approved	sbbic-khmer-wordlist	standard	no Chuon definition; legacy word
បរសេដ្ឋ	approved	sbbic-khmer-wordlist	standard	no Chuon definition; legacy word
បរសេះ	approved	sbbic-khmer-wordlist	standard	no Chuon definition; legacy word
បរឡាង	approved	sbbic-khmer-wordlist	standard	no Chuon definition; legacy word
បរាជិក	approved	sbbic-khmer-wordlist	standard	no Chuon definition; legacy word
បរាជិន	approved	sbbic-khmer-wordlist	standard	no Chuon definition; legacy word
បរាសនី	approved	sbbic-khmer-wordlist	standard	no Chuon definition; legacy word
បរិ	approved	sbbic-khmer-wordlist	standard	no Chuon definition; legacy word
បរិចារ	approved	sbbic-khmer-wordlist	standard	no Chuon definition; legacy word
បរិវត្ត	approved	sbbic-khmer-wordlist	standard	no Chuon definition; legacy word
បរិវិស	approved	sbbic-khmer-wordlist	standard	no Chuon definition; legacy word
បរិវិសកម្ម	approved	sbbic-khmer-wordlist	standard	no Chuon definition; legacy word
បរិសា	approved	sbbic-khmer-wordlist	standard	no Chuon definition; legacy word
បល្លង្ក័	approved	sbbic-khmer-wordlist	standard	no Chuon definition; legacy word
បវេណិ	approved	sbbic-khmer-wordlist	standard	no Chuon definition; legacy word
បសុ	approved	sbbic-khmer-wordlist	standard	no Chuon definition; legacy word
បាការៈ	approved	sbbic-khmer-wordlist	standard	no Chuon definition; legacy word
បាក់ដៃ	approved	sbbic-khmer-wordlist	standard	no Chuon definition; legacy word
បាគូ	approved	sbbic-khmer-wordlist	standard	no Chuon definition; legacy word
បាចា	approved	sbbic-khmer-wordlist	standard	no Chuon definition; legacy word
បាចិត្តយៈ	approved	sbbic-khmer-wordlist	standard	no Chuon definition; legacy word
បាចី	approved	sbbic-khmer-wordlist	standard	no Chuon definition; legacy word
បាដា	approved	sbbic-khmer-wordlist	standard	no Chuon definition; legacy word
បាណន់	approved	sbbic-khmer-wordlist	standard	no Chuon definition; legacy word
បាតជើង	approved	sbbic-khmer-wordlist	standard	no Chuon definition; legacy word
បាតបឹង	approved	sbbic-khmer-wordlist	standard	no Chuon definition; legacy word
បាតូលីត	approved	sbbic-khmer-wordlist	standard	no Chuon definition; legacy word
បាត់ផ្សេង	approved	sbbic-khmer-wordlist	standard	no Chuon definition; legacy word
បាទីម៉ែត	approved	sbbic-khmer-wordlist	standard	no Chuon definition; legacy word
បានទេ	approved	sbbic-khmer-wordlist	standard	no Chuon definition; legacy word
បានប៉ុង	approved	sbbic-khmer-wordlist	standard	no Chuon definition; legacy word
បានលុង	approved	sbbic-khmer-wordlist	standard	no Chuon definition; legacy word
បានីយៈ	approved	sbbic-khmer-wordlist	standard	no Chuon definition; legacy word
បាន់	approved	sbbic-khmer-wordlist	standard	no Chuon definition; legacy word
បាបោង	approved	sbbic-khmer-wordlist	standard	no Chuon definition; legacy word
បាម៉ាន	approved	sbbic-khmer-wordlist	standard	no Chuon definition; legacy word
បាយខែ	approved	sbbic-khmer-wordlist	standard	no Chuon definition; legacy word
បាយងំ	approved	sbbic-khmer-wordlist	standard	no Chuon definition; legacy word
បាយបិត្តបូរ	approved	sbbic-khmer-wordlist	standard	no Chuon definition; legacy word
បាយសង្ឃាដក៍	approved	sbbic-khmer-wordlist	standard	no Chuon definition; legacy word
បាយសិង្ឃដក៍	approved	sbbic-khmer-wordlist	standard	no Chuon definition; legacy word
បាយសិរី	approved	sbbic-khmer-wordlist	standard	no Chuon definition; legacy word
បារមិត	approved	sbbic-khmer-wordlist	standard	no Chuon definition; legacy word
បារមីតា	approved	sbbic-khmer-wordlist	standard	no Chuon definition; legacy word
បារុង	approved	sbbic-khmer-wordlist	standard	no Chuon definition; legacy word
បារ៉ា	approved	sbbic-khmer-wordlist	standard	no Chuon definition; legacy word
បារ៉ាស់	approved	sbbic-khmer-wordlist	standard	no Chuon definition; legacy word
បារ៉ែន	approved	sbbic-khmer-wordlist	standard	no Chuon definition; legacy word
បាល	approved	sbbic-khmer-wordlist	standard	no Chuon definition; legacy word
បាលិត	approved	sbbic-khmer-wordlist	standard	no Chuon definition; legacy word
បាវចនា	approved	sbbic-khmer-wordlist	standard	no Chuon definition; legacy word
បាវិត	approved	sbbic-khmer-wordlist	standard	no Chuon definition; legacy word
បាសាក់	approved	sbbic-khmer-wordlist	standard	no Chuon definition; legacy word
បាសិកា	approved	sbbic-khmer-wordlist	standard	no Chuon definition; legacy word
បាសិត	approved	sbbic-khmer-wordlist	standard	no Chuon definition; legacy word
បាសូ	approved	sbbic-khmer-wordlist	standard	no Chuon definition; legacy word
បាហោង	approved	sbbic-khmer-wordlist	standard	no Chuon definition; legacy word
បាឡុង	approved	sbbic-khmer-wordlist	standard	no Chuon definition; legacy word
បិតត្រាំង	approved	sbbic-khmer-wordlist	standard	no Chuon definition; legacy word
បិទភ្លើង	approved	sbbic-khmer-wordlist	standard	no Chuon definition; legacy word
បិយ	approved	sbbic-khmer-wordlist	standard	no Chuon definition; legacy word
បីកូន	approved	sbbic-khmer-wordlist	standard	no Chuon definition; legacy word
បីបើ	approved	sbbic-khmer-wordlist	standard	no Chuon definition; legacy word
បឹងកុក	approved	sbbic-khmer-wordlist	standard	no Chuon definition; legacy word
បឹងបេង	approved	sbbic-khmer-wordlist	standard	no Chuon definition; legacy word
បឹងរាំង	approved	sbbic-khmer-wordlist	standard	no Chuon definition; legacy word
បុកដី	approved	sbbic-khmer-wordlist	standard	no Chuon definition; legacy word
បុកលុយ	approved	sbbic-khmer-wordlist	standard	no Chuon definition; legacy word
បុង	approved	sbbic-khmer-wordlist	standard	no Chuon definition; legacy word
បុងគ័រ	approved	sbbic-khmer-wordlist	standard	no Chuon definition; legacy word
បុញ្ញនិសង្ស	approved	sbbic-khmer-wordlist	standard	no Chuon definition; legacy word
បុញ្ញនុភាព	approved	sbbic-khmer-wordlist	standard	no Chuon definition; legacy word
បុញ្ញភិនីហារ	approved	sbbic-khmer-wordlist	standard	no Chuon definition; legacy word
បុញ្ញភិសង្ខារ	approved	sbbic-khmer-wordlist	standard	no Chuon definition; legacy word
បុញ្ញភិសន្ទៈ	approved	sbbic-khmer-wordlist	standard	no Chuon definition; legacy word
បុញ្ញា	approved	sbbic-khmer-wordlist	standard	no Chuon definition; legacy word
បុណ្ឌរីក	approved	sbbic-khmer-wordlist	standard	no Chuon definition; legacy word
បុណ្យទាន	approved	sbbic-khmer-wordlist	standard	no Chuon definition; legacy word
បុណ្យសក្តិ	approved	sbbic-khmer-wordlist	standard	no Chuon definition; legacy word
បុប្ផ	approved	sbbic-khmer-wordlist	standard	no Chuon definition; legacy word
បុប្ផាជាតិ	approved	sbbic-khmer-wordlist	standard	no Chuon definition; legacy word
បុព្វជាតិ	approved	sbbic-khmer-wordlist	standard	no Chuon definition; legacy word
បុរាណភាព	approved	sbbic-khmer-wordlist	standard	no Chuon definition; legacy word
បុរាណវិទ្យា	approved	sbbic-khmer-wordlist	standard	no Chuon definition; legacy word
បុរេកថា	approved	sbbic-khmer-wordlist	standard	no Chuon definition; legacy word
បុរេកាល	approved	sbbic-khmer-wordlist	standard	no Chuon definition; legacy word
បុរេចារ	approved	sbbic-khmer-wordlist	standard	no Chuon definition; legacy word
បុរេចារកិច្ច	approved	sbbic-khmer-wordlist	standard	no Chuon definition; legacy word
បុរេពន្ធ	approved	sbbic-khmer-wordlist	standard	no Chuon definition; legacy word
បុរេអវិសិដ្ឋ	approved	sbbic-khmer-wordlist	standard	no Chuon definition; legacy word
បុស្ប	approved	sbbic-khmer-wordlist	standard	no Chuon definition; legacy word
បុស្បក	approved	sbbic-khmer-wordlist	standard	no Chuon definition; legacy word
បុ័កប៉ៅ	approved	sbbic-khmer-wordlist	standard	no Chuon definition; legacy word
បុ័ង	approved	sbbic-khmer-wordlist	standard	no Chuon definition; legacy word
បុ័ងតោ	approved	sbbic-khmer-wordlist	standard	no Chuon definition; legacy word
បុ័នតោ	approved	sbbic-khmer-wordlist	standard	no Chuon definition; legacy word
បូកលេខ	approved	sbbic-khmer-wordlist	standard	no Chuon definition; legacy word
បូណ៌	approved	sbbic-khmer-wordlist	standard	no Chuon definition; legacy word
បូប៊ីន	approved	sbbic-khmer-wordlist	standard	no Chuon definition; legacy word
បូមទឹក	approved	sbbic-khmer-wordlist	standard	no Chuon definition; legacy word
បូរី	approved	sbbic-khmer-wordlist	standard	no Chuon definition; legacy word
បូលីវី	approved	sbbic-khmer-wordlist	standard	no Chuon definition; legacy word
បូសទុំ	approved	sbbic-khmer-wordlist	standard	no Chuon definition; legacy word
បូស្នី	approved	sbbic-khmer-wordlist	standard	no Chuon definition; legacy word
បួយ	approved	sbbic-khmer-wordlist	standard	no Chuon definition; legacy word
បួរគោ	approved	sbbic-khmer-wordlist	standard	no Chuon definition; legacy word
បួរដី	approved	sbbic-khmer-wordlist	standard	no Chuon definition; legacy word
បើកកៀរ	approved	sbbic-khmer-wordlist	standard	no Chuon definition; legacy word
បើកបរ	approved	sbbic-khmer-wordlist	standard	no Chuon definition; legacy word
បើកមុខ	approved	sbbic-khmer-wordlist	standard	no Chuon definition; legacy word
បើជា	approved	sbbic-khmer-wordlist	standard	no Chuon definition; legacy word
បើសិន	approved	sbbic-khmer-wordlist	standard	no Chuon definition; legacy word
បៀតង	approved	sbbic-khmer-wordlist	standard	no Chuon definition; legacy word
បៀប៉ោ	approved	sbbic-khmer-wordlist	standard	no Chuon definition; legacy word
បៀភ្លុក	approved	sbbic-khmer-wordlist	standard	no Chuon definition; legacy word
បេញបូញ	approved	sbbic-khmer-wordlist	standard	no Chuon definition; legacy word
បេដៃ	approved	sbbic-khmer-wordlist	standard	no Chuon definition; legacy word
បេណាំង	approved	sbbic-khmer-wordlist	standard	no Chuon definition; legacy word
បេតា	approved	sbbic-khmer-wordlist	standard	no Chuon definition; legacy word
បេឡាករ	approved	sbbic-khmer-wordlist	standard	no Chuon definition; legacy word
បេះបង់	approved	sbbic-khmer-wordlist	standard	no Chuon definition; legacy word
បែកក្បាល	approved	sbbic-khmer-wordlist	standard	no Chuon definition; legacy word
បែកប្រាជ្ញ	approved	sbbic-khmer-wordlist	standard	no Chuon definition; legacy word
បែកផ្លូវ	approved	sbbic-khmer-wordlist	standard	no Chuon definition; legacy word
បែករំហោច	approved	sbbic-khmer-wordlist	standard	no Chuon definition; legacy word
បែកសាយាមា	approved	sbbic-khmer-wordlist	standard	no Chuon definition; legacy word
បែកសំបុក	approved	sbbic-khmer-wordlist	standard	no Chuon definition; legacy word
បែតា	approved	sbbic-khmer-wordlist	standard	no Chuon definition; legacy word
បែបនេះ	approved	sbbic-khmer-wordlist	standard	no Chuon definition; legacy word
បែរជា	approved	sbbic-khmer-wordlist	standard	no Chuon definition; legacy word
បែរមក	approved	sbbic-khmer-wordlist	standard	no Chuon definition; legacy word
បែរមុខ	approved	sbbic-khmer-wordlist	standard	no Chuon definition; legacy word
បៃរ៉ូត	approved	sbbic-khmer-wordlist	standard	no Chuon definition; legacy word
បោកបក់	approved	sbbic-khmer-wordlist	standard	no Chuon definition; legacy word
បោកបែន	approved	sbbic-khmer-wordlist	standard	no Chuon definition; legacy word
បោកស្រូវ	approved	sbbic-khmer-wordlist	standard	no Chuon definition; legacy word
បោរាណិក	approved	sbbic-khmer-wordlist	standard	no Chuon definition; legacy word
បោះកំ	approved	sbbic-khmer-wordlist	standard	no Chuon definition; legacy word
បោះជោះ	approved	sbbic-khmer-wordlist	standard	no Chuon definition; legacy word
បោះតង់	approved	sbbic-khmer-wordlist	standard	no Chuon definition; legacy word
បោះតៅ	approved	sbbic-khmer-wordlist	standard	no Chuon definition; legacy word
បោះត្រា	approved	sbbic-khmer-wordlist	standard	no Chuon definition; legacy word
បោះថ្នាំ	approved	sbbic-khmer-wordlist	standard	no Chuon definition; legacy word
បោះនៅ	approved	sbbic-khmer-wordlist	standard	no Chuon definition; legacy word
បោះប្លោង	approved	sbbic-khmer-wordlist	standard	no Chuon definition; legacy word
បោះព្រំ	approved	sbbic-khmer-wordlist	standard	no Chuon definition; legacy word
បោះមេ	approved	sbbic-khmer-wordlist	standard	no Chuon definition; legacy word
បោះរ	approved	sbbic-khmer-wordlist	standard	no Chuon definition; legacy word
បៅដោះ	approved	sbbic-khmer-wordlist	standard	no Chuon definition; legacy word
បំណាច	approved	sbbic-khmer-wordlist	standard	no Chuon definition; legacy word
បំណាន	approved	sbbic-khmer-wordlist	standard	no Chuon definition; legacy word
បំណាន់	approved	sbbic-khmer-wordlist	standard	no Chuon definition; legacy word
បំណិត	approved	sbbic-khmer-wordlist	standard	no Chuon definition; legacy word
បំណេច	approved	sbbic-khmer-wordlist	standard	no Chuon definition; legacy word
បំណែង	approved	sbbic-khmer-wordlist	standard	no Chuon definition; legacy word
បំបេ	approved	sbbic-khmer-wordlist	standard	no Chuon definition; legacy word
បំបែកបំបាក់	approved	sbbic-khmer-wordlist	standard	no Chuon definition; legacy word
បំបែង	approved	sbbic-khmer-wordlist	standard	no Chuon definition; legacy word
បំបោស	approved	sbbic-khmer-wordlist	standard	no Chuon definition; legacy word
បំប៉ើង	approved	sbbic-khmer-wordlist	standard	no Chuon definition; legacy word
បំប្រៃ	approved	sbbic-khmer-wordlist	standard	no Chuon definition; legacy word
បំផ្លាស់	approved	sbbic-khmer-wordlist	standard	no Chuon definition; legacy word
បំព	approved	sbbic-khmer-wordlist	standard	no Chuon definition; legacy word
បំពាន់	approved	sbbic-khmer-wordlist	standard	no Chuon definition; legacy word
បំភុល	approved	sbbic-khmer-wordlist	standard	no Chuon definition; legacy word
បំភូត	approved	sbbic-khmer-wordlist	standard	no Chuon definition; legacy word
បំភ្លេចបំភ្លាង	approved	sbbic-khmer-wordlist	standard	no Chuon definition; legacy word
បំភ្លោះ	approved	sbbic-khmer-wordlist	standard	no Chuon definition; legacy word
បំរាម	approved	sbbic-khmer-wordlist	variant	legacy orthography
បំរុង	approved	sbbic-khmer-wordlist	variant	legacy orthography
បំរើ	approved	sbbic-khmer-wordlist	variant	legacy orthography
បំរេច	approved	sbbic-khmer-wordlist	standard	no Chuon definition; legacy word
បំរេះ	approved	sbbic-khmer-wordlist	standard	no Chuon definition; legacy word
បះសក់	approved	sbbic-khmer-wordlist	standard	no Chuon definition; legacy word
ប៉ង់សឺម៉ង់	approved	sbbic-khmer-wordlist	standard	no Chuon definition; legacy word
ប៉បេ	approved	sbbic-khmer-wordlist	standard	no Chuon definition; legacy word
ប៉ប៉ាត់	approved	sbbic-khmer-wordlist	standard	no Chuon definition; legacy word
ប៉ប៉ិកប៉បាក់	approved	sbbic-khmer-wordlist	standard	no Chuon definition; legacy word
ប៉ប៉ិចប៉ប៉ាច់	approved	sbbic-khmer-wordlist	standard	no Chuon definition; legacy word
ប៉ប៉ុន	approved	sbbic-khmer-wordlist	standard	no Chuon definition; legacy word
ប៉ប្រឹប	approved	sbbic-khmer-wordlist	standard	no Chuon definition; legacy word
ប៉ប្រឹល	approved	sbbic-khmer-wordlist	standard	no Chuon definition; legacy word
ប៉ប្លិកប៉ប្លើក	approved	sbbic-khmer-wordlist	standard	no Chuon definition; legacy word
ប៉ប្លិកប៉ប្ល៉ាក់	approved	sbbic-khmer-wordlist	standard	no Chuon definition; legacy word
ប៉ប្ល៉ាក់	approved	sbbic-khmer-wordlist	standard	no Chuon definition; legacy word
ប៉ប្ល៉ាច់	approved	sbbic-khmer-wordlist	standard	no Chuon definition; legacy word
ប៉ប្ល៉ាញ	approved	sbbic-khmer-wordlist	standard	no Chuon definition; legacy word
ប៉ប្ល៉េះប៉ប្លោះ	approved	sbbic-khmer-wordlist	standard	no Chuon definition; legacy word
ប៉ប្ល៉ោញ	approved	sbbic-khmer-wordlist	standard	no Chuon definition; legacy word
ប៉ផើយ	approved	sbbic-khmer-wordlist	standard	no Chuon definition; legacy word
ប៉ផ្អឺប	approved	sbbic-khmer-wordlist	standard	no Chuon definition; legacy word
ប៉មទឹក	approved	sbbic-khmer-wordlist	standard	no Chuon definition; legacy word
ប៉ាកាំ	approved	sbbic-khmer-wordlist	standard	no Chuon definition; legacy word
ប៉ាង	approved	sbbic-khmer-wordlist	standard	no Chuon definition; legacy word
ប៉ាណាម៉ា	approved	unknown	standard	no Chuon definition; legacy word
ប៉ាតង់	approved	sbbic-khmer-wordlist	standard	no Chuon definition; legacy word
ប៉ាតាង	approved	sbbic-khmer-wordlist	standard	no Chuon definition; legacy word
ប៉ានដៃ	approved	sbbic-khmer-wordlist	standard	no Chuon definition; legacy word
ប៉ានស័ក្ដិ	approved	sbbic-khmer-wordlist	standard	no Chuon definition; legacy word
ប៉ាន់តែ	approved	sbbic-khmer-wordlist	standard	no Chuon definition; legacy word
ប៉ាប៉ា	approved	sbbic-khmer-wordlist	standard	no Chuon definition; legacy word
ប៉ារីស	approved	unknown	standard	no Chuon definition; legacy word
ប៉ារីស៍	approved	sbbic-khmer-wordlist	standard	no Chuon definition; legacy word
ប៉ារ៉ាម៉ែត្រ	approved	sbbic-khmer-wordlist	standard	no Chuon definition; legacy word
ប៉ាវា	approved	sbbic-khmer-wordlist	standard	no Chuon definition; legacy word
ប៉ាសេ	approved	sbbic-khmer-wordlist	standard	no Chuon definition; legacy word
ប៉ាស៊ី	approved	sbbic-khmer-wordlist	standard	no Chuon definition; legacy word
ប៉ាឡូ	approved	sbbic-khmer-wordlist	standard	no Chuon definition; legacy word
ប៉ាអ៊ំ	approved	sbbic-khmer-wordlist	standard	no Chuon definition; legacy word
ប៉ាំង	approved	sbbic-khmer-wordlist	standard	no Chuon definition; legacy word
ប៉ាំងតោ	approved	sbbic-khmer-wordlist	standard	no Chuon definition; legacy word
ប៉ិកគក់	approved	sbbic-khmer-wordlist	standard	no Chuon definition; legacy word
ប៉ិនតោ	approved	sbbic-khmer-wordlist	standard	no Chuon definition; legacy word
ប៉ិនបេ	approved	sbbic-khmer-wordlist	standard	no Chuon definition; legacy word
ប៉ីអ	approved	sbbic-khmer-wordlist	standard	no Chuon definition; legacy word
ប៉ុណ្ណា	approved	sbbic-khmer-wordlist	standard	no Chuon definition; legacy word
ប៉ុល	approved	sbbic-khmer-wordlist	standard	no Chuon definition; legacy word
ប៉ូម	approved	sbbic-khmer-wordlist	standard	no Chuon definition; legacy word
ប៉ូល	approved	unknown	standard	no Chuon definition; legacy word
ប៉េងប៉ោង	approved	sbbic-khmer-wordlist	standard	no Chuon definition; legacy word
ប៉េនីស៊ីលីន	approved	sbbic-khmer-wordlist	standard	no Chuon definition; legacy word
ប៉េរីកាត	approved	sbbic-khmer-wordlist	standard	no Chuon definition; legacy word
ប៉េរូ	approved	unknown	standard	no Chuon definition; legacy word
ប៉េលប៉ោល	approved	sbbic-khmer-wordlist	standard	no Chuon definition; legacy word
ប៉េសេ	approved	sbbic-khmer-wordlist	standard	no Chuon definition; legacy word
ប៉េអា	approved	sbbic-khmer-wordlist	standard	no Chuon definition; legacy word
ប៉ែត	approved	sbbic-khmer-wordlist	standard	no Chuon definition; legacy word
ប៉ែស្ត	approved	sbbic-khmer-wordlist	standard	no Chuon definition; legacy word
ប៉ោងខោ	approved	sbbic-khmer-wordlist	standard	no Chuon definition; legacy word
ប៉ោអ៊ី	approved	sbbic-khmer-wordlist	standard	no Chuon definition; legacy word
ប៉ះចំ	approved	sbbic-khmer-wordlist	standard	no Chuon definition; legacy word
ប៊ិច	approved	sbbic-khmer-wordlist	standard	no Chuon definition; legacy word
ប៊ិស	approved	sbbic-khmer-wordlist	standard	no Chuon definition; legacy word
ប៊ីទូម	approved	sbbic-khmer-wordlist	standard	no Chuon definition; legacy word
ប៊ីយ៉ា	approved	sbbic-khmer-wordlist	standard	no Chuon definition; legacy word
ប៊ីលីស៊ី	approved	sbbic-khmer-wordlist	standard	no Chuon definition; legacy word
ប៊ីសកេក	approved	sbbic-khmer-wordlist	standard	no Chuon definition; legacy word
ប៊ីសៅ	approved	sbbic-khmer-wordlist	standard	no Chuon definition; legacy word
ប៊ុយរ៉ូ	approved	sbbic-khmer-wordlist	standard	no Chuon definition; legacy word
ប៊ុល	approved	sbbic-khmer-wordlist	standard	no Chuon definition; legacy word
ប៊ុលដូស៊ែរ	approved	sbbic-khmer-wordlist	standard	no Chuon definition; legacy word
ប៊ូលីន	approved	sbbic-khmer-wordlist	standard	no Chuon definition; legacy word
ប៊េនី	approved	sbbic-khmer-wordlist	standard	no Chuon definition; legacy word
ប៊ែរឡាំង	approved	sbbic-khmer-wordlist	standard	no Chuon definition; legacy word
ប័ណ្ណ	approved	unknown	standard	no Chuon definition; legacy word
ប័ណ្ណកម្មសិទ្ធិ	approved	sbbic-khmer-wordlist	standard	no Chuon definition; legacy word
ប័ណ្ណបើកបរ	approved	sbbic-khmer-wordlist	standard	no Chuon definition; legacy word
ប័ណ្ណប្រកាស	approved	sbbic-khmer-wordlist	standard	no Chuon definition; legacy word
ប័ណ្ណប្រៃសណីយ៍	approved	sbbic-khmer-wordlist	standard	no Chuon definition; legacy word
ប័ណ្ណសារ	approved	sbbic-khmer-wordlist	standard	no Chuon definition; legacy word
ប័ណ្ណសារដ្ឋាន	approved	sbbic-khmer-wordlist	standard	no Chuon definition; legacy word
ប័ណ្ណឥណទាន	approved	sbbic-khmer-wordlist	standard	no Chuon definition; legacy word
ប័ណ្ណូ	approved	sbbic-khmer-wordlist	standard	no Chuon definition; legacy word
ប័ត្រ	approved	sbbic-khmer-wordlist	standard	no Chuon definition; legacy word
ប្រកក់	approved	sbbic-khmer-wordlist	standard	no Chuon definition; legacy word
ប្រកូក	approved	sbbic-khmer-wordlist	standard	no Chuon definition; legacy word
ប្រចុក	approved	sbbic-khmer-wordlist	standard	no Chuon definition; legacy word
ប្រជាហឹង្សក៍	approved	sbbic-khmer-wordlist	standard	no Chuon definition; legacy word
ប្រជាហឹង្សា	approved	sbbic-khmer-wordlist	standard	no Chuon definition; legacy word
ប្រជួយ	approved	sbbic-khmer-wordlist	standard	no Chuon definition; legacy word
ប្រជែក	approved	sbbic-khmer-wordlist	standard	no Chuon definition; legacy word
ប្រញើ	approved	sbbic-khmer-wordlist	standard	no Chuon definition; legacy word
ប្រណាំងវាស្នា	approved	sbbic-khmer-wordlist	standard	no Chuon definition; legacy word
ប្រណិតប្រណម្យ	approved	sbbic-khmer-wordlist	standard	no Chuon definition; legacy word
ប្រតិ	approved	sbbic-khmer-wordlist	standard	no Chuon definition; legacy word
ប្រតិការ	approved	sbbic-khmer-wordlist	standard	no Chuon definition; legacy word
ប្រតិកិរិយា	approved	sbbic-khmer-wordlist	standard	no Chuon definition; legacy word
ប្រតិបត្តិការ	approved	sbbic-khmer-wordlist	standard	no Chuon definition; legacy word
ប្រតឹងអ៊ឹះ	approved	sbbic-khmer-wordlist	standard	no Chuon definition; legacy word
ប្រត់	approved	sbbic-khmer-wordlist	standard	no Chuon definition; legacy word
ប្រថពី	approved	sbbic-khmer-wordlist	standard	no Chuon definition; legacy word
ប្រថៀប	approved	sbbic-khmer-wordlist	standard	no Chuon definition; legacy word
ប្រទប់	approved	sbbic-khmer-wordlist	standard	no Chuon definition; legacy word
ប្រធាតុ	approved	sbbic-khmer-wordlist	standard	no Chuon definition; legacy word
ប្របត់	approved	sbbic-khmer-wordlist	standard	no Chuon definition; legacy word
ប្របផ្លូវ	approved	sbbic-khmer-wordlist	standard	no Chuon definition; legacy word
ប្របាត	approved	sbbic-khmer-wordlist	standard	no Chuon definition; legacy word
ប្របេរ	approved	chuon-nath-1967	standard	no matching RAC definition; legacy word
ប្របែរ	approved	sbbic-khmer-wordlist	standard	no Chuon definition; legacy word
ប្រផិត	approved	sbbic-khmer-wordlist	standard	no Chuon definition; legacy word
ប្រផិតប្រផើយ	approved	sbbic-khmer-wordlist	standard	no Chuon definition; legacy word
ប្រផឹតប្រផើយ	approved	sbbic-khmer-wordlist	standard	no Chuon definition; legacy word
ប្រពល	approved	sbbic-khmer-wordlist	standard	no Chuon definition; legacy word
ប្រពាន់	approved	sbbic-khmer-wordlist	standard	no Chuon definition; legacy word
ប្រពេន	approved	sbbic-khmer-wordlist	standard	no Chuon definition; legacy word
ប្រភាគ	approved	sbbic-khmer-wordlist	standard	no Chuon definition; legacy word
ប្រភឺស	approved	sbbic-khmer-wordlist	standard	no Chuon definition; legacy word
ប្រភូស	approved	sbbic-khmer-wordlist	standard	no Chuon definition; legacy word
ប្រមុល	approved	sbbic-khmer-wordlist	standard	no Chuon definition; legacy word
ប្រមោកសូត្រ	approved	sbbic-khmer-wordlist	standard	no Chuon definition; legacy word
ប្រមោញ	approved	sbbic-khmer-wordlist	standard	no Chuon definition; legacy word
ប្រយឹត	approved	sbbic-khmer-wordlist	standard	no Chuon definition; legacy word
ប្រលួញ	approved	sbbic-khmer-wordlist	standard	no Chuon definition; legacy word
ប្រលំ	approved	sbbic-khmer-wordlist	standard	no Chuon definition; legacy word
ប្រវាស់ដី	approved	sbbic-khmer-wordlist	standard	no Chuon definition; legacy word
ប្រសិទ្ធិ	approved	sbbic-khmer-wordlist	standard	no Chuon definition; legacy word
ប្រសិន	approved	sbbic-khmer-wordlist	standard	no Chuon definition; legacy word
ប្រស៊ី	approved	sbbic-khmer-wordlist	standard	no Chuon definition; legacy word
ប្រស្និប	approved	sbbic-khmer-wordlist	standard	no Chuon definition; legacy word
ប្រឡឹង	approved	sbbic-khmer-wordlist	standard	no Chuon definition; legacy word
ប្រឡុបបុ័ច្ឆា	approved	sbbic-khmer-wordlist	standard	no Chuon definition; legacy word
ប្រឡូកប៉ូកប៉ាក	approved	sbbic-khmer-wordlist	standard	no Chuon definition; legacy word
ប្រឡំ	approved	sbbic-khmer-wordlist	standard	no Chuon definition; legacy word
ប្រាបី	approved	sbbic-khmer-wordlist	standard	no Chuon definition; legacy word
ប្រាប់ប្រាយ	approved	sbbic-khmer-wordlist	standard	no Chuon definition; legacy word
ប្រាសាទធំ	approved	sbbic-khmer-wordlist	standard	no Chuon definition; legacy word
ប្រាំមួយ	approved	sbbic-khmer-wordlist	standard	no Chuon definition; legacy word
ប្រាំ់បី	approved	sbbic-khmer-wordlist	standard	no Chuon definition; legacy word
ប្រិយ	approved	sbbic-khmer-wordlist	standard	no Chuon definition; legacy word
ប្រឹស័	approved	sbbic-khmer-wordlist	standard	no Chuon definition; legacy word
ប្រូកស៊ី	approved	sbbic-khmer-wordlist	standard	no Chuon definition; legacy word
ប្រើការ	approved	sbbic-khmer-wordlist	standard	no Chuon definition; legacy word
ប្រើខៅ	approved	sbbic-khmer-wordlist	standard	no Chuon definition; legacy word
ប្រើគោ	approved	sbbic-khmer-wordlist	standard	no Chuon definition; legacy word
ប្រើលើ	approved	sbbic-khmer-wordlist	standard	no Chuon definition; legacy word
ប្រេមីយភាព	approved	sbbic-khmer-wordlist	standard	no Chuon definition; legacy word
ប្រែកង	approved	sbbic-khmer-wordlist	standard	no Chuon definition; legacy word
ប្រែខ្វែ	approved	sbbic-khmer-wordlist	standard	no Chuon definition; legacy word
ប្រែជា	approved	sbbic-khmer-wordlist	standard	no Chuon definition; legacy word
ប្រែឈាម	approved	sbbic-khmer-wordlist	standard	no Chuon definition; legacy word
ប្រែប្រាណ	approved	sbbic-khmer-wordlist	standard	no Chuon definition; legacy word
ប្រែសាច់	approved	sbbic-khmer-wordlist	standard	no Chuon definition; legacy word
ប្រោសប្រណី	approved	sbbic-khmer-wordlist	standard	no Chuon definition; legacy word
ប្រះជើង	approved	sbbic-khmer-wordlist	standard	no Chuon definition; legacy word
ប្រះដេក	approved	sbbic-khmer-wordlist	standard	no Chuon definition; legacy word
ប្រះដៃ	approved	sbbic-khmer-wordlist	standard	no Chuon definition; legacy word
ប្រ៉ូម៉ូ	approved	sbbic-khmer-wordlist	standard	no Chuon definition; legacy word
ប្លាក	approved	sbbic-khmer-wordlist	standard	no Chuon definition; legacy word
ប្លាញ	approved	sbbic-khmer-wordlist	standard	no Chuon definition; legacy word
ប្លាម៉ា	approved	sbbic-khmer-wordlist	standard	no Chuon definition; legacy word
ប្លាម៉ូ	approved	sbbic-khmer-wordlist	standard	no Chuon definition; legacy word
ប្លែងខ្លួន	approved	sbbic-khmer-wordlist	standard	no Chuon definition; legacy word
ផលប័ត្រ	approved	sbbic-khmer-wordlist	standard	no Chuon definition; legacy word
ផលវិបាក	approved	sbbic-khmer-wordlist	standard	no Chuon definition; legacy word
ផលា	approved	sbbic-khmer-wordlist	standard	no Chuon definition; legacy word
ផលាសី	approved	sbbic-khmer-wordlist	standard	no Chuon definition; legacy word
ផល់	approved	sbbic-khmer-wordlist	standard	no Chuon definition; legacy word
ផល្គុណ	approved	sbbic-khmer-wordlist	standard	no Chuon definition; legacy word
ផាត់ផាយ	approved	sbbic-khmer-wordlist	standard	no Chuon definition; legacy word
ផាត់ផើយ	approved	sbbic-khmer-wordlist	standard	no Chuon definition; legacy word
ផាយផាត់	approved	sbbic-khmer-wordlist	standard	no Chuon definition; legacy word
ផាស៊ី	approved	sbbic-khmer-wordlist	standard	no Chuon definition; legacy word
ផាស៊ីស	approved	sbbic-khmer-wordlist	standard	no Chuon definition; legacy word
ផិតផើយ	approved	sbbic-khmer-wordlist	standard	no Chuon definition; legacy word
ផុក	approved	sbbic-khmer-wordlist	standard	no Chuon definition; legacy word
ផុងកៃ	approved	sbbic-khmer-wordlist	standard	no Chuon definition; legacy word
ផូវ៉ា	approved	sbbic-khmer-wordlist	standard	no Chuon definition; legacy word
ផួង	approved	sbbic-khmer-wordlist	standard	no Chuon definition; legacy word
ផោន	approved	sbbic-khmer-wordlist	standard	no Chuon definition; legacy word
ផ្កាដំបេ	approved	sbbic-khmer-wordlist	standard	no Chuon definition; legacy word
ផ្ងើក	approved	sbbic-khmer-wordlist	standard	no Chuon definition; legacy word
ផ្ចប់	approved	sbbic-khmer-wordlist	standard	no Chuon definition; legacy word
ផ្ញាញ	approved	sbbic-khmer-wordlist	standard	no Chuon definition; legacy word
ផ្ដុង	approved	sbbic-khmer-wordlist	standard	no Chuon definition; legacy word
ផ្ដៅសំ	approved	sbbic-khmer-wordlist	standard	no Chuon definition; legacy word
ផ្ទង់	approved	sbbic-khmer-wordlist	standard	no Chuon definition; legacy word
ផ្ទុញ	approved	sbbic-khmer-wordlist	standard	no Chuon definition; legacy word
ផ្ទុល	approved	sbbic-khmer-wordlist	standard	no Chuon definition; legacy word
ផ្ទៃតុ	approved	sbbic-khmer-wordlist	standard	no Chuon definition; legacy word
ផ្ទះនៅ	approved	sbbic-khmer-wordlist	standard	no Chuon definition; legacy word
ផ្នត់ក	approved	sbbic-khmer-wordlist	standard	no Chuon definition; legacy word
ផ្នូក	approved	sbbic-khmer-wordlist	standard	no Chuon definition; legacy word
ផ្លាក់	approved	sbbic-khmer-wordlist	standard	no Chuon definition; legacy word
ផ្លុង	approved	sbbic-khmer-wordlist	standard	no Chuon definition; legacy word
ផ្លុំប៉ី	approved	sbbic-khmer-wordlist	standard	no Chuon definition; legacy word
ផ្លុំភ្លើង	approved	sbbic-khmer-wordlist	standard	no Chuon definition; legacy word
ផ្លូវទូក	approved	sbbic-khmer-wordlist	standard	no Chuon definition; legacy word
ផ្លើក	approved	sbbic-khmer-wordlist	standard	no Chuon definition; legacy word
ផ្លេច	approved	sbbic-khmer-wordlist	standard	no Chuon definition; legacy word
ផ្លេត	approved	sbbic-khmer-wordlist	standard	no Chuon definition; legacy word
ផ្លោក	approved	sbbic-khmer-wordlist	standard	no Chuon definition; legacy word
ផ្សព្វផ្សយ	approved	sbbic-khmer-wordlist	standard	no Chuon definition; legacy word
ផ្សាំសាច់	approved	sbbic-khmer-wordlist	standard	no Chuon definition; legacy word
ផ្ស៊ាំសាច់	approved	sbbic-khmer-wordlist	standard	no Chuon definition; legacy word
ផ្អម	approved	sbbic-khmer-wordlist	standard	no Chuon definition; legacy word
ផ្អស់	approved	sbbic-khmer-wordlist	standard	no Chuon definition; legacy word
ផ្អុក	approved	sbbic-khmer-wordlist	standard	no Chuon definition; legacy word
ផ្អេរ	approved	sbbic-khmer-wordlist	standard	no Chuon definition; legacy word
ផ្អែប	approved	sbbic-khmer-wordlist	standard	no Chuon definition; legacy word
ពក់	approved	sbbic-khmer-wordlist	standard	no Chuon definition; legacy word
ពងរុយ	approved	sbbic-khmer-wordlist	standard	no Chuon definition; legacy word
ពង្រលើ	approved	sbbic-khmer-wordlist	standard	no Chuon definition; legacy word
ពង្វក់ពង្វៃ	approved	sbbic-khmer-wordlist	standard	no Chuon definition; legacy word
ពង្វែង	approved	sbbic-khmer-wordlist	standard	no Chuon definition; legacy word
ពង្សប្រព្រឹត្ត	approved	sbbic-khmer-wordlist	standard	no Chuon definition; legacy word
ពនិត្យ	approved	sbbic-khmer-wordlist	standard	no Chuon definition; legacy word
ពន្ធប៉ាតង់	approved	sbbic-khmer-wordlist	standard	no Chuon definition; legacy word
ពន្លុះ	approved	sbbic-khmer-wordlist	standard	no Chuon definition; legacy word
ពន្លំ	approved	sbbic-khmer-wordlist	standard	no Chuon definition; legacy word
ពពាក់ពពាន	approved	sbbic-khmer-wordlist	standard	no Chuon definition; legacy word
ពពើកពពើម	approved	sbbic-khmer-wordlist	standard	no Chuon definition; legacy word
ពពែក	approved	sbbic-khmer-wordlist	standard	no Chuon definition; legacy word
ពព្រាល	approved	sbbic-khmer-wordlist	standard	no Chuon definition; legacy word
ពព្រុយ	approved	sbbic-khmer-wordlist	standard	no Chuon definition; legacy word
ពព្លើ	approved	sbbic-khmer-wordlist	standard	no Chuon definition; legacy word
ពភីត	approved	sbbic-khmer-wordlist	standard	no Chuon definition; legacy word
ពភ្លាក់	approved	sbbic-khmer-wordlist	standard	no Chuon definition; legacy word
ពភ្លិកពភ្លាក់	approved	sbbic-khmer-wordlist	standard	no Chuon definition; legacy word
ពលការ	approved	sbbic-khmer-wordlist	standard	no Chuon definition; legacy word
ពលសួយ	approved	sbbic-khmer-wordlist	standard	no Chuon definition; legacy word
ពលីកម្ម	approved	sbbic-khmer-wordlist	standard	no Chuon definition; legacy word
ពស់ត្រី	approved	sbbic-khmer-wordlist	standard	no Chuon definition; legacy word
ពហុ	approved	sbbic-khmer-wordlist	standard	no Chuon definition; legacy word
ពហុកីឡាដ្ឋាន	approved	sbbic-khmer-wordlist	standard	no Chuon definition; legacy word
ពហូ	approved	sbbic-khmer-wordlist	standard	no Chuon definition; legacy word
ពហូស័ក្ដ	approved	sbbic-khmer-wordlist	standard	no Chuon definition; legacy word
ពហូស័ក្ដិ	approved	sbbic-khmer-wordlist	standard	no Chuon definition; legacy word
ពហូស័ក្តិ	approved	sbbic-khmer-wordlist	standard	no Chuon definition; legacy word
ពហ៍	approved	sbbic-khmer-wordlist	standard	no Chuon definition; legacy word
ពាក់បង្កង់	approved	sbbic-khmer-wordlist	standard	no Chuon definition; legacy word
ពាក់មួក	approved	sbbic-khmer-wordlist	standard	no Chuon definition; legacy word
ពាក្យទំនៀម	approved	sbbic-khmer-wordlist	standard	no Chuon definition; legacy word
ពាក្យបណ្ដាំ	approved	sbbic-khmer-wordlist	standard	no Chuon definition; legacy word
ពាក្យសង្ឃពាក្យសត្យ	approved	sbbic-khmer-wordlist	standard	no Chuon definition; legacy word
ពាក្យសច្ចា	approved	sbbic-khmer-wordlist	standard	no Chuon definition; legacy word
ពាក្យសច្ចៈ	approved	sbbic-khmer-wordlist	standard	no Chuon definition; legacy word
ពាងទឹក	approved	sbbic-khmer-wordlist	standard	no Chuon definition; legacy word
ពាណិជ្ជករ	approved	sbbic-khmer-wordlist	standard	no Chuon definition; legacy word
ពាណិជ្ជ្កម្ម	approved	sbbic-khmer-wordlist	standard	no Chuon definition; legacy word
ពានី	approved	sbbic-khmer-wordlist	standard	no Chuon definition; legacy word
ពាយព្យ័	approved	sbbic-khmer-wordlist	standard	no Chuon definition; legacy word
ពារាម	approved	sbbic-khmer-wordlist	standard	no Chuon definition; legacy word
ពាលា	approved	sbbic-khmer-wordlist	standard	no Chuon definition; legacy word
ពាលិស	approved	sbbic-khmer-wordlist	standard	no Chuon definition; legacy word
ពាហិរា	approved	sbbic-khmer-wordlist	standard	no Chuon definition; legacy word
ពាឡម្រឹគី	approved	sbbic-khmer-wordlist	standard	no Chuon definition; legacy word
ពាំងល្វា	approved	sbbic-khmer-wordlist	standard	no Chuon definition; legacy word
ពាំនាំ	approved	sbbic-khmer-wordlist	standard	no Chuon definition; legacy word
ពិកា	approved	sbbic-khmer-wordlist	standard	no Chuon definition; legacy word
ពិតមែន	approved	sbbic-khmer-wordlist	standard	no Chuon definition; legacy word
ពិធីការ	approved	sbbic-khmer-wordlist	standard	no Chuon definition; legacy word
ពិធីការនី	approved	sbbic-khmer-wordlist	standard	no Chuon definition; legacy word
ពិរុទ្ធកម្ម	approved	sbbic-khmer-wordlist	standard	no Chuon definition; legacy word
ពិសារ	approved	sbbic-khmer-wordlist	standard	no Chuon definition; legacy word
ពិឡារី	approved	sbbic-khmer-wordlist	standard	no Chuon definition; legacy word
ពីក្មេង	approved	sbbic-khmer-wordlist	standard	no Chuon definition; legacy word
ពីក្រៅ	approved	sbbic-khmer-wordlist	standard	no Chuon definition; legacy word
ពីណា	approved	sbbic-khmer-wordlist	standard	no Chuon definition; legacy word
ពីមលា	approved	sbbic-khmer-wordlist	standard	no Chuon definition; legacy word
ពីមុន	approved	sbbic-khmer-wordlist	standard	no Chuon definition; legacy word
ពីរធ្នូ	approved	sbbic-khmer-wordlist	standard	no Chuon definition; legacy word
ពីរបី	approved	sbbic-khmer-wordlist	standard	no Chuon definition; legacy word
ពីរៀន	approved	sbbic-khmer-wordlist	standard	no Chuon definition; legacy word
ពីលើ	approved	sbbic-khmer-wordlist	standard	no Chuon definition; legacy word
ពីស្ដាំ	approved	sbbic-khmer-wordlist	standard	no Chuon definition; legacy word
ពីឡាត	approved	sbbic-khmer-wordlist	standard	no Chuon definition; legacy word
ពឺតតែ	approved	sbbic-khmer-wordlist	standard	no Chuon definition; legacy word
ពុតពាល	approved	sbbic-khmer-wordlist	standard	no Chuon definition; legacy word
ពុទ្ធតម្រាស	approved	sbbic-khmer-wordlist	standard	no Chuon definition; legacy word
ពុទ្ធធ៌ម	approved	sbbic-khmer-wordlist	standard	no Chuon definition; legacy word
ពុទ្ធា	approved	sbbic-khmer-wordlist	standard	no Chuon definition; legacy word
ពុទ្ធិកា	approved	sbbic-khmer-wordlist	standard	no Chuon definition; legacy word
ពុទ្ធិមាមកៈ	approved	sbbic-khmer-wordlist	standard	no Chuon definition; legacy word
ពុទ្ធិសាសនិក	approved	sbbic-khmer-wordlist	standard	no Chuon definition; legacy word
ពុទ្ធោ	approved	sbbic-khmer-wordlist	standard	no Chuon definition; legacy word
ពុំបាន	approved	sbbic-khmer-wordlist	standard	no Chuon definition; legacy word
ពូកម៉ាក	approved	sbbic-khmer-wordlist	standard	no Chuon definition; legacy word
ពូល	approved	sbbic-khmer-wordlist	standard	no Chuon definition; legacy word
ពួង	approved	sbbic-khmer-wordlist	standard	no Chuon definition; legacy word
ពើយ	approved	sbbic-khmer-wordlist	standard	no Chuon definition; legacy word
ពេចពិលរមឹលមើល	approved	sbbic-khmer-wordlist	standard	no Chuon definition; legacy word
ពេលមុន	approved	sbbic-khmer-wordlist	standard	no Chuon definition; legacy word
ពែទ្យសត្វ	approved	sbbic-khmer-wordlist	standard	no Chuon definition; legacy word
ពែរមី	approved	sbbic-khmer-wordlist	standard	no Chuon definition; legacy word
ពោះធំ	approved	sbbic-khmer-wordlist	standard	no Chuon definition; legacy word
ពៅពុំងា	approved	sbbic-khmer-wordlist	standard	no Chuon definition; legacy word
ពំនាល់	approved	sbbic-khmer-wordlist	standard	no Chuon definition; legacy word
ពំនុល	approved	sbbic-khmer-wordlist	standard	no Chuon definition; legacy word
ពំនុះ	approved	sbbic-khmer-wordlist	standard	no Chuon definition; legacy word
ពំនូល	approved	sbbic-khmer-wordlist	standard	no Chuon definition; legacy word
ពំពាក់	approved	sbbic-khmer-wordlist	standard	no Chuon definition; legacy word
ពៈញា	approved	sbbic-khmer-wordlist	standard	no Chuon definition; legacy word
ព័ន្ធុ	approved	sbbic-khmer-wordlist	standard	no Chuon definition; legacy word
ព័ន្ធុភាព	approved	sbbic-khmer-wordlist	standard	no Chuon definition; legacy word
ព័ន្ធុវិជ្ជា	approved	sbbic-khmer-wordlist	standard	no Chuon definition; legacy word
ព្ន័យ	approved	sbbic-khmer-wordlist	standard	no Chuon definition; legacy word
ព្យគ្ឃី	approved	sbbic-khmer-wordlist	standard	no Chuon definition; legacy word
ព្យាស	approved	sbbic-khmer-wordlist	standard	no Chuon definition; legacy word
ព្រងិល	approved	sbbic-khmer-wordlist	standard	no Chuon definition; legacy word
ព្រនាក់បំពង	approved	chuon-nath-1967	standard	no matching RAC definition; legacy word
ព្រនឹង	approved	sbbic-khmer-wordlist	standard	no Chuon definition; legacy word
ព្រនូង	approved	sbbic-khmer-wordlist	standard	no Chuon definition; legacy word
ព្រយឺត	approved	chuon-nath-1967	standard	no matching RAC definition; legacy word
ព្រលូត	approved	sbbic-khmer-wordlist	standard	no Chuon definition; legacy word
ព្រលួត	approved	sbbic-khmer-wordlist	standard	no Chuon definition; legacy word
ព្រលំ	approved	sbbic-khmer-wordlist	standard	no Chuon definition; legacy word
ព្រវរ	approved	sbbic-khmer-wordlist	standard	no Chuon definition; legacy word
ព្រហ្មចរិយា	approved	sbbic-khmer-wordlist	standard	no Chuon definition; legacy word
ព្រហ្មចារិយ	approved	sbbic-khmer-wordlist	standard	no Chuon definition; legacy word
ព្រហ្មចារីយធម៌	approved	sbbic-khmer-wordlist	standard	no Chuon definition; legacy word
ព្រហ្មេស្វេរិ	approved	sbbic-khmer-wordlist	standard	no Chuon definition; legacy word
ព្រឹស	approved	sbbic-khmer-wordlist	standard	no Chuon definition; legacy word
ព្រៀង	approved	sbbic-khmer-wordlist	standard	no Chuon definition; legacy word
ព្រែលាត	approved	sbbic-khmer-wordlist	standard	no Chuon definition; legacy word
ព្រៃញី	approved	sbbic-khmer-wordlist	standard	no Chuon definition; legacy word
ព្រៃធំ	approved	sbbic-khmer-wordlist	standard	no Chuon definition; legacy word
ព្រៃវិហារ	approved	sbbic-khmer-wordlist	standard	no Chuon definition; legacy word
ព្រៃវៃង	approved	sbbic-khmer-wordlist	standard	no Chuon definition; legacy word
ព្រៃស	approved	sbbic-khmer-wordlist	standard	no Chuon definition; legacy word
ព្រះកេស	approved	sbbic-khmer-wordlist	standard	no Chuon definition; legacy word
ព្រះកេសា	approved	sbbic-khmer-wordlist	standard	no Chuon definition; legacy word
ព្រះខាន់រាជ្យ	approved	sbbic-khmer-wordlist	standard	no Chuon definition; legacy word
ព្រះចៅ	approved	sbbic-khmer-wordlist	standard	no Chuon definition; legacy word
ព្រះជីវ័	approved	sbbic-khmer-wordlist	standard	no Chuon definition; legacy word
ព្រះនគរ	approved	sbbic-khmer-wordlist	standard	no Chuon definition; legacy word
ព្រះនាង	approved	sbbic-khmer-wordlist	standard	no Chuon definition; legacy word
ព្រះនាម	approved	sbbic-khmer-wordlist	standard	no Chuon definition; legacy word
ព្រះបិតា	approved	sbbic-khmer-wordlist	standard	no Chuon definition; legacy word
ព្រះបីតិ	approved	sbbic-khmer-wordlist	standard	no Chuon definition; legacy word
ព្រះមាតា	approved	sbbic-khmer-wordlist	standard	no Chuon definition; legacy word
ព្រះរាជបុត្រ	approved	sbbic-khmer-wordlist	standard	no Chuon definition; legacy word
ព្រះវ	approved	sbbic-khmer-wordlist	standard	no Chuon definition; legacy word
ព្រះសូរសៀង	approved	sbbic-khmer-wordlist	standard	no Chuon definition; legacy word
ព្រះស្រីជៀប	approved	sbbic-khmer-wordlist	standard	no Chuon definition; legacy word
ព្លយ	approved	sbbic-khmer-wordlist	standard	no Chuon definition; legacy word
ព្លីការ	approved	sbbic-khmer-wordlist	standard	no Chuon definition; legacy word
ភក្ដ្រា	approved	sbbic-khmer-wordlist	standard	no Chuon definition; legacy word
ភគិនេយ្យ	approved	sbbic-khmer-wordlist	standard	no Chuon definition; legacy word
ភណ្ឌូ	approved	sbbic-khmer-wordlist	standard	no Chuon definition; legacy word
ភតគាម	approved	sbbic-khmer-wordlist	standard	no Chuon definition; legacy word
ភតិការក	approved	sbbic-khmer-wordlist	standard	no Chuon definition; legacy word
ភទន្តេ	approved	sbbic-khmer-wordlist	standard	no Chuon definition; legacy word
ភព្វ	approved	sbbic-khmer-wordlist	standard	no Chuon definition; legacy word
ភវ័ន	approved	sbbic-khmer-wordlist	standard	no Chuon definition; legacy word
ភស៊ី	approved	sbbic-khmer-wordlist	standard	no Chuon definition; legacy word
ភាក់	approved	sbbic-khmer-wordlist	standard	no Chuon definition; legacy word
ភាគទុន	approved	sbbic-khmer-wordlist	standard	no Chuon definition; legacy word
ភាពលំអិត	approved	sbbic-khmer-wordlist	standard	no Chuon definition; legacy word
ភាវភាព	approved	sbbic-khmer-wordlist	standard	no Chuon definition; legacy word
ភាវរស់	approved	sbbic-khmer-wordlist	standard	no Chuon definition; legacy word
ភិនភាំង	approved	sbbic-khmer-wordlist	standard	no Chuon definition; legacy word
ភិម	approved	sbbic-khmer-wordlist	standard	no Chuon definition; legacy word
ភិរុណ	approved	sbbic-khmer-wordlist	standard	no Chuon definition; legacy word
ភុជតា	approved	sbbic-khmer-wordlist	standard	no Chuon definition; legacy word
ភូតវិទ្យា	approved	sbbic-khmer-wordlist	standard	no Chuon definition; legacy word
ភេទនិយភាព	approved	sbbic-khmer-wordlist	standard	no Chuon definition; legacy word
ភេទនិយ៍	approved	sbbic-khmer-wordlist	standard	no Chuon definition; legacy word
ភេសជ្ជះ	approved	sbbic-khmer-wordlist	standard	no Chuon definition; legacy word
ភោគភ័ស្ដ	approved	sbbic-khmer-wordlist	standard	no Chuon definition; legacy word
ភ័យង្ករ	approved	sbbic-khmer-wordlist	standard	no Chuon definition; legacy word
ភ័ស្ដុតាង	approved	sbbic-khmer-wordlist	standard	no Chuon definition; legacy word
ភ្ងោក	approved	sbbic-khmer-wordlist	standard	no Chuon definition; legacy word
ភ្នាក់	approved	sbbic-khmer-wordlist	standard	no Chuon definition; legacy word
ភ្នៀត	approved	sbbic-khmer-wordlist	standard	no Chuon definition; legacy word
ភ្នំក្រវ៉ាញ	approved	sbbic-khmer-wordlist	standard	no Chuon definition; legacy word
ភ្លត់	approved	sbbic-khmer-wordlist	standard	no Chuon definition; legacy word
ភ្លន់	approved	sbbic-khmer-wordlist	standard	no Chuon definition; legacy word
ភ្លួត	approved	chuon-nath-1967	variant	definition match 1.00
ភ្លើត	approved	sbbic-khmer-wordlist	standard	no Chuon definition; legacy word
ភ្លែម	approved	sbbic-khmer-wordlist	standard	no Chuon definition; legacy word
មកខែ	approved	sbbic-khmer-wordlist	standard	no Chuon definition; legacy word
មកល	approved	sbbic-khmer-wordlist	standard	no Chuon definition; legacy word
មគា៌	approved	sbbic-khmer-wordlist	standard	no Chuon definition; legacy word
មគ្គុទ្េទសិកា	approved	sbbic-khmer-wordlist	standard	no Chuon definition; legacy word
មងព្រួល	approved	sbbic-khmer-wordlist	standard	no Chuon definition; legacy word
មង្គលបូរី	approved	sbbic-khmer-wordlist	standard	no Chuon definition; legacy word
មច្ឆាជាតិ	approved	sbbic-khmer-wordlist	standard	no Chuon definition; legacy word
មជ្ឈត្តិក	approved	sbbic-khmer-wordlist	standard	no Chuon definition; legacy word
មណ្ឌលគីរី	approved	sbbic-khmer-wordlist	standard	no Chuon definition; legacy word
មតាមហា	approved	sbbic-khmer-wordlist	standard	no Chuon definition; legacy word
មធុរ	approved	sbbic-khmer-wordlist	standard	no Chuon definition; legacy word
មធ្យមសិក្សាប័ត្រ	approved	sbbic-khmer-wordlist	standard	no Chuon definition; legacy word
មនុស្សភក្សា	approved	sbbic-khmer-wordlist	standard	no Chuon definition; legacy word
មបាត	approved	sbbic-khmer-wordlist	standard	no Chuon definition; legacy word
មមាំង	approved	sbbic-khmer-wordlist	standard	no Chuon definition; legacy word
មមីងមមាំង	approved	sbbic-khmer-wordlist	standard	no Chuon definition; legacy word
មមូរ	approved	sbbic-khmer-wordlist	standard	no Chuon definition; legacy word
មមួរ	approved	sbbic-khmer-wordlist	standard	no Chuon definition; legacy word
មមើយំ	approved	sbbic-khmer-wordlist	standard	no Chuon definition; legacy word
មយា	approved	sbbic-khmer-wordlist	standard	no Chuon definition; legacy word
មយាមយ៉	approved	sbbic-khmer-wordlist	standard	no Chuon definition; legacy word
មយីមយា	approved	sbbic-khmer-wordlist	standard	no Chuon definition; legacy word
មយីមាយា	approved	sbbic-khmer-wordlist	standard	no Chuon definition; legacy word
មរគា	approved	sbbic-khmer-wordlist	standard	no Chuon definition; legacy word
មល៉ាយូ	approved	chuon-nath-1967	standard	no matching RAC definition; legacy word
មសូរ	approved	sbbic-khmer-wordlist	standard	no Chuon definition; legacy word
មហាថេរី	approved	sbbic-khmer-wordlist	standard	no Chuon definition; legacy word
មហាមិត្រ	approved	sbbic-khmer-wordlist	standard	no Chuon definition; legacy word
មហារាស្ត្រ	approved	sbbic-khmer-wordlist	standard	no Chuon definition; legacy word
មហាស្រ័យ	approved	sbbic-khmer-wordlist	standard	no Chuon definition; legacy word
មហិតមា	approved	sbbic-khmer-wordlist	standard	no Chuon definition; legacy word
មហិមនី	approved	sbbic-khmer-wordlist	standard	no Chuon definition; legacy word
មហិមន្តី	approved	sbbic-khmer-wordlist	standard	no Chuon definition; legacy word
មហិមន្តុ	approved	sbbic-khmer-wordlist	standard	no Chuon definition; legacy word
មហិស	approved	sbbic-khmer-wordlist	standard	no Chuon definition; legacy word
មហឹស	approved	sbbic-khmer-wordlist	standard	no Chuon definition; legacy word
មហោសថ៍	approved	sbbic-khmer-wordlist	standard	no Chuon definition; legacy word
មាគ៌	approved	chuon-nath-1967	standard	no matching RAC definition; legacy word
មាតាមហយ្យិកា	approved	sbbic-khmer-wordlist	standard	no Chuon definition; legacy word
មាតិកភណ្ឌ	approved	sbbic-khmer-wordlist	standard	no Chuon definition; legacy word
មាតុ	approved	sbbic-khmer-wordlist	standard	no Chuon definition; legacy word
មានកំណត់	approved	sbbic-khmer-wordlist	standard	no Chuon definition; legacy word
មានត	approved	sbbic-khmer-wordlist	standard	no Chuon definition; legacy word
មានតែ	approved	sbbic-khmer-wordlist	standard	no Chuon definition; legacy word
មានទាន់	approved	sbbic-khmer-wordlist	standard	no Chuon definition; legacy word
មានទាស់	approved	sbbic-khmer-wordlist	standard	no Chuon definition; legacy word
មានទោស	approved	sbbic-khmer-wordlist	standard	no Chuon definition; legacy word
មានបើ	approved	sbbic-khmer-wordlist	standard	no Chuon definition; legacy word
មានវិញ្ញាណ	approved	sbbic-khmer-wordlist	standard	no Chuon definition; legacy word
មានអី	approved	sbbic-khmer-wordlist	standard	no Chuon definition; legacy word
មានិត	approved	sbbic-khmer-wordlist	standard	no Chuon definition; legacy word
មានៈ	approved	sbbic-khmer-wordlist	standard	no Chuon definition; legacy word
មាន់ញី	approved	sbbic-khmer-wordlist	standard	no Chuon definition; legacy word
មាមីង	approved	sbbic-khmer-wordlist	standard	no Chuon definition; legacy word
មាយ	approved	sbbic-khmer-wordlist	standard	no Chuon definition; legacy word
មាយីមាយា	approved	sbbic-khmer-wordlist	standard	no Chuon definition; legacy word
មាល	approved	sbbic-khmer-wordlist	standard	no Chuon definition; legacy word
មាហាទាន	approved	sbbic-khmer-wordlist	standard	no Chuon definition; legacy word
មិគ	approved	sbbic-khmer-wordlist	standard	no Chuon definition; legacy word
មិញ	approved	unknown	standard	no Chuon definition; legacy word
មិត	approved	sbbic-khmer-wordlist	standard	no Chuon definition; legacy word
មិត្តភ័ក្ដិ	approved	sbbic-khmer-wordlist	standard	no Chuon definition; legacy word
មិត្រភិបាល	approved	sbbic-khmer-wordlist	standard	no Chuon definition; legacy word
មិនកំណត់	approved	sbbic-khmer-wordlist	standard	no Chuon definition; legacy word
មិនដែលអ៊ីះ	approved	sbbic-khmer-wordlist	standard	no Chuon definition; legacy word
មិនទាន់	approved	sbbic-khmer-wordlist	standard	no Chuon definition; legacy word
មិនទាំង	approved	sbbic-khmer-wordlist	standard	no Chuon definition; legacy word
មិនផេះ	approved	sbbic-khmer-wordlist	standard	no Chuon definition; legacy word
មិនមែន	approved	sbbic-khmer-wordlist	standard	no Chuon definition; legacy word
មិនអ៊ីះ	approved	sbbic-khmer-wordlist	standard	no Chuon definition; legacy word
មិនា	approved	sbbic-khmer-wordlist	standard	no Chuon definition; legacy word
មិល្លី	approved	unknown	standard	no Chuon definition; legacy word
មិស្ស	approved	sbbic-khmer-wordlist	standard	no Chuon definition; legacy word
មីកា	approved	sbbic-khmer-wordlist	standard	no Chuon definition; legacy word
មីក្រូ	approved	sbbic-khmer-wordlist	standard	no Chuon definition; legacy word
មីក្រូសារពា៌ង្គកាយ	approved	sbbic-khmer-wordlist	standard	no Chuon definition; legacy word
មីគទាយពន	approved	sbbic-khmer-wordlist	standard	no Chuon definition; legacy word
មីង៉ា	approved	sbbic-khmer-wordlist	standard	no Chuon definition; legacy word
មីឆា	approved	sbbic-khmer-wordlist	standard	no Chuon definition; legacy word
មីឌី	approved	sbbic-khmer-wordlist	standard	no Chuon definition; legacy word
មីតូច	approved	sbbic-khmer-wordlist	standard	no Chuon definition; legacy word
មីទឹក	approved	sbbic-khmer-wordlist	standard	no Chuon definition; legacy word
មីនស្ក៍	approved	sbbic-khmer-wordlist	standard	no Chuon definition; legacy word
មីនាង	approved	sbbic-khmer-wordlist	standard	no Chuon definition; legacy word
មីនី	approved	sbbic-khmer-wordlist	standard	no Chuon definition; legacy word
មីនុត	approved	sbbic-khmer-wordlist	standard	no Chuon definition; legacy word
មីនេះ	approved	sbbic-khmer-wordlist	standard	no Chuon definition; legacy word
មីនោះ	approved	sbbic-khmer-wordlist	standard	no Chuon definition; legacy word
មីល	approved	sbbic-khmer-wordlist	standard	no Chuon definition; legacy word
មុខក្រោយ	approved	sbbic-khmer-wordlist	standard	no Chuon definition; legacy word
មុខជាំ	approved	sbbic-khmer-wordlist	standard	no Chuon definition; legacy word
មុខថ្លា	approved	sbbic-khmer-wordlist	standard	no Chuon definition; legacy word
មុខសាស្ត្រ	approved	sbbic-khmer-wordlist	standard	no Chuon definition; legacy word
មុខស្ញូញ	approved	sbbic-khmer-wordlist	standard	no Chuon definition; legacy word
មុខស្រងួត	approved	sbbic-khmer-wordlist	standard	no Chuon definition; legacy word
មុងសាយ	approved	sbbic-khmer-wordlist	standard	no Chuon definition; legacy word
មុទ្រ	approved	sbbic-khmer-wordlist	standard	no Chuon definition; legacy word
មុនីនាថ	approved	sbbic-khmer-wordlist	standard	no Chuon definition; legacy word
មុនីរាជ	approved	sbbic-khmer-wordlist	standard	no Chuon definition; legacy word
មុប	approved	sbbic-khmer-wordlist	standard	no Chuon definition; legacy word
មុយ	approved	sbbic-khmer-wordlist	standard	no Chuon definition; legacy word
មូត	approved	sbbic-khmer-wordlist	standard	no Chuon definition; legacy word
មូទីស	approved	sbbic-khmer-wordlist	standard	no Chuon definition; legacy word
មូទ័រ	approved	sbbic-khmer-wordlist	standard	no Chuon definition; legacy word
មូលកុសល	approved	sbbic-khmer-wordlist	standard	no Chuon definition; legacy word
មូលប័ត្រ	approved	sbbic-khmer-wordlist	standard	no Chuon definition; legacy word
មូលប្បទានប័ត្រ	approved	sbbic-khmer-wordlist	standard	no Chuon definition; legacy word
មូលមតិគ្នា	approved	sbbic-khmer-wordlist	standard	no Chuon definition; legacy word
មូឡ្ហា	approved	sbbic-khmer-wordlist	standard	no Chuon definition; legacy word
មួកដែក	approved	sbbic-khmer-wordlist	standard	no Chuon definition; legacy word
មួង	approved	sbbic-khmer-wordlist	standard	no Chuon definition; legacy word
មួត	approved	sbbic-khmer-wordlist	standard	no Chuon definition; legacy word
មួនទួន	approved	sbbic-khmer-wordlist	standard	no Chuon definition; legacy word
មួយនិសោត	approved	sbbic-khmer-wordlist	standard	no Chuon definition; legacy word
មើង	approved	sbbic-khmer-wordlist	standard	no Chuon definition; legacy word
មើលចិត្ត	approved	sbbic-khmer-wordlist	standard	no Chuon definition; legacy word
មើលតែ	approved	sbbic-khmer-wordlist	standard	no Chuon definition; legacy word
មើលបៀ	approved	sbbic-khmer-wordlist	standard	no Chuon definition; legacy word
មើលស្លឹង	approved	sbbic-khmer-wordlist	standard	no Chuon definition; legacy word
មៀស	approved	sbbic-khmer-wordlist	standard	no Chuon definition; legacy word
មេក	approved	sbbic-khmer-wordlist	standard	no Chuon definition; legacy word
មេកក	approved	sbbic-khmer-wordlist	standard	no Chuon definition; legacy word
មេកកា	approved	sbbic-khmer-wordlist	standard	no Chuon definition; legacy word
មេក្របី	approved	sbbic-khmer-wordlist	standard	no Chuon definition; legacy word
មេគង្គា	approved	sbbic-khmer-wordlist	standard	no Chuon definition; legacy word
មេគុណ	approved	sbbic-khmer-wordlist	standard	no Chuon definition; legacy word
មេគោ	approved	sbbic-khmer-wordlist	standard	no Chuon definition; legacy word
មេឃម៉ែត្រ	approved	sbbic-khmer-wordlist	standard	no Chuon definition; legacy word
មេឃស័ព្ទ	approved	sbbic-khmer-wordlist	standard	no Chuon definition; legacy word
មេឃា	approved	sbbic-khmer-wordlist	standard	no Chuon definition; legacy word
មេឌៀ	approved	sbbic-khmer-wordlist	standard	no Chuon definition; legacy word
មេតា	approved	sbbic-khmer-wordlist	standard	no Chuon definition; legacy word
មេត្តាវិហារិ	approved	sbbic-khmer-wordlist	standard	no Chuon definition; legacy word
មេត្រូ	approved	sbbic-khmer-wordlist	standard	no Chuon definition; legacy word
មេទុន	approved	sbbic-khmer-wordlist	standard	no Chuon definition; legacy word
មេធំ	approved	sbbic-khmer-wordlist	standard	no Chuon definition; legacy word
មេនាង	approved	sbbic-khmer-wordlist	standard	no Chuon definition; legacy word
មេនេះ	approved	sbbic-khmer-wordlist	standard	no Chuon definition; legacy word
មេនោះ	approved	sbbic-khmer-wordlist	standard	no Chuon definition; legacy word
មេភ្លើង	approved	sbbic-khmer-wordlist	standard	no Chuon definition; legacy word
មេមង	approved	sbbic-khmer-wordlist	standard	no Chuon definition; legacy word
មេមាន់	approved	sbbic-khmer-wordlist	standard	no Chuon definition; legacy word
មេម៉ង់	approved	sbbic-khmer-wordlist	standard	no Chuon definition; legacy word
មេរៀន	approved	unknown	standard	no Chuon definition; legacy word
មេលំព្រៃ	approved	sbbic-khmer-wordlist	standard	no Chuon definition; legacy word
មេសេះ	approved	sbbic-khmer-wordlist	standard	no Chuon definition; legacy word
មេសោ	approved	sbbic-khmer-wordlist	standard	no Chuon definition; legacy word
មេសំរែ	approved	sbbic-khmer-wordlist	standard	no Chuon definition; legacy word
មេស្រា	approved	sbbic-khmer-wordlist	standard	no Chuon definition; legacy word
មេអាប	approved	sbbic-khmer-wordlist	standard	no Chuon definition; legacy word
មេអំបេ	approved	sbbic-khmer-wordlist	standard	no Chuon definition; legacy word
មែញ	approved	sbbic-khmer-wordlist	standard	no Chuon definition; legacy word
មោគ្គល្លានី	approved	sbbic-khmer-wordlist	standard	no Chuon definition; legacy word
មោឃៈ	approved	sbbic-khmer-wordlist	standard	no Chuon definition; legacy word
មោឃៈកម្ម	approved	sbbic-khmer-wordlist	standard	no Chuon definition; legacy word
មោរៈ	approved	sbbic-khmer-wordlist	standard	no Chuon definition; legacy word
មំសី	approved	sbbic-khmer-wordlist	standard	no Chuon definition; legacy word
ម៉ម	approved	sbbic-khmer-wordlist	standard	no Chuon definition; legacy word
ម៉ស់	approved	sbbic-khmer-wordlist	standard	no Chuon definition; legacy word
ម៉ាកុង	approved	sbbic-khmer-wordlist	standard	no Chuon definition; legacy word
ម៉ាកុស	approved	sbbic-khmer-wordlist	standard	no Chuon definition; legacy word
ម៉ាក់ប៉ា	approved	sbbic-khmer-wordlist	standard	no Chuon definition; legacy word
ម៉ាក្រូ	approved	sbbic-khmer-wordlist	standard	no Chuon definition; legacy word
ម៉ាគី	approved	sbbic-khmer-wordlist	standard	no Chuon definition; legacy word
ម៉ាញ៉េ	approved	sbbic-khmer-wordlist	standard	no Chuon definition; legacy word
ម៉ាដាម	approved	sbbic-khmer-wordlist	standard	no Chuon definition; legacy word
ម៉ាន	approved	sbbic-khmer-wordlist	standard	no Chuon definition; legacy word
ម៉ាន់	approved	sbbic-khmer-wordlist	standard	no Chuon definition; legacy word
ម៉ាយ	approved	sbbic-khmer-wordlist	standard	no Chuon definition; legacy word
ម៉ារគី	approved	sbbic-khmer-wordlist	standard	no Chuon definition; legacy word
ម៉ារិត	approved	sbbic-khmer-wordlist	standard	no Chuon definition; legacy word
ម៉ាលី	approved	unknown	standard	no Chuon definition; legacy word
ម៉ាល់តា	approved	sbbic-khmer-wordlist	standard	no Chuon definition; legacy word
ម៉ាល់ទូសនិយម	approved	sbbic-khmer-wordlist	standard	no Chuon definition; legacy word
ម៉ាសក៍	approved	sbbic-khmer-wordlist	standard	no Chuon definition; legacy word
ម៉ាសេរុ	approved	sbbic-khmer-wordlist	standard	no Chuon definition; legacy word
ម៉ាស៊ីវ	approved	sbbic-khmer-wordlist	standard	no Chuon definition; legacy word
ម៉ាស៊ុត	approved	sbbic-khmer-wordlist	standard	no Chuon definition; legacy word
ម៉ាស៊ូត	approved	unknown	standard	no Chuon definition; legacy word
ម៉ិតពត់	approved	sbbic-khmer-wordlist	standard	no Chuon definition; legacy word
ម៉ុះតុះ	approved	sbbic-khmer-wordlist	standard	no Chuon definition; legacy word
ម៉ូដ	approved	sbbic-khmer-wordlist	standard	no Chuon definition; legacy word
ម៉ូណាកូ	approved	unknown	standard	no Chuon definition; legacy word
ម៉ូណូ	approved	sbbic-khmer-wordlist	standard	no Chuon definition; legacy word
ម៉ូណូបាស	approved	sbbic-khmer-wordlist	standard	no Chuon definition; legacy word
ម៉ូតែល	approved	sbbic-khmer-wordlist	standard	no Chuon definition; legacy word
ម៉ូនីទ័រ	approved	unknown	standard	no Chuon definition; legacy word
ម៉ូរា	approved	sbbic-khmer-wordlist	standard	no Chuon definition; legacy word
ម៉ូសេ	approved	sbbic-khmer-wordlist	standard	no Chuon definition; legacy word
ម៉ែក្មេក	approved	sbbic-khmer-wordlist	standard	no Chuon definition; legacy word
ម៉ែត្រគីប	approved	sbbic-khmer-wordlist	standard	no Chuon definition; legacy word
ម៉ែត្រគូប	approved	sbbic-khmer-wordlist	standard	no Chuon definition; legacy word
ម៉ែធម៌	approved	sbbic-khmer-wordlist	standard	no Chuon definition; legacy word
ម៉ែមីង	approved	sbbic-khmer-wordlist	standard	no Chuon definition; legacy word
ម៉ែយ៉ែម	approved	sbbic-khmer-wordlist	standard	no Chuon definition; legacy word
ម៉ៃហៀ	approved	sbbic-khmer-wordlist	standard	no Chuon definition; legacy word
ម៉ោក	approved	sbbic-khmer-wordlist	standard	no Chuon definition; legacy word
ម៉ោងសកល	approved	sbbic-khmer-wordlist	standard	no Chuon definition; legacy word
ម៉ោន	approved	sbbic-khmer-wordlist	standard	no Chuon definition; legacy word
ម៉ៅការ	approved	sbbic-khmer-wordlist	standard	no Chuon definition; legacy word
ម័កប៉ែន	approved	sbbic-khmer-wordlist	standard	no Chuon definition; legacy word
ម្ករ	approved	sbbic-khmer-wordlist	standard	no Chuon definition; legacy word
ម្ខែ	approved	sbbic-khmer-wordlist	standard	no Chuon definition; legacy word
ម្គី	approved	sbbic-khmer-wordlist	standard	no Chuon definition; legacy word
ម្ច៉ាន	approved	sbbic-khmer-wordlist	standard	no Chuon definition; legacy word
ម្ជូរគ្រែង	approved	sbbic-khmer-wordlist	standard	no Chuon definition; legacy word
ម្ដងនោះ	approved	sbbic-khmer-wordlist	standard	no Chuon definition; legacy word
ម្ដេង	approved	sbbic-khmer-wordlist	standard	no Chuon definition; legacy word
ម្ដេចកើត	approved	sbbic-khmer-wordlist	standard	no Chuon definition; legacy word
ម្ទូក	approved	sbbic-khmer-wordlist	standard	no Chuon definition; legacy word
ម្ទេសហាវៃ	approved	sbbic-khmer-wordlist	standard	no Chuon definition; legacy word
ម្ទែស	approved	sbbic-khmer-wordlist	standard	no Chuon definition; legacy word
ម្នឹស	approved	sbbic-khmer-wordlist	standard	no Chuon definition; legacy word
ម្រត្យុសយ្យា	approved	sbbic-khmer-wordlist	standard	no Chuon definition; legacy word
ម្រិញ	approved	sbbic-khmer-wordlist	standard	no Chuon definition; legacy word
ម្រីក	approved	sbbic-khmer-wordlist	standard	no Chuon definition; legacy word
ម្រឹគជិវ័ន	approved	sbbic-khmer-wordlist	standard	no Chuon definition; legacy word
ម្រឹគី	approved	sbbic-khmer-wordlist	standard	no Chuon definition; legacy word
ម្រែក	approved	sbbic-khmer-wordlist	standard	no Chuon definition; legacy word
ម្លុង	approved	sbbic-khmer-wordlist	standard	no Chuon definition; legacy word
ម្លើយ	approved	sbbic-khmer-wordlist	standard	no Chuon definition; legacy word
ម្សៅញី	approved	sbbic-khmer-wordlist	standard	no Chuon definition; legacy word
យកកេរ្ដ៏ឈ្មោះ	approved	sbbic-khmer-wordlist	standard	no Chuon definition; legacy word
យកតម្រាប	approved	sbbic-khmer-wordlist	standard	no Chuon definition; legacy word
យកនំ	approved	sbbic-khmer-wordlist	standard	no Chuon definition; legacy word
យក្ខនី	approved	sbbic-khmer-wordlist	standard	no Chuon definition; legacy word
យក្រីត	approved	sbbic-khmer-wordlist	standard	no Chuon definition; legacy word
យដិ័	approved	sbbic-khmer-wordlist	standard	no Chuon definition; legacy word
យថា	approved	sbbic-khmer-wordlist	standard	no Chuon definition; legacy word
យន្តករ	approved	sbbic-khmer-wordlist	standard	no Chuon definition; legacy word
យល់សុបិន	approved	sbbic-khmer-wordlist	standard	no Chuon definition; legacy word
យសសក្ដា	approved	sbbic-khmer-wordlist	standard	no Chuon definition; legacy word
យសុម្មាទ	approved	sbbic-khmer-wordlist	standard	no Chuon definition; legacy word
យាក	approved	sbbic-khmer-wordlist	standard	no Chuon definition; legacy word
យានិក	approved	sbbic-khmer-wordlist	standard	no Chuon definition; legacy word
យាមោ	approved	sbbic-khmer-wordlist	standard	no Chuon definition; legacy word
យីថូ	approved	sbbic-khmer-wordlist	standard	no Chuon definition; legacy word
យីអើ	approved	sbbic-khmer-wordlist	standard	no Chuon definition; legacy word
យឹថ្កា	approved	sbbic-khmer-wordlist	standard	no Chuon definition; legacy word
យុគន្តកល	approved	chuon-nath-1967	standard	no matching RAC definition; legacy word
យុង	approved	sbbic-khmer-wordlist	standard	no Chuon definition; legacy word
យុត្តិ	approved	sbbic-khmer-wordlist	standard	no Chuon definition; legacy word
យុប	approved	sbbic-khmer-wordlist	standard	no Chuon definition; legacy word
យុយ	approved	sbbic-khmer-wordlist	standard	no Chuon definition; legacy word
យុល	approved	sbbic-khmer-wordlist	standard	no Chuon definition; legacy word
យូដា	approved	sbbic-khmer-wordlist	standard	no Chuon definition; legacy word
យូនីក	approved	sbbic-khmer-wordlist	standard	no Chuon definition; legacy word
យូយ	approved	sbbic-khmer-wordlist	standard	no Chuon definition; legacy word
យូហ៊ឺ	approved	sbbic-khmer-wordlist	standard	no Chuon definition; legacy word
យើងខ្ញុំ	approved	sbbic-khmer-wordlist	standard	no Chuon definition; legacy word
យើអើ	approved	sbbic-khmer-wordlist	standard	no Chuon definition; legacy word
យៀន	approved	sbbic-khmer-wordlist	standard	no Chuon definition; legacy word
យៀវហ៊ឺ	approved	sbbic-khmer-wordlist	standard	no Chuon definition; legacy word
យេមែន	approved	sbbic-khmer-wordlist	standard	no Chuon definition; legacy word
យែង	approved	sbbic-khmer-wordlist	standard	no Chuon definition; legacy word
យោធានិយម	approved	sbbic-khmer-wordlist	standard	no Chuon definition; legacy word
យៅវ័នម័ទ	approved	sbbic-khmer-wordlist	standard	no Chuon definition; legacy word
យ៉ាងនោះ	approved	sbbic-khmer-wordlist	standard	no Chuon definition; legacy word
យ៉ាដ	approved	sbbic-khmer-wordlist	standard	no Chuon definition; legacy word
យ៉ាស	approved	sbbic-khmer-wordlist	standard	no Chuon definition; legacy word
យ៉ាហ៊ូ	approved	sbbic-khmer-wordlist	standard	no Chuon definition; legacy word
យ៉ូប	approved	sbbic-khmer-wordlist	standard	no Chuon definition; legacy word
យ៉ូយ	approved	sbbic-khmer-wordlist	standard	no Chuon definition; legacy word
យ៉ូហាន	approved	sbbic-khmer-wordlist	standard	no Chuon definition; legacy word
យ៉េន	approved	sbbic-khmer-wordlist	standard	no Chuon definition; legacy word
យ៉ៅហន	approved	sbbic-khmer-wordlist	standard	no Chuon definition; legacy word
យ័រ	approved	sbbic-khmer-wordlist	standard	no Chuon definition; legacy word
រកាកោះ	approved	sbbic-khmer-wordlist	standard	no Chuon definition; legacy word
រកាត	approved	sbbic-khmer-wordlist	standard	no Chuon definition; legacy word
រកៀម	approved	sbbic-khmer-wordlist	standard	no Chuon definition; legacy word
រក្សសី	approved	sbbic-khmer-wordlist	standard	no Chuon definition; legacy word
រក្សសៈ	approved	sbbic-khmer-wordlist	standard	no Chuon definition; legacy word
រខេករខាក	approved	sbbic-khmer-wordlist	standard	no Chuon definition; legacy word
រខេករខោក	approved	sbbic-khmer-wordlist	standard	no Chuon definition; legacy word
រខែករខោក	approved	sbbic-khmer-wordlist	standard	no Chuon definition; legacy word
រងក់	approved	sbbic-khmer-wordlist	standard	no Chuon definition; legacy word
រងមុខ	approved	sbbic-khmer-wordlist	standard	no Chuon definition; legacy word
រងីករងែក	approved	sbbic-khmer-wordlist	standard	no Chuon definition; legacy word
រងឹត	approved	sbbic-khmer-wordlist	standard	no Chuon definition; legacy word
រង៉េករង៉ាក	approved	sbbic-khmer-wordlist	standard	no Chuon definition; legacy word
រង់ចាំ	approved	sbbic-khmer-wordlist	standard	no Chuon definition; legacy word
រង្គជីព	approved	sbbic-khmer-wordlist	standard	no Chuon definition; legacy word
រង្គះ	approved	sbbic-khmer-wordlist	standard	no Chuon definition; legacy word
រង្វល់	approved	sbbic-khmer-wordlist	standard	no Chuon definition; legacy word
រង្វិល	approved	sbbic-khmer-wordlist	standard	no Chuon definition; legacy word
រចាល	approved	sbbic-khmer-wordlist	standard	no Chuon definition; legacy word
រចេចរចូច	approved	sbbic-khmer-wordlist	standard	no Chuon definition; legacy word
រជកា	approved	sbbic-khmer-wordlist	standard	no Chuon definition; legacy word
រជុំ	approved	sbbic-khmer-wordlist	standard	no Chuon definition; legacy word
រជួល	approved	sbbic-khmer-wordlist	standard	no Chuon definition; legacy word
រជ្ជ	approved	sbbic-khmer-wordlist	standard	no Chuon definition; legacy word
រញ៉ីរញ៉ៃ	approved	sbbic-khmer-wordlist	standard	no Chuon definition; legacy word
រញ៉ូវ	approved	sbbic-khmer-wordlist	standard	no Chuon definition; legacy word
រញ្ញា	approved	sbbic-khmer-wordlist	standard	no Chuon definition; legacy word
រដាប់	approved	sbbic-khmer-wordlist	standard	no Chuon definition; legacy word
រដុបរដឺន	approved	sbbic-khmer-wordlist	standard	no Chuon definition; legacy word
រដុបរដៃ	approved	sbbic-khmer-wordlist	standard	no Chuon definition; legacy word
រដុំ	approved	sbbic-khmer-wordlist	standard	no Chuon definition; legacy word
រដូប	approved	sbbic-khmer-wordlist	standard	no Chuon definition; legacy word
រដោច	approved	sbbic-khmer-wordlist	standard	no Chuon definition; legacy word
រដ្ឋក្រិត្យ	approved	sbbic-khmer-wordlist	standard	no Chuon definition; legacy word
រដ្ឋធិបតី	approved	sbbic-khmer-wordlist	standard	no Chuon definition; legacy word
រណក្រិត្យ	approved	sbbic-khmer-wordlist	standard	no Chuon definition; legacy word
រណា	approved	sbbic-khmer-wordlist	standard	no Chuon definition; legacy word
រណែងរណាង	approved	sbbic-khmer-wordlist	standard	no Chuon definition; legacy word
រណែងរណោង	approved	sbbic-khmer-wordlist	standard	no Chuon definition; legacy word
រតន	approved	sbbic-khmer-wordlist	standard	no Chuon definition; legacy word
រតនគីរី	approved	sbbic-khmer-wordlist	standard	no Chuon definition; legacy word
រតនព័ស្តុ	approved	sbbic-khmer-wordlist	standard	no Chuon definition; legacy word
រតនាភារណៈ	approved	sbbic-khmer-wordlist	standard	no Chuon definition; legacy word
រតឺង	approved	sbbic-khmer-wordlist	standard	no Chuon definition; legacy word
រតឺងរតាង	approved	sbbic-khmer-wordlist	standard	no Chuon definition; legacy word
រតែករតោក	approved	sbbic-khmer-wordlist	standard	no Chuon definition; legacy word
រតែងរតាង	approved	sbbic-khmer-wordlist	standard	no Chuon definition; legacy word
រតែងរតោង	approved	sbbic-khmer-wordlist	standard	no Chuon definition; legacy word
រត់រក	approved	sbbic-khmer-wordlist	standard	no Chuon definition; legacy word
រត់លឿន	approved	sbbic-khmer-wordlist	standard	no Chuon definition; legacy word
រត្តប្បល	approved	sbbic-khmer-wordlist	standard	no Chuon definition; legacy word
រត្តិ	approved	sbbic-khmer-wordlist	standard	no Chuon definition; legacy word
រត្ន	approved	sbbic-khmer-wordlist	standard	no Chuon definition; legacy word
រថយិទ្ធ	approved	sbbic-khmer-wordlist	standard	no Chuon definition; legacy word
រថា	approved	sbbic-khmer-wordlist	standard	no Chuon definition; legacy word
រទាំរទូ	approved	sbbic-khmer-wordlist	standard	no Chuon definition; legacy word
រនៀត	approved	sbbic-khmer-wordlist	standard	no Chuon definition; legacy word
រនះព្រៃ	approved	sbbic-khmer-wordlist	standard	no Chuon definition; legacy word
រន្ថើន	approved	sbbic-khmer-wordlist	standard	no Chuon definition; legacy word
រន្ទី	approved	sbbic-khmer-wordlist	standard	no Chuon definition; legacy word
រន្ទេះ	approved	sbbic-khmer-wordlist	standard	no Chuon definition; legacy word
របទឹម	approved	sbbic-khmer-wordlist	standard	no Chuon definition; legacy word
របស់សកល	approved	sbbic-khmer-wordlist	standard	no Chuon definition; legacy word
របាំងគយ	approved	sbbic-khmer-wordlist	standard	no Chuon definition; legacy word
របាំសៀក	approved	sbbic-khmer-wordlist	standard	no Chuon definition; legacy word
របុះ	approved	sbbic-khmer-wordlist	standard	no Chuon definition; legacy word
របៀងមុខ	approved	sbbic-khmer-wordlist	standard	no Chuon definition; legacy word
របេច	approved	sbbic-khmer-wordlist	standard	no Chuon definition; legacy word
របេះរបើង	approved	sbbic-khmer-wordlist	standard	no Chuon definition; legacy word
របែរបោរ	approved	sbbic-khmer-wordlist	standard	no Chuon definition; legacy word
របោរ	approved	sbbic-khmer-wordlist	standard	no Chuon definition; legacy word
របោះស្មៅ	approved	sbbic-khmer-wordlist	standard	no Chuon definition; legacy word
រប៉ាត់រប៉ើង	approved	sbbic-khmer-wordlist	standard	no Chuon definition; legacy word
រប៉ាត់រប៉ែង	approved	sbbic-khmer-wordlist	standard	no Chuon definition; legacy word
រប៉ែករប៉ោយ	approved	sbbic-khmer-wordlist	standard	no Chuon definition; legacy word
រប៉ោះរបោយ	approved	sbbic-khmer-wordlist	standard	no Chuon definition; legacy word
រផាត់រផាយ	approved	sbbic-khmer-wordlist	standard	no Chuon definition; legacy word
រផិតរផុយ	approved	sbbic-khmer-wordlist	standard	no Chuon definition; legacy word
រពុះ	approved	sbbic-khmer-wordlist	standard	no Chuon definition; legacy word
រពូន	approved	sbbic-khmer-wordlist	standard	no Chuon definition; legacy word
រពើង	approved	sbbic-khmer-wordlist	standard	no Chuon definition; legacy word
រពេន	approved	sbbic-khmer-wordlist	standard	no Chuon definition; legacy word
រមិងរម៉ង់	approved	sbbic-khmer-wordlist	standard	no Chuon definition; legacy word
រមិញ	approved	sbbic-khmer-wordlist	standard	no Chuon definition; legacy word
រមួលក៝	approved	sbbic-khmer-wordlist	standard	no Chuon definition; legacy word
រម៉ក	approved	sbbic-khmer-wordlist	standard	no Chuon definition; legacy word
រម៉ិងរម៉ង់	approved	sbbic-khmer-wordlist	standard	no Chuon definition; legacy word
រម្ងូត	approved	sbbic-khmer-wordlist	standard	no Chuon definition; legacy word
រយឺត	approved	sbbic-khmer-wordlist	standard	no Chuon definition; legacy word
រយេករយោគ	approved	sbbic-khmer-wordlist	standard	no Chuon definition; legacy word
រយ៉	approved	sbbic-khmer-wordlist	standard	no Chuon definition; legacy word
រយ៉ីរយ៉ៃ	approved	sbbic-khmer-wordlist	standard	no Chuon definition; legacy word
រលក់	approved	sbbic-khmer-wordlist	standard	no Chuon definition; legacy word
រលត់ខន្ធ	approved	sbbic-khmer-wordlist	standard	no Chuon definition; legacy word
រលាញ	approved	sbbic-khmer-wordlist	standard	no Chuon definition; legacy word
រលាំងឈូក	approved	sbbic-khmer-wordlist	standard	no Chuon definition; legacy word
រលិក	approved	sbbic-khmer-wordlist	standard	no Chuon definition; legacy word
រលីមរលោម	approved	sbbic-khmer-wordlist	standard	no Chuon definition; legacy word
រលឹប	approved	sbbic-khmer-wordlist	standard	no Chuon definition; legacy word
រលូក	approved	sbbic-khmer-wordlist	standard	no Chuon definition; legacy word
រលៀប	approved	sbbic-khmer-wordlist	standard	no Chuon definition; legacy word
រលេច	approved	sbbic-khmer-wordlist	standard	no Chuon definition; legacy word
រលេមរលោម	approved	sbbic-khmer-wordlist	standard	no Chuon definition; legacy word
រលែង	approved	sbbic-khmer-wordlist	standard	no Chuon definition; legacy word
រលំរលើង	approved	sbbic-khmer-wordlist	standard	no Chuon definition; legacy word
រវច	approved	chuon-nath-1967	standard	no matching RAC definition; legacy word
រវិល	approved	sbbic-khmer-wordlist	standard	no Chuon definition; legacy word
រវិវ័ណ្ណ	approved	sbbic-khmer-wordlist	standard	no Chuon definition; legacy word
រវីតរវាត	approved	sbbic-khmer-wordlist	standard	no Chuon definition; legacy word
រវីសរវៀស	approved	sbbic-khmer-wordlist	standard	no Chuon definition; legacy word
រវូម	approved	sbbic-khmer-wordlist	standard	no Chuon definition; legacy word
រវៀង	approved	sbbic-khmer-wordlist	standard	no Chuon definition; legacy word
រវៀល	approved	sbbic-khmer-wordlist	standard	no Chuon definition; legacy word
រវេច	approved	sbbic-khmer-wordlist	standard	no Chuon definition; legacy word
រសគន្ធា	approved	sbbic-khmer-wordlist	standard	no Chuon definition; legacy word
រសយនវិទ្យា	approved	sbbic-khmer-wordlist	standard	no Chuon definition; legacy word
រសាប់	approved	sbbic-khmer-wordlist	standard	no Chuon definition; legacy word
រសឹបរសូវ	approved	sbbic-khmer-wordlist	standard	no Chuon definition; legacy word
រស៊ោល	approved	sbbic-khmer-wordlist	standard	no Chuon definition; legacy word
រស់នៅ	approved	sbbic-khmer-wordlist	standard	no Chuon definition; legacy word
រហន់	approved	sbbic-khmer-wordlist	standard	no Chuon definition; legacy word
រហល់	approved	sbbic-khmer-wordlist	standard	no Chuon definition; legacy word
រហា	approved	sbbic-khmer-wordlist	standard	no Chuon definition; legacy word
រហាស់	approved	sbbic-khmer-wordlist	standard	no Chuon definition; legacy word
រហិករហាក់	approved	sbbic-khmer-wordlist	standard	no Chuon definition; legacy word
រហិតរហង់	approved	sbbic-khmer-wordlist	standard	no Chuon definition; legacy word
រហូរ	approved	sbbic-khmer-wordlist	standard	no Chuon definition; legacy word
រហើប	approved	sbbic-khmer-wordlist	standard	no Chuon definition; legacy word
រហើរ	approved	sbbic-khmer-wordlist	standard	no Chuon definition; legacy word
រហើល	approved	sbbic-khmer-wordlist	standard	no Chuon definition; legacy word
រហៀក	approved	sbbic-khmer-wordlist	standard	no Chuon definition; legacy word
រហៀវ	approved	sbbic-khmer-wordlist	standard	no Chuon definition; legacy word
រហោស្ថាន	approved	sbbic-khmer-wordlist	standard	no Chuon definition; legacy word
រឡែ	approved	sbbic-khmer-wordlist	standard	no Chuon definition; legacy word
រអិលព្រិល	approved	sbbic-khmer-wordlist	standard	no Chuon definition; legacy word
រអីបរជើប	approved	sbbic-khmer-wordlist	standard	no Chuon definition; legacy word
រអើមចិត្ត	approved	sbbic-khmer-wordlist	standard	no Chuon definition; legacy word
រអៀក	approved	sbbic-khmer-wordlist	standard	no Chuon definition; legacy word
រអេះរអុ	approved	sbbic-khmer-wordlist	standard	no Chuon definition; legacy word
រអេៈរអុៈ	approved	sbbic-khmer-wordlist	standard	no Chuon definition; legacy word
រអែ	approved	sbbic-khmer-wordlist	standard	no Chuon definition; legacy word
រាក់ស	approved	sbbic-khmer-wordlist	standard	no Chuon definition; legacy word
រាគគ្គី	approved	sbbic-khmer-wordlist	standard	no Chuon definition; legacy word
រាគា	approved	sbbic-khmer-wordlist	standard	no Chuon definition; legacy word
រាគី	approved	sbbic-khmer-wordlist	standard	no Chuon definition; legacy word
រាជកាយ៌	approved	sbbic-khmer-wordlist	standard	no Chuon definition; legacy word
រាជកោដ្ឋាគរ	approved	sbbic-khmer-wordlist	standard	no Chuon definition; legacy word
រាជទ័ន	approved	sbbic-khmer-wordlist	standard	no Chuon definition; legacy word
រាជនាវិកាបតី	approved	sbbic-khmer-wordlist	standard	no Chuon definition; legacy word
រាជនិយម	approved	sbbic-khmer-wordlist	standard	no Chuon definition; legacy word
រាជសារ	approved	sbbic-khmer-wordlist	standard	no Chuon definition; legacy word
រាជសាសនា	approved	sbbic-khmer-wordlist	standard	no Chuon definition; legacy word
រាជឱរសា	approved	sbbic-khmer-wordlist	standard	no Chuon definition; legacy word
រាទៅ	approved	sbbic-khmer-wordlist	standard	no Chuon definition; legacy word
រានទី	approved	sbbic-khmer-wordlist	standard	no Chuon definition; legacy word
រានម៉ា	approved	sbbic-khmer-wordlist	standard	no Chuon definition; legacy word
រាប់រាយ	approved	sbbic-khmer-wordlist	standard	no Chuon definition; legacy word
រាមណៈ	approved	sbbic-khmer-wordlist	standard	no Chuon definition; legacy word
រាយរៀង	approved	sbbic-khmer-wordlist	standard	no Chuon definition; legacy word
រាយសន្ទួច	approved	sbbic-khmer-wordlist	standard	no Chuon definition; legacy word
រារេ	approved	sbbic-khmer-wordlist	standard	no Chuon definition; legacy word
រាលកៃ	approved	sbbic-khmer-wordlist	standard	no Chuon definition; legacy word
រាល់តែ	approved	sbbic-khmer-wordlist	standard	no Chuon definition; legacy word
រាល់រួច	approved	sbbic-khmer-wordlist	standard	no Chuon definition; legacy word
រាស្ត្រទោស	approved	sbbic-khmer-wordlist	standard	no Chuon definition; legacy word
រាំងកេសី	approved	sbbic-khmer-wordlist	standard	no Chuon definition; legacy word
រាំងទឹក	approved	sbbic-khmer-wordlist	standard	no Chuon definition; legacy word
រាំងរះ	approved	sbbic-khmer-wordlist	standard	no Chuon definition; legacy word
រិត្ត	approved	sbbic-khmer-wordlist	standard	no Chuon definition; legacy word
រិទ្ធិ	approved	sbbic-khmer-wordlist	standard	no Chuon definition; legacy word
រិប	approved	sbbic-khmer-wordlist	standard	no Chuon definition; legacy word
រិះរយ	approved	sbbic-khmer-wordlist	standard	no Chuon definition; legacy word
រីងរាំង	approved	sbbic-khmer-wordlist	standard	no Chuon definition; legacy word
រីនីត	approved	sbbic-khmer-wordlist	standard	no Chuon definition; legacy word
រីរា	approved	sbbic-khmer-wordlist	standard	no Chuon definition; legacy word
រឹងតែ	approved	sbbic-khmer-wordlist	standard	no Chuon definition; legacy word
រឹងមាំ	approved	sbbic-khmer-wordlist	standard	no Chuon definition; legacy word
រឹតក	approved	sbbic-khmer-wordlist	standard	no Chuon definition; legacy word
រុករើ	approved	sbbic-khmer-wordlist	standard	no Chuon definition; legacy word
រុញរា	approved	sbbic-khmer-wordlist	standard	no Chuon definition; legacy word
រុយបាយ	approved	sbbic-khmer-wordlist	standard	no Chuon definition; legacy word
រុស្សី	approved	sbbic-khmer-wordlist	standard	no Chuon definition; legacy word
រុស្ស៊ី	approved	sbbic-khmer-wordlist	standard	no Chuon definition; legacy word
រូបគណ	approved	sbbic-khmer-wordlist	standard	no Chuon definition; legacy word
រូបឆោមលោមពណ៌	approved	sbbic-khmer-wordlist	standard	no Chuon definition; legacy word
រូបស័ព្ទ	approved	sbbic-khmer-wordlist	standard	no Chuon definition; legacy word
រូបិយបដិភោគ	approved	sbbic-khmer-wordlist	standard	no Chuon definition; legacy word
រូបូបជីវិនី	approved	sbbic-khmer-wordlist	standard	no Chuon definition; legacy word
រូប្យ	approved	sbbic-khmer-wordlist	standard	no Chuon definition; legacy word
រើក	approved	sbbic-khmer-wordlist	standard	no Chuon definition; legacy word
រើចូល	approved	sbbic-khmer-wordlist	standard	no Chuon definition; legacy word
រើចោល	approved	sbbic-khmer-wordlist	standard	no Chuon definition; legacy word
រើល	approved	sbbic-khmer-wordlist	standard	no Chuon definition; legacy word
រើសើរក	approved	sbbic-khmer-wordlist	standard	no Chuon definition; legacy word
រឿងកុន	approved	sbbic-khmer-wordlist	standard	no Chuon definition; legacy word
រឿងតេជៈ	approved	sbbic-khmer-wordlist	standard	no Chuon definition; legacy word
រឿងល្ខោន	approved	sbbic-khmer-wordlist	standard	no Chuon definition; legacy word
រៀបការ	approved	sbbic-khmer-wordlist	standard	no Chuon definition; legacy word
រៀបតាំង	approved	sbbic-khmer-wordlist	standard	no Chuon definition; legacy word
រៀបតុ	approved	sbbic-khmer-wordlist	standard	no Chuon definition; legacy word
រៀបតែ	approved	sbbic-khmer-wordlist	standard	no Chuon definition; legacy word
រេខ្លួន	approved	sbbic-khmer-wordlist	standard	no Chuon definition; legacy word
រែត	approved	sbbic-khmer-wordlist	standard	no Chuon definition; legacy word
រៃបាយ	approved	sbbic-khmer-wordlist	standard	no Chuon definition; legacy word
រៃលុយ	approved	sbbic-khmer-wordlist	standard	no Chuon definition; legacy word
រោងគោ	approved	sbbic-khmer-wordlist	standard	no Chuon definition; legacy word
រោងជាង	approved	sbbic-khmer-wordlist	standard	no Chuon definition; legacy word
រោងស្រី	approved	sbbic-khmer-wordlist	standard	no Chuon definition; legacy word
រោបកៈ	approved	sbbic-khmer-wordlist	standard	no Chuon definition; legacy word
រោមហំសជាតិ	approved	sbbic-khmer-wordlist	standard	no Chuon definition; legacy word
រោហណា	approved	sbbic-khmer-wordlist	standard	no Chuon definition; legacy word
រោះរាយ	approved	sbbic-khmer-wordlist	standard	no Chuon definition; legacy word
រំកៀក	approved	sbbic-khmer-wordlist	standard	no Chuon definition; legacy word
រំជួយ	approved	sbbic-khmer-wordlist	standard	no Chuon definition; legacy word
រំបាល	approved	sbbic-khmer-wordlist	standard	no Chuon definition; legacy word
រំពល់	approved	sbbic-khmer-wordlist	standard	no Chuon definition; legacy word
រំពាន់	approved	sbbic-khmer-wordlist	standard	no Chuon definition; legacy word
រំយីករំយាក	approved	sbbic-khmer-wordlist	standard	no Chuon definition; legacy word
រំយ៉ា	approved	sbbic-khmer-wordlist	standard	no Chuon definition; legacy word
រំលាក់	approved	sbbic-khmer-wordlist	standard	no Chuon definition; legacy word
រំលាងរំលើង	approved	sbbic-khmer-wordlist	standard	no Chuon definition; legacy word
រំលាត់	approved	sbbic-khmer-wordlist	standard	no Chuon definition; legacy word
រំលួយ	approved	sbbic-khmer-wordlist	standard	no Chuon definition; legacy word
រំលោះ	approved	sbbic-khmer-wordlist	standard	no Chuon definition; legacy word
រំសាយកំហឹង	approved	sbbic-khmer-wordlist	standard	no Chuon definition; legacy word
រំសាយចិត្ត	approved	sbbic-khmer-wordlist	standard	no Chuon definition; legacy word
រំហៀរ	approved	sbbic-khmer-wordlist	standard	no Chuon definition; legacy word
រំហែក	approved	sbbic-khmer-wordlist	standard	no Chuon definition; legacy word
រំអៀក	approved	sbbic-khmer-wordlist	standard	no Chuon definition; legacy word
រះល្បះ	approved	sbbic-khmer-wordlist	standard	no Chuon definition; legacy word
រ៉កដែក	approved	sbbic-khmer-wordlist	standard	no Chuon definition; legacy word
រ៉ត	approved	sbbic-khmer-wordlist	standard	no Chuon definition; legacy word
រ៉វូម	approved	sbbic-khmer-wordlist	standard	no Chuon definition; legacy word
រ៉ហាំង	approved	sbbic-khmer-wordlist	standard	no Chuon definition; legacy word
រ៉ាក	approved	sbbic-khmer-wordlist	standard	no Chuon definition; legacy word
រ៉ាដុង	approved	sbbic-khmer-wordlist	standard	no Chuon definition; legacy word
រ៉ាបាត	approved	sbbic-khmer-wordlist	standard	no Chuon definition; legacy word
រ៉ាយុង	approved	sbbic-khmer-wordlist	standard	no Chuon definition; legacy word
រ៉ឺណូត៍	approved	sbbic-khmer-wordlist	standard	no Chuon definition; legacy word
រ៉ឺត្រែត	approved	sbbic-khmer-wordlist	standard	no Chuon definition; legacy word
រ៉ឺស៊ុយ	approved	sbbic-khmer-wordlist	standard	no Chuon definition; legacy word
រ៉ូតេ	approved	sbbic-khmer-wordlist	standard	no Chuon definition; legacy word
រ៉ូប៊ីនេ	approved	sbbic-khmer-wordlist	standard	no Chuon definition; legacy word
រ៉ូម	approved	sbbic-khmer-wordlist	standard	no Chuon definition; legacy word
រ៉ូម៉ង់	approved	sbbic-khmer-wordlist	standard	no Chuon definition; legacy word
រ៉ូវ	approved	sbbic-khmer-wordlist	standard	no Chuon definition; legacy word
រ៉ែដែក	approved	sbbic-khmer-wordlist	standard	no Chuon definition; legacy word
រ័ក	approved	sbbic-khmer-wordlist	standard	no Chuon definition; legacy word
រ័ម្ភ	approved	sbbic-khmer-wordlist	standard	no Chuon definition; legacy word
លក់ម៉ៅ	approved	sbbic-khmer-wordlist	standard	no Chuon definition; legacy word
លក្ខខ័ណ្ឌ	approved	sbbic-khmer-wordlist	standard	no Chuon definition; legacy word
លក្ខណៈសម្បត្តិ	approved	sbbic-khmer-wordlist	standard	no Chuon definition; legacy word
លក្ខណ៏	approved	sbbic-khmer-wordlist	standard	no Chuon definition; legacy word
លក្ស្មណ៍	approved	sbbic-khmer-wordlist	standard	no Chuon definition; legacy word
លង់លើយ	approved	sbbic-khmer-wordlist	standard	no Chuon definition; legacy word
លង់សម្ដី	approved	sbbic-khmer-wordlist	standard	no Chuon definition; legacy word
លជ្ជនី	approved	sbbic-khmer-wordlist	standard	no Chuon definition; legacy word
លញី	approved	sbbic-khmer-wordlist	standard	no Chuon definition; legacy word
លតាប័ត្រ	approved	sbbic-khmer-wordlist	standard	no Chuon definition; legacy word
លម្អក់ព័ណ៍	approved	sbbic-khmer-wordlist	standard	no Chuon definition; legacy word
លលប	approved	sbbic-khmer-wordlist	standard	no Chuon definition; legacy word
លលាក	approved	sbbic-khmer-wordlist	standard	no Chuon definition; legacy word
លលាដ៍បដ្ដ	approved	sbbic-khmer-wordlist	standard	no Chuon definition; legacy word
លលើ	approved	sbbic-khmer-wordlist	standard	no Chuon definition; legacy word
លលើក	approved	sbbic-khmer-wordlist	standard	no Chuon definition; legacy word
លលែង	approved	sbbic-khmer-wordlist	standard	no Chuon definition; legacy word
លលោត	approved	sbbic-khmer-wordlist	standard	no Chuon definition; legacy word
លសិកា	approved	sbbic-khmer-wordlist	standard	no Chuon definition; legacy word
លហុចិត្តិ	approved	sbbic-khmer-wordlist	standard	no Chuon definition; legacy word
លហុទណ្ឌកម្ម្	approved	sbbic-khmer-wordlist	standard	no Chuon definition; legacy word
លឱន	approved	sbbic-khmer-wordlist	standard	no Chuon definition; legacy word
លាក់ខ្លួន	approved	sbbic-khmer-wordlist	standard	no Chuon definition; legacy word
លាក់ពួន	approved	sbbic-khmer-wordlist	standard	no Chuon definition; legacy word
លាក់មុខ	approved	sbbic-khmer-wordlist	standard	no Chuon definition; legacy word
លាគ្នា	approved	sbbic-khmer-wordlist	standard	no Chuon definition; legacy word
លាងខ្លួន	approved	sbbic-khmer-wordlist	standard	no Chuon definition; legacy word
លាតដៃ	approved	sbbic-khmer-wordlist	standard	no Chuon definition; legacy word
លាន់សម្ដី	approved	sbbic-khmer-wordlist	standard	no Chuon definition; legacy word
លាភី	approved	sbbic-khmer-wordlist	standard	no Chuon definition; legacy word
លាភូបនិស័ទ	approved	sbbic-khmer-wordlist	standard	no Chuon definition; legacy word
លាលោក	approved	sbbic-khmer-wordlist	standard	no Chuon definition; legacy word
លាវយ៉	approved	sbbic-khmer-wordlist	standard	no Chuon definition; legacy word
លាហើយ	approved	sbbic-khmer-wordlist	standard	no Chuon definition; legacy word
លីនុច	approved	sbbic-khmer-wordlist	standard	no Chuon definition; legacy word
លីបង់	approved	sbbic-khmer-wordlist	standard	no Chuon definition; legacy word
លីបិការ	approved	sbbic-khmer-wordlist	standard	no Chuon definition; legacy word
លីបិក្រម	approved	sbbic-khmer-wordlist	standard	no Chuon definition; legacy word
លីប៊ី	approved	sbbic-khmer-wordlist	standard	no Chuon definition; legacy word
លីមីត	approved	sbbic-khmer-wordlist	standard	no Chuon definition; legacy word
លីមូន	approved	sbbic-khmer-wordlist	standard	no Chuon definition; legacy word
លីម៉ា	approved	unknown	standard	no Chuon definition; legacy word
លឹម	approved	sbbic-khmer-wordlist	standard	no Chuon definition; legacy word
លុកចូល	approved	sbbic-khmer-wordlist	standard	no Chuon definition; legacy word
លុកទ័ព	approved	sbbic-khmer-wordlist	standard	no Chuon definition; legacy word
លុបមាត្រា	approved	sbbic-khmer-wordlist	standard	no Chuon definition; legacy word
លុយដុំ	approved	sbbic-khmer-wordlist	standard	no Chuon definition; legacy word
លុះដោយ	approved	sbbic-khmer-wordlist	standard	no Chuon definition; legacy word
លុះត្រា	approved	sbbic-khmer-wordlist	standard	no Chuon definition; legacy word
លូកចូល	approved	sbbic-khmer-wordlist	standard	no Chuon definition; legacy word
លូកា	approved	sbbic-khmer-wordlist	standard	no Chuon definition; legacy word
លូខប្បណិតភាព	approved	sbbic-khmer-wordlist	standard	no Chuon definition; legacy word
លូសាកា	approved	sbbic-khmer-wordlist	standard	no Chuon definition; legacy word
លួម	approved	sbbic-khmer-wordlist	standard	no Chuon definition; legacy word
លើកជំនូន	approved	sbbic-khmer-wordlist	standard	no Chuon definition; legacy word
លើកដី	approved	sbbic-khmer-wordlist	standard	no Chuon definition; legacy word
លើកដែក	approved	sbbic-khmer-wordlist	standard	no Chuon definition; legacy word
លើកដៃ	approved	sbbic-khmer-wordlist	standard	no Chuon definition; legacy word
លើកដៃរា	approved	sbbic-khmer-wordlist	standard	no Chuon definition; legacy word
លើកតែ	approved	sbbic-khmer-wordlist	standard	no Chuon definition; legacy word
លើកបំណុន	approved	sbbic-khmer-wordlist	standard	no Chuon definition; legacy word
លើកពល	approved	sbbic-khmer-wordlist	standard	no Chuon definition; legacy word
លើកល៉ះ	approved	sbbic-khmer-wordlist	standard	no Chuon definition; legacy word
លើកល៉ៈ	approved	sbbic-khmer-wordlist	standard	no Chuon definition; legacy word
លើកំពូល	approved	sbbic-khmer-wordlist	standard	no Chuon definition; legacy word
លើគោក	approved	sbbic-khmer-wordlist	standard	no Chuon definition; legacy word
លើសលួស	approved	sbbic-khmer-wordlist	standard	no Chuon definition; legacy word
លេខវិញ្ញ	approved	sbbic-khmer-wordlist	standard	no Chuon definition; legacy word
លេងអារក្ស	approved	sbbic-khmer-wordlist	standard	no Chuon definition; legacy word
លែក	approved	sbbic-khmer-wordlist	standard	no Chuon definition; legacy word
លែងខ្លួន	approved	sbbic-khmer-wordlist	standard	no Chuon definition; legacy word
លែងគោ	approved	sbbic-khmer-wordlist	standard	no Chuon definition; legacy word
លោកខែ	approved	sbbic-khmer-wordlist	standard	no Chuon definition; legacy word
លោកគ្រូ	approved	sbbic-khmer-wordlist	standard	no Chuon definition; legacy word
លោកតា	approved	sbbic-khmer-wordlist	standard	no Chuon definition; legacy word
លោកប្បវិត្ត	approved	sbbic-khmer-wordlist	standard	no Chuon definition; legacy word
លោកពូ	approved	sbbic-khmer-wordlist	standard	no Chuon definition; legacy word
លោកមា	approved	sbbic-khmer-wordlist	standard	no Chuon definition; legacy word
លោកសម្ពន្ធ	approved	sbbic-khmer-wordlist	standard	no Chuon definition; legacy word
លោកុត្តរា	approved	sbbic-khmer-wordlist	standard	no Chuon definition; legacy word
លោច	approved	sbbic-khmer-wordlist	standard	no Chuon definition; legacy word
លោជា	approved	sbbic-khmer-wordlist	standard	no Chuon definition; legacy word
លោតឆ្ដោលោតក្រមាល	approved	sbbic-khmer-wordlist	standard	no Chuon definition; legacy word
លោហអាល់កាឡាំង	approved	sbbic-khmer-wordlist	standard	no Chuon definition; legacy word
លោហា	approved	sbbic-khmer-wordlist	standard	no Chuon definition; legacy word
លោហិតុ៑ប្បាទ	approved	sbbic-khmer-wordlist	standard	no Chuon definition; legacy word
លោះតួ	approved	sbbic-khmer-wordlist	standard	no Chuon definition; legacy word
លំងក	approved	sbbic-khmer-wordlist	standard	no Chuon definition; legacy word
លំងាក	approved	sbbic-khmer-wordlist	standard	no Chuon definition; legacy word
លំញំង	approved	sbbic-khmer-wordlist	standard	no Chuon definition; legacy word
លំហែចិត្ត	approved	sbbic-khmer-wordlist	standard	no Chuon definition; legacy word
លំហែលំហើយ	approved	sbbic-khmer-wordlist	standard	no Chuon definition; legacy word
លំហោស	approved	sbbic-khmer-wordlist	standard	no Chuon definition; legacy word
លំអាន	approved	sbbic-khmer-wordlist	standard	no Chuon definition; legacy word
លំអុតលំអោន	approved	sbbic-khmer-wordlist	standard	no Chuon definition; legacy word
លំអៀ	approved	sbbic-khmer-wordlist	standard	no Chuon definition; legacy word
លំអោត	approved	sbbic-khmer-wordlist	standard	no Chuon definition; legacy word
លំអោន	approved	sbbic-khmer-wordlist	standard	no Chuon definition; legacy word
លះលោក	approved	sbbic-khmer-wordlist	standard	no Chuon definition; legacy word
ល្បើស	approved	sbbic-khmer-wordlist	standard	no Chuon definition; legacy word
ល្បោម	approved	sbbic-khmer-wordlist	standard	no Chuon definition; legacy word
ល្មន់	approved	sbbic-khmer-wordlist	standard	no Chuon definition; legacy word
ល្មើយ	approved	sbbic-khmer-wordlist	standard	no Chuon definition; legacy word
ល្មោក	approved	sbbic-khmer-wordlist	standard	no Chuon definition; legacy word
ល្វីន	approved	sbbic-khmer-wordlist	standard	no Chuon definition; legacy word
ល្វេង	approved	sbbic-khmer-wordlist	standard	no Chuon definition; legacy word
ល្វែក	approved	sbbic-khmer-wordlist	standard	no Chuon definition; legacy word
ល្ហង់	approved	sbbic-khmer-wordlist	standard	no Chuon definition; legacy word
ល្ហាច់	approved	sbbic-khmer-wordlist	standard	no Chuon definition; legacy word
ល្ហិត	approved	sbbic-khmer-wordlist	standard	no Chuon definition; legacy word
ល្ហូត	approved	sbbic-khmer-wordlist	standard	no Chuon definition; legacy word
ល្ហៀក	approved	sbbic-khmer-wordlist	standard	no Chuon definition; legacy word
ល្ហោក	approved	sbbic-khmer-wordlist	standard	no Chuon definition; legacy word
ល្អុត	approved	sbbic-khmer-wordlist	standard	no Chuon definition; legacy word
ល្អូកល្អើន	approved	sbbic-khmer-wordlist	standard	no Chuon definition; legacy word
ល្អៀក	approved	sbbic-khmer-wordlist	standard	no Chuon definition; legacy word
ល្អែង	approved	sbbic-khmer-wordlist	standard	no Chuon definition; legacy word
ល្អះក	approved	sbbic-khmer-wordlist	standard	no Chuon definition; legacy word
វង្វាន់	approved	chuon-nath-1967	standard	no matching RAC definition; legacy word
វចន	approved	sbbic-khmer-wordlist	standard	no Chuon definition; legacy word
វចនការក	approved	sbbic-khmer-wordlist	standard	no Chuon definition; legacy word
វចនមូល	approved	sbbic-khmer-wordlist	standard	no Chuon definition; legacy word
វចនា	approved	sbbic-khmer-wordlist	standard	no Chuon definition; legacy word
វញ្ញត្តិ	approved	sbbic-khmer-wordlist	standard	no Chuon definition; legacy word
វណ	approved	sbbic-khmer-wordlist	standard	no Chuon definition; legacy word
វណ្ឌកោះ	approved	sbbic-khmer-wordlist	standard	no Chuon definition; legacy word
វណ្ណយុត្តិ	approved	sbbic-khmer-wordlist	standard	no Chuon definition; legacy word
វត្តប្រតិបត្ត	approved	sbbic-khmer-wordlist	standard	no Chuon definition; legacy word
វត្តិ	approved	sbbic-khmer-wordlist	standard	no Chuon definition; legacy word
វត្តិកម្ម	approved	sbbic-khmer-wordlist	standard	no Chuon definition; legacy word
វត្តិភាព	approved	sbbic-khmer-wordlist	standard	no Chuon definition; legacy word
វត្ថា	approved	sbbic-khmer-wordlist	standard	no Chuon definition; legacy word
វនា	approved	sbbic-khmer-wordlist	standard	no Chuon definition; legacy word
វយបត្ត	approved	sbbic-khmer-wordlist	standard	no Chuon definition; legacy word
វរញ្ញ	approved	sbbic-khmer-wordlist	standard	no Chuon definition; legacy word
វរិ	approved	sbbic-khmer-wordlist	standard	no Chuon definition; legacy word
វរោ	approved	sbbic-khmer-wordlist	standard	no Chuon definition; legacy word
វសន្តតិលកា	approved	sbbic-khmer-wordlist	standard	no Chuon definition; legacy word
វសលិ	approved	sbbic-khmer-wordlist	standard	no Chuon definition; legacy word
វសិកា	approved	sbbic-khmer-wordlist	standard	no Chuon definition; legacy word
វស្ស	approved	sbbic-khmer-wordlist	standard	no Chuon definition; legacy word
វាក	approved	sbbic-khmer-wordlist	standard	no Chuon definition; legacy word
វាក់ផ្លូវ	approved	sbbic-khmer-wordlist	standard	no Chuon definition; legacy word
វាក់វិន	approved	sbbic-khmer-wordlist	standard	no Chuon definition; legacy word
វាក្យា	approved	sbbic-khmer-wordlist	standard	no Chuon definition; legacy word
វាតា	approved	sbbic-khmer-wordlist	standard	no Chuon definition; legacy word
វានេះ	approved	sbbic-khmer-wordlist	standard	no Chuon definition; legacy word
វាយតប	approved	sbbic-khmer-wordlist	standard	no Chuon definition; legacy word
វាយនភ័ណ្ឌ	approved	sbbic-khmer-wordlist	standard	no Chuon definition; legacy word
វារិជោត	approved	sbbic-khmer-wordlist	standard	no Chuon definition; legacy word
វាលពស្តរ	approved	sbbic-khmer-wordlist	standard	no Chuon definition; legacy word
វាលភ្នំ	approved	sbbic-khmer-wordlist	standard	no Chuon definition; legacy word
វាលវង់់	approved	sbbic-khmer-wordlist	standard	no Chuon definition; legacy word
វាលវែង	approved	sbbic-khmer-wordlist	standard	no Chuon definition; legacy word
វាល្មិកៈ	approved	sbbic-khmer-wordlist	standard	no Chuon definition; legacy word
វាសវង់	approved	sbbic-khmer-wordlist	standard	no Chuon definition; legacy word
វាស់សម្ដី	approved	sbbic-khmer-wordlist	standard	no Chuon definition; legacy word
វិការៈ	approved	unknown	standard	no Chuon definition; legacy word
វិក្រិតការ	approved	sbbic-khmer-wordlist	standard	no Chuon definition; legacy word
វិចក្ខណា	approved	sbbic-khmer-wordlist	standard	no Chuon definition; legacy word
វិចក្ខណោ	approved	sbbic-khmer-wordlist	standard	no Chuon definition; legacy word
វិចារណា	approved	sbbic-khmer-wordlist	standard	no Chuon definition; legacy word
វិចារណៈ	approved	sbbic-khmer-wordlist	standard	no Chuon definition; legacy word
វិចិត្រសិល្ប	approved	sbbic-khmer-wordlist	standard	no Chuon definition; legacy word
វិច្ឆាយវណ្ណៈ	approved	sbbic-khmer-wordlist	standard	no Chuon definition; legacy word
វិជាតា	approved	sbbic-khmer-wordlist	standard	no Chuon definition; legacy word
វិជ្ជធរី	approved	sbbic-khmer-wordlist	standard	no Chuon definition; legacy word
វិជ្ជាមទា	approved	sbbic-khmer-wordlist	standard	no Chuon definition; legacy word
វិជ្ជាមទោ	approved	sbbic-khmer-wordlist	standard	no Chuon definition; legacy word
វិជ្ជាសាស្ត្រ	approved	sbbic-khmer-wordlist	standard	no Chuon definition; legacy word
វិញ្ញជន	approved	sbbic-khmer-wordlist	standard	no Chuon definition; legacy word
វិញ្ញាប័ន	approved	sbbic-khmer-wordlist	standard	no Chuon definition; legacy word
វិតក្កម	approved	sbbic-khmer-wordlist	standard	no Chuon definition; legacy word
វិថិសិង្ឃាដក	approved	sbbic-khmer-wordlist	standard	no Chuon definition; legacy word
វិទ្យាគរុ	approved	sbbic-khmer-wordlist	standard	no Chuon definition; legacy word
វិទ្យាទាយិកា	approved	sbbic-khmer-wordlist	standard	no Chuon definition; legacy word
វិទ្យុសាស្ត្រ	approved	sbbic-khmer-wordlist	standard	no Chuon definition; legacy word
វិនយធម្ម	approved	sbbic-khmer-wordlist	standard	no Chuon definition; legacy word
វិន័យបិដក	approved	sbbic-khmer-wordlist	standard	no Chuon definition; legacy word
វិន័យវាទិនី	approved	sbbic-khmer-wordlist	standard	no Chuon definition; legacy word
វិប	approved	sbbic-khmer-wordlist	standard	no Chuon definition; legacy word
វិបស្សនាធរៈ	approved	sbbic-khmer-wordlist	standard	no Chuon definition; legacy word
វិភាគី	approved	sbbic-khmer-wordlist	standard	no Chuon definition; legacy word
វិមង្សា	approved	sbbic-khmer-wordlist	standard	no Chuon definition; legacy word
វិមំសា	approved	sbbic-khmer-wordlist	standard	no Chuon definition; legacy word
វិរូបា	approved	sbbic-khmer-wordlist	standard	no Chuon definition; legacy word
វិលវឺង	approved	sbbic-khmer-wordlist	standard	no Chuon definition; legacy word
វិលោភនការ	approved	sbbic-khmer-wordlist	standard	no Chuon definition; legacy word
វិលោភនាការណ៍	approved	sbbic-khmer-wordlist	standard	no Chuon definition; legacy word
វិវាទាបុន្ន	approved	sbbic-khmer-wordlist	standard	no Chuon definition; legacy word
វិវេកី	approved	sbbic-khmer-wordlist	standard	no Chuon definition; legacy word
វិសទ្ធិមគ្គ	approved	sbbic-khmer-wordlist	standard	no Chuon definition; legacy word
វិសមតា	approved	sbbic-khmer-wordlist	standard	no Chuon definition; legacy word
វិសម្បបមាណ	approved	sbbic-khmer-wordlist	standard	no Chuon definition; legacy word
វិសាលគ្រិះ	approved	sbbic-khmer-wordlist	standard	no Chuon definition; legacy word
វិសុទ្ធិកម្ម	approved	sbbic-khmer-wordlist	standard	no Chuon definition; legacy word
វិស្សុកម្ម	approved	sbbic-khmer-wordlist	standard	no Chuon definition; legacy word
វិឡា	approved	sbbic-khmer-wordlist	standard	no Chuon definition; legacy word
វិះតែ	approved	sbbic-khmer-wordlist	standard	no Chuon definition; legacy word
វីតក្កម	approved	sbbic-khmer-wordlist	standard	no Chuon definition; legacy word
វីតរាគ	approved	sbbic-khmer-wordlist	standard	no Chuon definition; legacy word
វីន្ទ	approved	sbbic-khmer-wordlist	standard	no Chuon definition; legacy word
វីយោឡុង	approved	sbbic-khmer-wordlist	standard	no Chuon definition; legacy word
វីយ៉ូឡុង	approved	sbbic-khmer-wordlist	standard	no Chuon definition; legacy word
វីរិយា	approved	sbbic-khmer-wordlist	standard	no Chuon definition; legacy word
វីរិយំ	approved	sbbic-khmer-wordlist	standard	no Chuon definition; legacy word
វុឌ្ឍិធម័	approved	sbbic-khmer-wordlist	standard	no Chuon definition; legacy word
វុត្តនុក្រម	approved	sbbic-khmer-wordlist	standard	no Chuon definition; legacy word
វើយ	approved	sbbic-khmer-wordlist	standard	no Chuon definition; legacy word
វៀតម៉ិញ	approved	sbbic-khmer-wordlist	standard	no Chuon definition; legacy word
វៀរទាន	approved	sbbic-khmer-wordlist	standard	no Chuon definition; legacy word
វេចចិត្ត	approved	sbbic-khmer-wordlist	standard	no Chuon definition; legacy word
វេតូ	approved	sbbic-khmer-wordlist	standard	no Chuon definition; legacy word
វេរិ	approved	sbbic-khmer-wordlist	standard	no Chuon definition; legacy word
វេរីបុគ្គល	approved	sbbic-khmer-wordlist	standard	no Chuon definition; legacy word
វេរ៉ង់ដា	approved	sbbic-khmer-wordlist	standard	no Chuon definition; legacy word
វេល	approved	sbbic-khmer-wordlist	standard	no Chuon definition; legacy word
វេឡុ	approved	sbbic-khmer-wordlist	standard	no Chuon definition; legacy word
វែងវង់	approved	sbbic-khmer-wordlist	standard	no Chuon definition; legacy word
វៃស្យ	approved	sbbic-khmer-wordlist	standard	no Chuon definition; legacy word
វ៉ក	approved	sbbic-khmer-wordlist	standard	no Chuon definition; legacy word
វ៉ល់វ៉ក់	approved	sbbic-khmer-wordlist	standard	no Chuon definition; legacy word
វ៉ាត់	approved	unknown	standard	no Chuon definition; legacy word
វ៉ារិន	approved	sbbic-khmer-wordlist	standard	no Chuon definition; legacy word
វ៉ារ៉ូ	approved	sbbic-khmer-wordlist	standard	no Chuon definition; legacy word
វ៉ារ្យង់	approved	sbbic-khmer-wordlist	standard	no Chuon definition; legacy word
វ៉ាលីស៍	approved	sbbic-khmer-wordlist	standard	no Chuon definition; legacy word
វ៉ាសាវ	approved	sbbic-khmer-wordlist	standard	no Chuon definition; legacy word
វ៉ាសូវី	approved	unknown	standard	no Chuon definition; legacy word
វ៉ឺនសៃ	approved	sbbic-khmer-wordlist	standard	no Chuon definition; legacy word
វ៉ើយ	approved	sbbic-khmer-wordlist	standard	no Chuon definition; legacy word
វ័ណ្ឌមណ្ឌល	approved	sbbic-khmer-wordlist	standard	no Chuon definition; legacy word
សកលភាវូបនីយកម្ម	approved	sbbic-khmer-wordlist	standard	no Chuon definition; legacy word
សកលវិជ្ជា	approved	sbbic-khmer-wordlist	standard	no Chuon definition; legacy word
សកលវិទ្យា	approved	sbbic-khmer-wordlist	standard	no Chuon definition; legacy word
សកេរ្ត	approved	sbbic-khmer-wordlist	standard	no Chuon definition; legacy word
សក់ស	approved	sbbic-khmer-wordlist	standard	no Chuon definition; legacy word
សក់អ៊ុត	approved	sbbic-khmer-wordlist	standard	no Chuon definition; legacy word
សក្ដាតេជៈ	approved	sbbic-khmer-wordlist	standard	no Chuon definition; legacy word
សក្ដិសម	approved	sbbic-khmer-wordlist	standard	no Chuon definition; legacy word
សក្ដិសិទ្ធិ	approved	sbbic-khmer-wordlist	standard	no Chuon definition; legacy word
សក្យបុត្រីយ៍	approved	sbbic-khmer-wordlist	standard	no Chuon definition; legacy word
សគ្គវាសិនី	approved	sbbic-khmer-wordlist	standard	no Chuon definition; legacy word
សងសារ	approved	sbbic-khmer-wordlist	standard	no Chuon definition; legacy word
សងសូរ	approved	sbbic-khmer-wordlist	standard	no Chuon definition; legacy word
សងហៀ	approved	sbbic-khmer-wordlist	standard	no Chuon definition; legacy word
សង់ត្រូម៊ែរ	approved	sbbic-khmer-wordlist	standard	no Chuon definition; legacy word
សង់រោង	approved	sbbic-khmer-wordlist	standard	no Chuon definition; legacy word
សង្កើ	approved	sbbic-khmer-wordlist	standard	no Chuon definition; legacy word
សង្ខាង	approved	sbbic-khmer-wordlist	standard	no Chuon definition; legacy word
សង្ខាៈ	approved	sbbic-khmer-wordlist	standard	no Chuon definition; legacy word
សង្ខើញ	approved	sbbic-khmer-wordlist	standard	no Chuon definition; legacy word
សង្គតភាព	approved	sbbic-khmer-wordlist	standard	no Chuon definition; legacy word
សង្គមិយភាព	approved	sbbic-khmer-wordlist	standard	no Chuon definition; legacy word
សង្គិតិប្រវត្តិ	approved	sbbic-khmer-wordlist	standard	no Chuon definition; legacy word
សង្ឃុ	approved	sbbic-khmer-wordlist	standard	no Chuon definition; legacy word
សង្ឃុដ្ឋស័ព្ទ	approved	sbbic-khmer-wordlist	standard	no Chuon definition; legacy word
សង្ឃេរតនៈ	approved	sbbic-khmer-wordlist	standard	no Chuon definition; legacy word
សង្ឃ័ដ	approved	sbbic-khmer-wordlist	standard	no Chuon definition; legacy word
សង្ឃ័ដកម្ម	approved	sbbic-khmer-wordlist	standard	no Chuon definition; legacy word
សង្វិលវិល	approved	sbbic-khmer-wordlist	standard	no Chuon definition; legacy word
សង្វើយ	approved	sbbic-khmer-wordlist	standard	no Chuon definition; legacy word
សង្ហារឹមវត្ថុ	approved	sbbic-khmer-wordlist	standard	no Chuon definition; legacy word
សច្ចធារណ៍	approved	sbbic-khmer-wordlist	standard	no Chuon definition; legacy word
សជាត	approved	sbbic-khmer-wordlist	standard	no Chuon definition; legacy word
សជីវកម្ម	approved	sbbic-khmer-wordlist	standard	no Chuon definition; legacy word
សជ្ជកម្ម	approved	sbbic-khmer-wordlist	standard	no Chuon definition; legacy word
សជ្ជភាព	approved	sbbic-khmer-wordlist	standard	no Chuon definition; legacy word
សញ្ចរកម្ម	approved	sbbic-khmer-wordlist	standard	no Chuon definition; legacy word
សញ្ជក់	approved	sbbic-khmer-wordlist	standard	no Chuon definition; legacy word
សញ្ជនសត្វ	approved	sbbic-khmer-wordlist	standard	no Chuon definition; legacy word
សញ្ជាប់	approved	sbbic-khmer-wordlist	standard	no Chuon definition; legacy word
សញ្ជិប	approved	sbbic-khmer-wordlist	standard	no Chuon definition; legacy word
សញ្ជួយ	approved	sbbic-khmer-wordlist	standard	no Chuon definition; legacy word
សញ្ញាប័ណ្ណ	approved	sbbic-khmer-wordlist	standard	no Chuon definition; legacy word
សណ្ដកដៃ	approved	sbbic-khmer-wordlist	standard	no Chuon definition; legacy word
សណ្ដឹង	approved	sbbic-khmer-wordlist	standard	no Chuon definition; legacy word
សណ្ដើង	approved	sbbic-khmer-wordlist	standard	no Chuon definition; legacy word
សណ្តកដៃ	approved	sbbic-khmer-wordlist	standard	no Chuon definition; legacy word
សតម្ភូ	approved	sbbic-khmer-wordlist	standard	no Chuon definition; legacy word
សតវារ	approved	sbbic-khmer-wordlist	standard	no Chuon definition; legacy word
សតិការ	approved	sbbic-khmer-wordlist	standard	no Chuon definition; legacy word
សតិកិច្ឆភាព	approved	sbbic-khmer-wordlist	standard	no Chuon definition; legacy word
សតេកិច្ចា	approved	sbbic-khmer-wordlist	standard	no Chuon definition; legacy word
សត្តបរិភ័ណ្ឌ	approved	sbbic-khmer-wordlist	standard	no Chuon definition; legacy word
សត្តហៈ	approved	sbbic-khmer-wordlist	standard	no Chuon definition; legacy word
សត្តា	approved	sbbic-khmer-wordlist	standard	no Chuon definition; legacy word
សត្តិ	approved	sbbic-khmer-wordlist	standard	no Chuon definition; legacy word
សត្បា	approved	sbbic-khmer-wordlist	standard	no Chuon definition; legacy word
សត្យានុម័តិ	approved	sbbic-khmer-wordlist	standard	no Chuon definition; legacy word
សត្វតេះ	approved	sbbic-khmer-wordlist	standard	no Chuon definition; legacy word
សទា	approved	sbbic-khmer-wordlist	standard	no Chuon definition; legacy word
សទារ	approved	sbbic-khmer-wordlist	standard	no Chuon definition; legacy word
សទិន្នវត្ថុ	approved	sbbic-khmer-wordlist	standard	no Chuon definition; legacy word
សទ្ទាវិសេស	approved	sbbic-khmer-wordlist	standard	no Chuon definition; legacy word
សទ្ធាទាន	approved	sbbic-khmer-wordlist	standard	no Chuon definition; legacy word
សទ្ធិបុរិមា	approved	sbbic-khmer-wordlist	standard	no Chuon definition; legacy word
សទ្ធីស្វរៈ	approved	sbbic-khmer-wordlist	standard	no Chuon definition; legacy word
សទ្ធឹ	approved	sbbic-khmer-wordlist	standard	no Chuon definition; legacy word
សទ្ធឹវិហារិក	approved	sbbic-khmer-wordlist	standard	no Chuon definition; legacy word
សនិទានីយភាព	approved	sbbic-khmer-wordlist	standard	no Chuon definition; legacy word
សន្ត	approved	sbbic-khmer-wordlist	standard	no Chuon definition; legacy word
សន្តភាព	approved	sbbic-khmer-wordlist	standard	no Chuon definition; legacy word
សន្តី	approved	sbbic-khmer-wordlist	standard	no Chuon definition; legacy word
សន្តៈ	approved	sbbic-khmer-wordlist	standard	no Chuon definition; legacy word
សន្ថិត	approved	sbbic-khmer-wordlist	standard	no Chuon definition; legacy word
សន្ទដ្ឋិកៈ	approved	sbbic-khmer-wordlist	standard	no Chuon definition; legacy word
សន្ទរកថា	approved	sbbic-khmer-wordlist	standard	no Chuon definition; legacy word
សន្ទរោវាទ	approved	sbbic-khmer-wordlist	standard	no Chuon definition; legacy word
សន្ទុក	approved	sbbic-khmer-wordlist	standard	no Chuon definition; legacy word
សន្ទ្រែ	approved	sbbic-khmer-wordlist	standard	no Chuon definition; legacy word
សន្ធាៈប្រកាស	approved	sbbic-khmer-wordlist	standard	no Chuon definition; legacy word
សន្ធិបាត	approved	sbbic-khmer-wordlist	standard	no Chuon definition; legacy word
សន្ធូ	approved	sbbic-khmer-wordlist	standard	no Chuon definition; legacy word
សន្និសីទសារព៌តមាន	approved	sbbic-khmer-wordlist	standard	no Chuon definition; legacy word
សន្ែស	approved	sbbic-khmer-wordlist	standard	no Chuon definition; legacy word
សបវាទិនី	approved	sbbic-khmer-wordlist	standard	no Chuon definition; legacy word
សប្បសត្វ	approved	sbbic-khmer-wordlist	standard	no Chuon definition; legacy word
សប្បុរសធម៌	approved	sbbic-khmer-wordlist	standard	no Chuon definition; legacy word
សព្ទ័	approved	sbbic-khmer-wordlist	standard	no Chuon definition; legacy word
សព្វនី	approved	sbbic-khmer-wordlist	standard	no Chuon definition; legacy word
សព្វវចនា	approved	sbbic-khmer-wordlist	standard	no Chuon definition; legacy word
សភាគា	approved	sbbic-khmer-wordlist	standard	no Chuon definition; legacy word
សភាគ្រឹះ	approved	sbbic-khmer-wordlist	standard	no Chuon definition; legacy word
សភាធិបតា	approved	sbbic-khmer-wordlist	standard	no Chuon definition; legacy word
សមញ្ញប័ដ	approved	sbbic-khmer-wordlist	standard	no Chuon definition; legacy word
សមណគារវះ	approved	sbbic-khmer-wordlist	standard	no Chuon definition; legacy word
សមតេជៈ	approved	sbbic-khmer-wordlist	standard	no Chuon definition; legacy word
សមត្ត	approved	sbbic-khmer-wordlist	standard	no Chuon definition; legacy word
សមថយានិកា	approved	sbbic-khmer-wordlist	standard	no Chuon definition; legacy word
សមនឹង	approved	sbbic-khmer-wordlist	standard	no Chuon definition; legacy word
សមន្តរាជ	approved	sbbic-khmer-wordlist	standard	no Chuon definition; legacy word
សមមុខ	approved	sbbic-khmer-wordlist	standard	no Chuon definition; legacy word
សមាជាតិ	approved	sbbic-khmer-wordlist	standard	no Chuon definition; legacy word
សមាភាគ	approved	sbbic-khmer-wordlist	standard	no Chuon definition; legacy word
សមិការ	approved	sbbic-khmer-wordlist	standard	no Chuon definition; legacy word
សមិទ្ធក្រិត្យ	approved	sbbic-khmer-wordlist	standard	no Chuon definition; legacy word
សមិទ្ធិកម្ម	approved	sbbic-khmer-wordlist	standard	no Chuon definition; legacy word
សមិទ្ធិករ	approved	sbbic-khmer-wordlist	standard	no Chuon definition; legacy word
សមុច្ឆេទវិរតី	approved	sbbic-khmer-wordlist	standard	no Chuon definition; legacy word
សមុជ្ជលាភាស	approved	sbbic-khmer-wordlist	standard	no Chuon definition; legacy word
សមុទ្ទកាន្ដារ	approved	sbbic-khmer-wordlist	standard	no Chuon definition; legacy word
សមេសនា	approved	sbbic-khmer-wordlist	standard	no Chuon definition; legacy word
សមេសី	approved	sbbic-khmer-wordlist	standard	no Chuon definition; legacy word
សម័យនាយម	approved	sbbic-khmer-wordlist	standard	no Chuon definition; legacy word
សម្ងួត	approved	sbbic-khmer-wordlist	standard	no Chuon definition; legacy word
សម្ដីលះ	approved	sbbic-khmer-wordlist	standard	no Chuon definition; legacy word
សម្បកកាត	approved	sbbic-khmer-wordlist	standard	no Chuon definition; legacy word
សម្បត្តិសម្បូណ៍	approved	sbbic-khmer-wordlist	standard	no Chuon definition; legacy word
សម្បុរសំបក	approved	sbbic-khmer-wordlist	standard	no Chuon definition; legacy word
សម្ពន្ធវិទ្យា	approved	sbbic-khmer-wordlist	standard	no Chuon definition; legacy word
សម្ពាធបរិយោកាស	approved	sbbic-khmer-wordlist	standard	no Chuon definition; legacy word
សម្ពាធា	approved	sbbic-khmer-wordlist	standard	no Chuon definition; legacy word
សម្ពុល	approved	sbbic-khmer-wordlist	standard	no Chuon definition; legacy word
សម្ព័ន្ធជាតិ	approved	sbbic-khmer-wordlist	standard	no Chuon definition; legacy word
សម្ព័ន្ធពង្ស	approved	sbbic-khmer-wordlist	standard	no Chuon definition; legacy word
សម្ព័ន្ធភាព	approved	sbbic-khmer-wordlist	standard	no Chuon definition; legacy word
សម្ព័ន្ធមិត្ត	approved	sbbic-khmer-wordlist	standard	no Chuon definition; legacy word
សម្ព័ន្ធមេត្រី	approved	sbbic-khmer-wordlist	standard	no Chuon definition; legacy word
សម្ភេវសី	approved	sbbic-khmer-wordlist	standard	no Chuon definition; legacy word
សម្មាសង្កប្បៈ	approved	sbbic-khmer-wordlist	standard	no Chuon definition; legacy word
សម្រាលទោស	approved	sbbic-khmer-wordlist	standard	no Chuon definition; legacy word
សម្រីង	approved	sbbic-khmer-wordlist	standard	no Chuon definition; legacy word
សម្រួចចិត្ត	approved	sbbic-khmer-wordlist	standard	no Chuon definition; legacy word
សម្លក់សំខាន់	approved	sbbic-khmer-wordlist	standard	no Chuon definition; legacy word
សយន	approved	sbbic-khmer-wordlist	standard	no Chuon definition; legacy word
សយនោ	approved	sbbic-khmer-wordlist	standard	no Chuon definition; legacy word
សរណ	approved	sbbic-khmer-wordlist	standard	no Chuon definition; legacy word
សរភូ	approved	sbbic-khmer-wordlist	standard	no Chuon definition; legacy word
សរល	approved	sbbic-khmer-wordlist	standard	no Chuon definition; legacy word
សរសៀរ	approved	sbbic-khmer-wordlist	standard	no Chuon definition; legacy word
សរីរពណ៌	approved	sbbic-khmer-wordlist	standard	no Chuon definition; legacy word
សរីសបសត្ត	approved	sbbic-khmer-wordlist	standard	no Chuon definition; legacy word
សរុបថ	approved	sbbic-khmer-wordlist	standard	no Chuon definition; legacy word
សរុបន័យ	approved	sbbic-khmer-wordlist	standard	no Chuon definition; legacy word
សរេសរ	approved	sbbic-khmer-wordlist	standard	no Chuon definition; legacy word
សលាដុ	approved	sbbic-khmer-wordlist	standard	no Chuon definition; legacy word
សល្យ	approved	sbbic-khmer-wordlist	standard	no Chuon definition; legacy word
សវន	approved	sbbic-khmer-wordlist	standard	no Chuon definition; legacy word
សវនា	approved	sbbic-khmer-wordlist	standard	no Chuon definition; legacy word
សវនូ	approved	sbbic-khmer-wordlist	standard	no Chuon definition; legacy word
សវិញ្ញាណក	approved	sbbic-khmer-wordlist	standard	no Chuon definition; legacy word
សសរកី	approved	sbbic-khmer-wordlist	standard	no Chuon definition; legacy word
សសាត់	approved	sbbic-khmer-wordlist	standard	no Chuon definition; legacy word
សសាប់	approved	sbbic-khmer-wordlist	standard	no Chuon definition; legacy word
សសុស	approved	sbbic-khmer-wordlist	standard	no Chuon definition; legacy word
សសួរ	approved	sbbic-khmer-wordlist	standard	no Chuon definition; legacy word
សសើរ	approved	sbbic-khmer-wordlist	standard	no Chuon definition; legacy word
សសៀត	approved	sbbic-khmer-wordlist	standard	no Chuon definition; legacy word
សស្រក់	approved	sbbic-khmer-wordlist	standard	no Chuon definition; legacy word
សស្រញ់	approved	sbbic-khmer-wordlist	standard	no Chuon definition; legacy word
សស្រិកសស្រាក់	approved	sbbic-khmer-wordlist	standard	no Chuon definition; legacy word
សស្រេកសស្រាក់	approved	sbbic-khmer-wordlist	standard	no Chuon definition; legacy word
សស្រេកសស្រោក	approved	sbbic-khmer-wordlist	standard	no Chuon definition; legacy word
សស្រោកសស្រាក់	approved	sbbic-khmer-wordlist	standard	no Chuon definition; legacy word
សហការីនី	approved	sbbic-khmer-wordlist	standard	no Chuon definition; legacy word
សហា	approved	sbbic-khmer-wordlist	standard	no Chuon definition; legacy word
សហាយស្មនៈ	approved	sbbic-khmer-wordlist	standard	no Chuon definition; legacy word
សហាវ	approved	sbbic-khmer-wordlist	standard	no Chuon definition; legacy word
សាការី	approved	sbbic-khmer-wordlist	standard	no Chuon definition; legacy word
សាក្យសិង្ហៈ	approved	sbbic-khmer-wordlist	standard	no Chuon definition; legacy word
សាក្ស	approved	sbbic-khmer-wordlist	standard	no Chuon definition; legacy word
សាខាសោ	approved	sbbic-khmer-wordlist	standard	no Chuon definition; legacy word
សាដន	approved	sbbic-khmer-wordlist	standard	no Chuon definition; legacy word
សាណា	approved	sbbic-khmer-wordlist	standard	no Chuon definition; legacy word
សាទិក្ខ	approved	sbbic-khmer-wordlist	standard	no Chuon definition; legacy word
សាធន	approved	sbbic-khmer-wordlist	standard	no Chuon definition; legacy word
សាធនីយ	approved	sbbic-khmer-wordlist	standard	no Chuon definition; legacy word
សាធារណ	approved	sbbic-khmer-wordlist	standard	no Chuon definition; legacy word
សាធុព្រឹត្ត	approved	sbbic-khmer-wordlist	standard	no Chuon definition; legacy word
សាន់វ៉័ណ្ដ	approved	sbbic-khmer-wordlist	standard	no Chuon definition; legacy word
សាន់វ៉័ណ្ឌ	approved	sbbic-khmer-wordlist	standard	no Chuon definition; legacy word
សាបាប់	approved	sbbic-khmer-wordlist	standard	no Chuon definition; legacy word
សាបៈ	approved	sbbic-khmer-wordlist	standard	no Chuon definition; legacy word
សាប្រូភីត	approved	sbbic-khmer-wordlist	standard	no Chuon definition; legacy word
សាមញ្ញប្បដិបត្ត	approved	sbbic-khmer-wordlist	standard	no Chuon definition; legacy word
សាមណោគ្រូ	approved	sbbic-khmer-wordlist	standard	no Chuon definition; legacy word
សាមយិកបត្រ	approved	sbbic-khmer-wordlist	standard	no Chuon definition; legacy word
សាមយិកភាព	approved	sbbic-khmer-wordlist	standard	no Chuon definition; legacy word
សាមាយិកភណ្ឌ	approved	sbbic-khmer-wordlist	standard	no Chuon definition; legacy word
សាមាយិកវត្ថុ	approved	sbbic-khmer-wordlist	standard	no Chuon definition; legacy word
សាមីកា	approved	sbbic-khmer-wordlist	standard	no Chuon definition; legacy word
សាមីបរិវត្តន៍	approved	sbbic-khmer-wordlist	standard	no Chuon definition; legacy word
សាមីភ័ក្ដ	approved	sbbic-khmer-wordlist	standard	no Chuon definition; legacy word
សាម័រ	approved	sbbic-khmer-wordlist	standard	no Chuon definition; legacy word
សាយណ្ហ	approved	sbbic-khmer-wordlist	standard	no Chuon definition; legacy word
សាយ័ណ្ហសម័យ	approved	sbbic-khmer-wordlist	standard	no Chuon definition; legacy word
សាយ័ណ្ហាភិវាទ	approved	sbbic-khmer-wordlist	standard	no Chuon definition; legacy word
សារង្គ	approved	sbbic-khmer-wordlist	standard	no Chuon definition; legacy word
សារង្គសត្វ	approved	sbbic-khmer-wordlist	standard	no Chuon definition; legacy word
សារចរ	approved	sbbic-khmer-wordlist	standard	no Chuon definition; legacy word
សារណីកា	approved	sbbic-khmer-wordlist	standard	no Chuon definition; legacy word
សារព័នសព្ទ	approved	sbbic-khmer-wordlist	standard	no Chuon definition; legacy word
សារព្រះ	approved	sbbic-khmer-wordlist	standard	no Chuon definition; legacy word
សារស៍	approved	sbbic-khmer-wordlist	standard	no Chuon definition; legacy word
សារា	approved	sbbic-khmer-wordlist	standard	no Chuon definition; legacy word
សារ៉ាជីវ៉ូ	approved	sbbic-khmer-wordlist	standard	no Chuon definition; legacy word
សារ៉ូ	approved	sbbic-khmer-wordlist	standard	no Chuon definition; legacy word
សារ៉ែន	approved	sbbic-khmer-wordlist	standard	no Chuon definition; legacy word
សាលសន្និសិទ	approved	sbbic-khmer-wordlist	standard	no Chuon definition; legacy word
សាលឧទ្ធរណ៍	approved	sbbic-khmer-wordlist	standard	no Chuon definition; legacy word
សាលាខ័ណ្ឌ	approved	sbbic-khmer-wordlist	standard	no Chuon definition; legacy word
សាលាគណ	approved	sbbic-khmer-wordlist	standard	no Chuon definition; legacy word
សាលាដ៍	approved	sbbic-khmer-wordlist	standard	no Chuon definition; legacy word
សាសនក្រិត្យ	approved	sbbic-khmer-wordlist	standard	no Chuon definition; legacy word
សាសនវីទ	approved	sbbic-khmer-wordlist	standard	no Chuon definition; legacy word
សាសនូបត្ថម្ភកា	approved	sbbic-khmer-wordlist	standard	no Chuon definition; legacy word
សាស្ត្រាវុធ	approved	sbbic-khmer-wordlist	standard	no Chuon definition; legacy word
សាហុ	approved	sbbic-khmer-wordlist	standard	no Chuon definition; legacy word
សាឡង់	approved	sbbic-khmer-wordlist	standard	no Chuon definition; legacy word
សាឡាង	approved	sbbic-khmer-wordlist	standard	no Chuon definition; legacy word
សាឡី	approved	sbbic-khmer-wordlist	standard	no Chuon definition; legacy word
សាំញ៉ែ	approved	sbbic-khmer-wordlist	standard	no Chuon definition; legacy word
សិក្ខាកម្ម	approved	sbbic-khmer-wordlist	standard	no Chuon definition; legacy word
សិង្ខរ	approved	sbbic-khmer-wordlist	standard	no Chuon definition; legacy word
សិចិរង្សី	approved	sbbic-khmer-wordlist	standard	no Chuon definition; legacy word
សិតចៃ	approved	sbbic-khmer-wordlist	standard	no Chuon definition; legacy word
សិតតែ	approved	sbbic-khmer-wordlist	standard	no Chuon definition; legacy word
សិតទឹក	approved	sbbic-khmer-wordlist	standard	no Chuon definition; legacy word
សិតសក់	approved	sbbic-khmer-wordlist	standard	no Chuon definition; legacy word
សិតអន្ល៉េត	approved	sbbic-khmer-wordlist	standard	no Chuon definition; legacy word
សិតា	approved	sbbic-khmer-wordlist	standard	no Chuon definition; legacy word
សិត្បូ	approved	sbbic-khmer-wordlist	standard	no Chuon definition; legacy word
សិទ្ធា	approved	sbbic-khmer-wordlist	standard	no Chuon definition; legacy word
សិទ្ធិសួស្ដី	approved	sbbic-khmer-wordlist	standard	no Chuon definition; legacy word
សិទ្ធី	approved	sbbic-khmer-wordlist	standard	no Chuon definition; legacy word
សិន្ធៅវ៏	approved	sbbic-khmer-wordlist	standard	no Chuon definition; legacy word
សិប	approved	sbbic-khmer-wordlist	standard	no Chuon definition; legacy word
សិប្បយការ	approved	sbbic-khmer-wordlist	standard	no Chuon definition; legacy word
សិប្បវប្បកម្ម	approved	sbbic-khmer-wordlist	standard	no Chuon definition; legacy word
សិប្បវប្បករ	approved	sbbic-khmer-wordlist	standard	no Chuon definition; legacy word
សិប្បសត្វ	approved	sbbic-khmer-wordlist	standard	no Chuon definition; legacy word
សិប្បិសត្វ	approved	sbbic-khmer-wordlist	standard	no Chuon definition; legacy word
សិរតាន	approved	sbbic-khmer-wordlist	standard	no Chuon definition; legacy word
សិរទឹក	approved	sbbic-khmer-wordlist	standard	no Chuon definition; legacy word
សិរយោនី	approved	sbbic-khmer-wordlist	standard	no Chuon definition; legacy word
សិរីភទ្រ	approved	sbbic-khmer-wordlist	standard	no Chuon definition; legacy word
សិរីសបសត្ត	approved	sbbic-khmer-wordlist	standard	no Chuon definition; legacy word
សិរីសួស្ដី	approved	sbbic-khmer-wordlist	standard	no Chuon definition; legacy word
សិរោ	approved	sbbic-khmer-wordlist	standard	no Chuon definition; legacy word
សិល	approved	sbbic-khmer-wordlist	standard	no Chuon definition; legacy word
សិលសាស្ត្រ	approved	sbbic-khmer-wordlist	standard	no Chuon definition; legacy word
សិលាគំរូ	approved	sbbic-khmer-wordlist	standard	no Chuon definition; legacy word
សិលាចុណ្ណី	approved	sbbic-khmer-wordlist	standard	no Chuon definition; legacy word
សិលាម៉ាកម៉ា	approved	sbbic-khmer-wordlist	standard	no Chuon definition; legacy word
សិលាសាស្ត្រ	approved	sbbic-khmer-wordlist	standard	no Chuon definition; legacy word
សិល្បការី	approved	sbbic-khmer-wordlist	standard	no Chuon definition; legacy word
សិល្បវិជ្ជា	approved	sbbic-khmer-wordlist	standard	no Chuon definition; legacy word
សិវ	approved	sbbic-khmer-wordlist	standard	no Chuon definition; legacy word
សិវា	approved	sbbic-khmer-wordlist	standard	no Chuon definition; legacy word
សិស	approved	sbbic-khmer-wordlist	standard	no Chuon definition; legacy word
សិស្សរបស់	approved	sbbic-khmer-wordlist	standard	no Chuon definition; legacy word
សីង្ហលភាសា	approved	sbbic-khmer-wordlist	standard	no Chuon definition; legacy word
សីទាត់	approved	sbbic-khmer-wordlist	standard	no Chuon definition; legacy word
សីមាកិល	approved	sbbic-khmer-wordlist	standard	no Chuon definition; legacy word
សីលព្វត	approved	sbbic-khmer-wordlist	standard	no Chuon definition; legacy word
សីលព្វ័តបរាមាស	approved	sbbic-khmer-wordlist	standard	no Chuon definition; legacy word
សីលព្វ័តុបាទាន	approved	sbbic-khmer-wordlist	standard	no Chuon definition; legacy word
សីលវា	approved	sbbic-khmer-wordlist	standard	no Chuon definition; legacy word
សីលវិសុទ្ធ	approved	sbbic-khmer-wordlist	standard	no Chuon definition; legacy word
សីលា	approved	sbbic-khmer-wordlist	standard	no Chuon definition; legacy word
សីវាយ	approved	sbbic-khmer-wordlist	standard	no Chuon definition; legacy word
សីស	approved	sbbic-khmer-wordlist	standard	no Chuon definition; legacy word
សីហ	approved	sbbic-khmer-wordlist	standard	no Chuon definition; legacy word
សឹក្ខ	approved	sbbic-khmer-wordlist	standard	no Chuon definition; legacy word
សឹក្ខា	approved	sbbic-khmer-wordlist	standard	no Chuon definition; legacy word
សឹង្ហ	approved	sbbic-khmer-wordlist	standard	no Chuon definition; legacy word
សឺង	approved	sbbic-khmer-wordlist	standard	no Chuon definition; legacy word
សឺត	approved	sbbic-khmer-wordlist	standard	no Chuon definition; legacy word
សឺមិក	approved	sbbic-khmer-wordlist	standard	no Chuon definition; legacy word
សុក្រា	approved	sbbic-khmer-wordlist	standard	no Chuon definition; legacy word
សុខមាលភាព	approved	sbbic-khmer-wordlist	standard	no Chuon definition; legacy word
សុខវេទន៍	approved	sbbic-khmer-wordlist	standard	no Chuon definition; legacy word
សុខុមប្បញ្ញ	approved	sbbic-khmer-wordlist	standard	no Chuon definition; legacy word
សុគន្ធោ	approved	sbbic-khmer-wordlist	standard	no Chuon definition; legacy word
សុជ្ឈការិនី	approved	sbbic-khmer-wordlist	standard	no Chuon definition; legacy word
សុញ្ញកាស	approved	sbbic-khmer-wordlist	standard	no Chuon definition; legacy word
សុញ្ញា	approved	sbbic-khmer-wordlist	standard	no Chuon definition; legacy word
សុត្ត	approved	sbbic-khmer-wordlist	standard	no Chuon definition; legacy word
សុត្តភូតគាម	approved	sbbic-khmer-wordlist	standard	no Chuon definition; legacy word
សុទ្ធការ	approved	sbbic-khmer-wordlist	standard	no Chuon definition; legacy word
សុទ្ធមន្ត	approved	sbbic-khmer-wordlist	standard	no Chuon definition; legacy word
សុទ្ធសួន្យ	approved	sbbic-khmer-wordlist	standard	no Chuon definition; legacy word
សុទ្ធា	approved	sbbic-khmer-wordlist	standard	no Chuon definition; legacy word
សុទ្ធិកម្ម	approved	sbbic-khmer-wordlist	standard	no Chuon definition; legacy word
សុទ្ធោ	approved	sbbic-khmer-wordlist	standard	no Chuon definition; legacy word
សុន្ទរសូប	approved	sbbic-khmer-wordlist	standard	no Chuon definition; legacy word
សុន្ទរោ	approved	sbbic-khmer-wordlist	standard	no Chuon definition; legacy word
សុពច	approved	sbbic-khmer-wordlist	standard	no Chuon definition; legacy word
សុពណ៌បាទុក	approved	sbbic-khmer-wordlist	standard	no Chuon definition; legacy word
សុពល	approved	sbbic-khmer-wordlist	standard	no Chuon definition; legacy word
សុភលក្ខណ៍	approved	sbbic-khmer-wordlist	standard	no Chuon definition; legacy word
សុភាជន៍	approved	sbbic-khmer-wordlist	standard	no Chuon definition; legacy word
សុភាវៈ	approved	sbbic-khmer-wordlist	standard	no Chuon definition; legacy word
សុភាសិតោ	approved	sbbic-khmer-wordlist	standard	no Chuon definition; legacy word
សុម៉េៈ	approved	sbbic-khmer-wordlist	standard	no Chuon definition; legacy word
សុរាគា	approved	sbbic-khmer-wordlist	standard	no Chuon definition; legacy word
សុរាវ៉័ធ	approved	sbbic-khmer-wordlist	standard	no Chuon definition; legacy word
សុរិយតេជៈ	approved	sbbic-khmer-wordlist	standard	no Chuon definition; legacy word
សុរិយោ	approved	sbbic-khmer-wordlist	standard	no Chuon definition; legacy word
សុវណ្ណពណ៌	approved	sbbic-khmer-wordlist	standard	no Chuon definition; legacy word
សុសេយ្យា	approved	chuon-nath-1967	variant	definition match 1.00
សុាំកម្លាំង	approved	sbbic-khmer-wordlist	standard	no Chuon definition; legacy word
សុាំចិត្ត	approved	sbbic-khmer-wordlist	standard	no Chuon definition; legacy word
សុាំទាំ	approved	sbbic-khmer-wordlist	standard	no Chuon definition; legacy word
សុាំសាច់	approved	sbbic-khmer-wordlist	standard	no Chuon definition; legacy word
សុាំស៊ន	approved	sbbic-khmer-wordlist	standard	no Chuon definition; legacy word
សុំចិត្ត	approved	sbbic-khmer-wordlist	standard	no Chuon definition; legacy word
សុំណុំរឿង	approved	sbbic-khmer-wordlist	standard	no Chuon definition; legacy word
សុំថ្លៃ	approved	sbbic-khmer-wordlist	standard	no Chuon definition; legacy word
សុំទាន	approved	sbbic-khmer-wordlist	standard	no Chuon definition; legacy word
សុំទោស	approved	sbbic-khmer-wordlist	standard	no Chuon definition; legacy word
សុំសីល	approved	sbbic-khmer-wordlist	standard	no Chuon definition; legacy word
សុះសាយ	approved	sbbic-khmer-wordlist	standard	no Chuon definition; legacy word
សូង	approved	sbbic-khmer-wordlist	standard	no Chuon definition; legacy word
សូញសាញ	approved	sbbic-khmer-wordlist	standard	no Chuon definition; legacy word
សូត្រធម៌	approved	sbbic-khmer-wordlist	standard	no Chuon definition; legacy word
សូភាព	approved	sbbic-khmer-wordlist	standard	no Chuon definition; legacy word
សូភី	approved	sbbic-khmer-wordlist	standard	no Chuon definition; legacy word
សូមកុំ	approved	sbbic-khmer-wordlist	standard	no Chuon definition; legacy word
សូមចិត្ត	approved	sbbic-khmer-wordlist	standard	no Chuon definition; legacy word
សូមទាន	approved	sbbic-khmer-wordlist	standard	no Chuon definition; legacy word
សូមនាយ	approved	sbbic-khmer-wordlist	standard	no Chuon definition; legacy word
សូមពរ	approved	sbbic-khmer-wordlist	standard	no Chuon definition; legacy word
សូមលា	approved	sbbic-khmer-wordlist	standard	no Chuon definition; legacy word
សូម៉ាត្រា	approved	sbbic-khmer-wordlist	standard	no Chuon definition; legacy word
សូម៉ាលី	approved	sbbic-khmer-wordlist	standard	no Chuon definition; legacy word
សូម៉ុង	approved	sbbic-khmer-wordlist	standard	no Chuon definition; legacy word
សូម្បីតែ	approved	sbbic-khmer-wordlist	standard	no Chuon definition; legacy word
សូយោង	approved	sbbic-khmer-wordlist	standard	no Chuon definition; legacy word
សូរភី	approved	sbbic-khmer-wordlist	standard	no Chuon definition; legacy word
សូរសែន	approved	sbbic-khmer-wordlist	standard	no Chuon definition; legacy word
សូរស៊ាន	approved	sbbic-khmer-wordlist	standard	no Chuon definition; legacy word
សូរស័ព្ទ	approved	sbbic-khmer-wordlist	standard	no Chuon definition; legacy word
សូលីត	approved	sbbic-khmer-wordlist	standard	no Chuon definition; legacy word
សូវកុំ	approved	sbbic-khmer-wordlist	standard	no Chuon definition; legacy word
សូវៀត	approved	sbbic-khmer-wordlist	standard	no Chuon definition; legacy word
សូវែរ	approved	sbbic-khmer-wordlist	standard	no Chuon definition; legacy word
សួនតួ	approved	sbbic-khmer-wordlist	standard	no Chuon definition; legacy word
សួរមើល	approved	sbbic-khmer-wordlist	standard	no Chuon definition; legacy word
សួររក	approved	sbbic-khmer-wordlist	standard	no Chuon definition; legacy word
សួរសង	approved	sbbic-khmer-wordlist	standard	no Chuon definition; legacy word
សួស	approved	sbbic-khmer-wordlist	standard	no Chuon definition; legacy word
សួស្នួ	approved	sbbic-khmer-wordlist	standard	no Chuon definition; legacy word
សើចយំ	approved	sbbic-khmer-wordlist	standard	no Chuon definition; legacy word
សើចសេះ	approved	sbbic-khmer-wordlist	standard	no Chuon definition; legacy word
សើយលាត	approved	sbbic-khmer-wordlist	standard	no Chuon definition; legacy word
សៀកម្លាំង	approved	sbbic-khmer-wordlist	standard	no Chuon definition; legacy word
សៀងហៃ	approved	sbbic-khmer-wordlist	standard	no Chuon definition; legacy word
សៀមបូក	approved	sbbic-khmer-wordlist	standard	no Chuon definition; legacy word
សៀមប៉ាង	approved	sbbic-khmer-wordlist	standard	no Chuon definition; legacy word
សៀរៀល	approved	sbbic-khmer-wordlist	standard	no Chuon definition; legacy word
សេកសោម	approved	sbbic-khmer-wordlist	standard	no Chuon definition; legacy word
សេកុង	approved	sbbic-khmer-wordlist	standard	no Chuon definition; legacy word
សេដ្ឋីនី	approved	sbbic-khmer-wordlist	standard	no Chuon definition; legacy word
សេតុ	approved	sbbic-khmer-wordlist	standard	no Chuon definition; legacy word
សេតោន	approved	sbbic-khmer-wordlist	standard	no Chuon definition; legacy word
សេទេជៈ	approved	sbbic-khmer-wordlist	standard	no Chuon definition; legacy word
សេនាធិបតី	approved	sbbic-khmer-wordlist	standard	no Chuon definition; legacy word
សេនាសន	approved	sbbic-khmer-wordlist	standard	no Chuon definition; legacy word
សេនាសនា	approved	sbbic-khmer-wordlist	standard	no Chuon definition; legacy word
សេនេទិច	approved	sbbic-khmer-wordlist	standard	no Chuon definition; legacy word
សេន្យានុភាព	approved	sbbic-khmer-wordlist	standard	no Chuon definition; legacy word
សេម៉ែម	approved	sbbic-khmer-wordlist	standard	no Chuon definition; legacy word
សេរីចារ	approved	sbbic-khmer-wordlist	standard	no Chuon definition; legacy word
សេវក	approved	sbbic-khmer-wordlist	standard	no Chuon definition; legacy word
សេវកា	approved	sbbic-khmer-wordlist	standard	no Chuon definition; legacy word
សេវកាមត្យ	approved	sbbic-khmer-wordlist	standard	no Chuon definition; legacy word
សេវកិច្ច	approved	sbbic-khmer-wordlist	standard	no Chuon definition; legacy word
សេវគតិ	approved	sbbic-khmer-wordlist	standard	no Chuon definition; legacy word
សេវគតិភាព	approved	sbbic-khmer-wordlist	standard	no Chuon definition; legacy word
សេវនកិច្ច	approved	sbbic-khmer-wordlist	standard	no Chuon definition; legacy word
សេវិក	approved	sbbic-khmer-wordlist	standard	no Chuon definition; legacy word
សេសាន	approved	unknown	standard	no Chuon definition; legacy word
សេអាតូ	approved	sbbic-khmer-wordlist	standard	no Chuon definition; legacy word
សេអ៊ូល	approved	sbbic-khmer-wordlist	standard	no Chuon definition; legacy word
សេះញី	approved	sbbic-khmer-wordlist	standard	no Chuon definition; legacy word
សេះបា	approved	sbbic-khmer-wordlist	standard	no Chuon definition; legacy word
សេះស	approved	sbbic-khmer-wordlist	standard	no Chuon definition; legacy word
សេះហោះ	approved	sbbic-khmer-wordlist	standard	no Chuon definition; legacy word
សែនដី	approved	sbbic-khmer-wordlist	standard	no Chuon definition; legacy word
សែល	approved	unknown	standard	no Chuon definition; legacy word
សៃវៀន	approved	sbbic-khmer-wordlist	standard	no Chuon definition; legacy word
សោតាបិត្តមគ្គ	approved	sbbic-khmer-wordlist	standard	no Chuon definition; legacy word
សោតៈ	approved	sbbic-khmer-wordlist	standard	no Chuon definition; legacy word
សោប	approved	sbbic-khmer-wordlist	standard	no Chuon definition; legacy word
សោភ័ណភាព	approved	sbbic-khmer-wordlist	standard	no Chuon definition; legacy word
សោមធំ	approved	sbbic-khmer-wordlist	standard	no Chuon definition; legacy word
សោរទិន	approved	sbbic-khmer-wordlist	standard	no Chuon definition; legacy word
សោះខ្យល់	approved	sbbic-khmer-wordlist	standard	no Chuon definition; legacy word
សៅយុត	approved	sbbic-khmer-wordlist	standard	no Chuon definition; legacy word
សៅរពារ	approved	sbbic-khmer-wordlist	standard	no Chuon definition; legacy word
សៅរ៍ពារ	approved	sbbic-khmer-wordlist	standard	no Chuon definition; legacy word
សៅល័ក្ខណ៍	approved	sbbic-khmer-wordlist	standard	no Chuon definition; legacy word
សំកាត់	approved	sbbic-khmer-wordlist	standard	no Chuon definition; legacy word
សំខ្យាស័ព្ទ	approved	sbbic-khmer-wordlist	standard	no Chuon definition; legacy word
សំគោកសំគាំង	approved	sbbic-khmer-wordlist	standard	no Chuon definition; legacy word
សំងាប	approved	sbbic-khmer-wordlist	standard	no Chuon definition; legacy word
សំងួត	approved	sbbic-khmer-wordlist	standard	no Chuon definition; legacy word
សំងួន	approved	sbbic-khmer-wordlist	standard	no Chuon definition; legacy word
សំញាញ	approved	sbbic-khmer-wordlist	standard	no Chuon definition; legacy word
សំញែង	approved	sbbic-khmer-wordlist	standard	no Chuon definition; legacy word
សំញ៉ែង	approved	sbbic-khmer-wordlist	standard	no Chuon definition; legacy word
សំដីលះ	approved	sbbic-khmer-wordlist	standard	no Chuon definition; legacy word
សំដៅលើ	approved	sbbic-khmer-wordlist	standard	no Chuon definition; legacy word
សំណប់	approved	sbbic-khmer-wordlist	standard	no Chuon definition; legacy word
សំណាល	approved	sbbic-khmer-wordlist	standard	no Chuon definition; legacy word
សំណិត	approved	sbbic-khmer-wordlist	standard	no Chuon definition; legacy word
សំណឹង	approved	sbbic-khmer-wordlist	standard	no Chuon definition; legacy word
សំណូន	approved	sbbic-khmer-wordlist	standard	no Chuon definition; legacy word
សំណើសុំ	approved	sbbic-khmer-wordlist	standard	no Chuon definition; legacy word
សំណេព	approved	sbbic-khmer-wordlist	standard	no Chuon definition; legacy word
សំណេស	approved	sbbic-khmer-wordlist	standard	no Chuon definition; legacy word
សំតឹង	approved	sbbic-khmer-wordlist	standard	no Chuon definition; legacy word
សំតើង	approved	sbbic-khmer-wordlist	standard	no Chuon definition; legacy word
សំទាក់សំទើរ	approved	sbbic-khmer-wordlist	standard	no Chuon definition; legacy word
សំទួយ	approved	sbbic-khmer-wordlist	standard	no Chuon definition; legacy word
សំនួយ	approved	sbbic-khmer-wordlist	standard	no Chuon definition; legacy word
សំនៀងទន់	approved	sbbic-khmer-wordlist	standard	no Chuon definition; legacy word
សំបូរ	approved	sbbic-khmer-wordlist	variant	legacy orthography
សំបូរមាស	approved	sbbic-khmer-wordlist	standard	no Chuon definition; legacy word
សំពះពាលា	approved	sbbic-khmer-wordlist	standard	no Chuon definition; legacy word
សំភារៈ	approved	sbbic-khmer-wordlist	variant	legacy orthography
សំយោគី	approved	sbbic-khmer-wordlist	standard	no Chuon definition; legacy word
សំយ៉ោង	approved	sbbic-khmer-wordlist	standard	no Chuon definition; legacy word
សំរាក	approved	sbbic-khmer-wordlist	variant	legacy orthography
សំរាញ់	approved	sbbic-khmer-wordlist	standard	no Chuon definition; legacy word
សំរាត	approved	sbbic-khmer-wordlist	standard	no Chuon definition; legacy word
សំរាប់	approved	sbbic-khmer-wordlist	variant	legacy orthography
សំរាល	approved	sbbic-khmer-wordlist	variant	legacy orthography
សំរាល់	approved	sbbic-khmer-wordlist	standard	no Chuon definition; legacy word
សំរីង	approved	sbbic-khmer-wordlist	standard	no Chuon definition; legacy word
សំរឹទ្ធការ្យ	approved	sbbic-khmer-wordlist	standard	no Chuon definition; legacy word
សំរុស	approved	sbbic-khmer-wordlist	standard	no Chuon definition; legacy word
សំរួម	approved	sbbic-khmer-wordlist	standard	no Chuon definition; legacy word
សំរួយ	approved	sbbic-khmer-wordlist	standard	no Chuon definition; legacy word
សំរើស	approved	sbbic-khmer-wordlist	standard	no Chuon definition; legacy word
សំរេច	approved	sbbic-khmer-wordlist	variant	legacy orthography
សំរោងលើ	approved	sbbic-khmer-wordlist	standard	no Chuon definition; legacy word
សំវាទ	approved	sbbic-khmer-wordlist	standard	no Chuon definition; legacy word
សំវិធាន	approved	sbbic-khmer-wordlist	standard	no Chuon definition; legacy word
សំសយត្ថវចក	approved	sbbic-khmer-wordlist	standard	no Chuon definition; legacy word
សំសាន	approved	sbbic-khmer-wordlist	standard	no Chuon definition; legacy word
សំឡាញ់	approved	sbbic-khmer-wordlist	standard	no Chuon definition; legacy word
សំឡឹង	approved	sbbic-khmer-wordlist	standard	no Chuon definition; legacy word
សំឡោក	approved	sbbic-khmer-wordlist	standard	no Chuon definition; legacy word
សំអប់ពត	approved	sbbic-khmer-wordlist	standard	no Chuon definition; legacy word
សំអិតសំអាង	approved	sbbic-khmer-wordlist	standard	no Chuon definition; legacy word
សំំគីម	approved	sbbic-khmer-wordlist	standard	no Chuon definition; legacy word
សំំតុល	approved	sbbic-khmer-wordlist	standard	no Chuon definition; legacy word
ស៊នគំនិត	approved	sbbic-khmer-wordlist	standard	no Chuon definition; legacy word
ស៊នសម្ដី	approved	sbbic-khmer-wordlist	standard	no Chuon definition; legacy word
ស៊នសម្តី	approved	sbbic-khmer-wordlist	standard	no Chuon definition; legacy word
ស៊យសក់	approved	sbbic-khmer-wordlist	standard	no Chuon definition; legacy word
ស៊ាំកម្លាំង	approved	sbbic-khmer-wordlist	standard	no Chuon definition; legacy word
ស៊ាំចិត្ត	approved	sbbic-khmer-wordlist	standard	no Chuon definition; legacy word
ស៊ាំដៃ	approved	sbbic-khmer-wordlist	standard	no Chuon definition; legacy word
ស៊ាំសាច់	approved	sbbic-khmer-wordlist	standard	no Chuon definition; legacy word
ស៊ិគម៉ា	approved	sbbic-khmer-wordlist	standard	no Chuon definition; legacy word
ស៊ិនហួ	approved	sbbic-khmer-wordlist	standard	no Chuon definition; legacy word
ស៊ីការ	approved	sbbic-khmer-wordlist	standard	no Chuon definition; legacy word
ស៊ីកោរ	approved	sbbic-khmer-wordlist	standard	no Chuon definition; legacy word
ស៊ីង	approved	sbbic-khmer-wordlist	standard	no Chuon definition; legacy word
ស៊ីចិត្ត	approved	sbbic-khmer-wordlist	standard	no Chuon definition; legacy word
ស៊ីជឹង	approved	sbbic-khmer-wordlist	standard	no Chuon definition; legacy word
ស៊ីជ្រៅ	approved	sbbic-khmer-wordlist	standard	no Chuon definition; legacy word
ស៊ីដនី	approved	sbbic-khmer-wordlist	standard	no Chuon definition; legacy word
ស៊ីដែក	approved	sbbic-khmer-wordlist	standard	no Chuon definition; legacy word
ស៊ីធរ	approved	sbbic-khmer-wordlist	standard	no Chuon definition; legacy word
ស៊ីនុស	approved	sbbic-khmer-wordlist	standard	no Chuon definition; legacy word
ស៊ីនេទីច	approved	sbbic-khmer-wordlist	standard	no Chuon definition; legacy word
ស៊ីបួស	approved	sbbic-khmer-wordlist	standard	no Chuon definition; legacy word
ស៊ីពេល	approved	sbbic-khmer-wordlist	standard	no Chuon definition; legacy word
ស៊ីភ្លើង	approved	sbbic-khmer-wordlist	standard	no Chuon definition; legacy word
ស៊ីម៉ៃ	approved	sbbic-khmer-wordlist	standard	no Chuon definition; legacy word
ស៊ីម៉ោង	approved	sbbic-khmer-wordlist	standard	no Chuon definition; legacy word
ស៊ីម៉ៅ	approved	sbbic-khmer-wordlist	standard	no Chuon definition; legacy word
ស៊ីរី	approved	sbbic-khmer-wordlist	standard	no Chuon definition; legacy word
ស៊ីរែក	approved	sbbic-khmer-wordlist	standard	no Chuon definition; legacy word
ស៊ីរ៉ាស៍	approved	sbbic-khmer-wordlist	standard	no Chuon definition; legacy word
ស៊ីលុយ	approved	sbbic-khmer-wordlist	standard	no Chuon definition; legacy word
ស៊ីលើ	approved	sbbic-khmer-wordlist	standard	no Chuon definition; legacy word
ស៊ីលៀង	approved	sbbic-khmer-wordlist	standard	no Chuon definition; legacy word
ស៊ីលៀប	approved	sbbic-khmer-wordlist	standard	no Chuon definition; legacy word
ស៊ីលេង	approved	sbbic-khmer-wordlist	standard	no Chuon definition; legacy word
ស៊ីលោភ	approved	sbbic-khmer-wordlist	standard	no Chuon definition; legacy word
ស៊ីវ	approved	sbbic-khmer-wordlist	standard	no Chuon definition; legacy word
ស៊ីវត្ថា	approved	sbbic-khmer-wordlist	standard	no Chuon definition; legacy word
ស៊ីវិល័យ	approved	sbbic-khmer-wordlist	standard	no Chuon definition; legacy word
ស៊ីសាំង	approved	sbbic-khmer-wordlist	standard	no Chuon definition; legacy word
ស៊ីស្រម៉	approved	sbbic-khmer-wordlist	standard	no Chuon definition; legacy word
ស៊ីឡាក	approved	sbbic-khmer-wordlist	standard	no Chuon definition; legacy word
ស៊ីអូ	approved	sbbic-khmer-wordlist	standard	no Chuon definition; legacy word
ស៊ុកូឡា	approved	sbbic-khmer-wordlist	standard	no Chuon definition; legacy word
ស៊ុង	approved	sbbic-khmer-wordlist	standard	no Chuon definition; legacy word
ស៊ុតចៃ	approved	sbbic-khmer-wordlist	standard	no Chuon definition; legacy word
ស៊ុតទា	approved	sbbic-khmer-wordlist	standard	no Chuon definition; legacy word
ស៊ុនតួ	approved	sbbic-khmer-wordlist	standard	no Chuon definition; legacy word
ស៊ុបសួន	approved	sbbic-khmer-wordlist	standard	no Chuon definition; legacy word
ស៊ុមមាន់	approved	sbbic-khmer-wordlist	standard	no Chuon definition; legacy word
ស៊ុយម៉ៃ	approved	sbbic-khmer-wordlist	standard	no Chuon definition; legacy word
ស៊ូកាត់	approved	sbbic-khmer-wordlist	standard	no Chuon definition; legacy word
ស៊ូដង់	approved	sbbic-khmer-wordlist	standard	no Chuon definition; legacy word
ស៊ូត	approved	sbbic-khmer-wordlist	standard	no Chuon definition; legacy word
ស៊ូទ្រាំ	approved	sbbic-khmer-wordlist	standard	no Chuon definition; legacy word
ស៊ូវ៉ា	approved	sbbic-khmer-wordlist	standard	no Chuon definition; legacy word
ស៊ូស៊ី	approved	sbbic-khmer-wordlist	standard	no Chuon definition; legacy word
ស៊ើបការ	approved	sbbic-khmer-wordlist	standard	no Chuon definition; legacy word
ស៊េរ៉ូ	approved	sbbic-khmer-wordlist	standard	no Chuon definition; legacy word
ស៊ែប	approved	sbbic-khmer-wordlist	standard	no Chuon definition; legacy word
ស័ក្ដិត្រ័យ	approved	sbbic-khmer-wordlist	standard	no Chuon definition; legacy word
ស័ក្ដិស្មា	approved	sbbic-khmer-wordlist	standard	no Chuon definition; legacy word
ស័ក្តិត្រ័យ	approved	sbbic-khmer-wordlist	standard	no Chuon definition; legacy word
ស្កុប	approved	sbbic-khmer-wordlist	standard	no Chuon definition; legacy word
ស្កើល	approved	sbbic-khmer-wordlist	standard	no Chuon definition; legacy word
ស្កៀរ	approved	sbbic-khmer-wordlist	standard	no Chuon definition; legacy word
ស្កេន	approved	sbbic-khmer-wordlist	standard	no Chuon definition; legacy word
ស្គុត	approved	sbbic-khmer-wordlist	standard	no Chuon definition; legacy word
ស្ងោ	approved	sbbic-khmer-wordlist	standard	no Chuon definition; legacy word
ស្ញាប់	approved	sbbic-khmer-wordlist	standard	no Chuon definition; legacy word
ស្ញេញស្ញាញ	approved	sbbic-khmer-wordlist	standard	no Chuon definition; legacy word
ស្ដរិក	approved	sbbic-khmer-wordlist	standard	no Chuon definition; legacy word
ស្ដាចផ្ទំ	approved	sbbic-khmer-wordlist	standard	no Chuon definition; legacy word
ស្ដីលើ	approved	sbbic-khmer-wordlist	standard	no Chuon definition; legacy word
ស្ដឺយ	approved	sbbic-khmer-wordlist	standard	no Chuon definition; legacy word
ស្ដុរ	approved	sbbic-khmer-wordlist	standard	no Chuon definition; legacy word
ស្តរា	approved	sbbic-khmer-wordlist	standard	no Chuon definition; legacy word
ស្តាត	approved	sbbic-khmer-wordlist	standard	no Chuon definition; legacy word
ស្តីង	approved	sbbic-khmer-wordlist	standard	no Chuon definition; legacy word
ស្ថាវរ	approved	sbbic-khmer-wordlist	standard	no Chuon definition; legacy word
ស្ថេរ	approved	unknown	standard	no Chuon definition; legacy word
ស្ទាប់	approved	sbbic-khmer-wordlist	standard	no Chuon definition; legacy word
ស្ទីល	approved	sbbic-khmer-wordlist	standard	no Chuon definition; legacy word
ស្ទឹងត្រង់	approved	sbbic-khmer-wordlist	standard	no Chuon definition; legacy word
ស្ទុល	approved	sbbic-khmer-wordlist	standard	no Chuon definition; legacy word
ស្ទះលូ	approved	sbbic-khmer-wordlist	standard	no Chuon definition; legacy word
ស្នហ៍ហៃ	approved	sbbic-khmer-wordlist	standard	no Chuon definition; legacy word
ស្នាក់	approved	unknown	standard	no Chuon definition; legacy word
ស្នាតកៈ	approved	sbbic-khmer-wordlist	standard	no Chuon definition; legacy word
ស្នាតេះ	approved	sbbic-khmer-wordlist	standard	no Chuon definition; legacy word
ស្នានីយវារិ	approved	sbbic-khmer-wordlist	standard	no Chuon definition; legacy word
ស្នាប់ក	approved	sbbic-khmer-wordlist	standard	no Chuon definition; legacy word
ស្នាប់ព្រះឩរុ	approved	sbbic-khmer-wordlist	standard	no Chuon definition; legacy word
ស្នុក	approved	sbbic-khmer-wordlist	standard	no Chuon definition; legacy word
ស្នើសុំ	approved	sbbic-khmer-wordlist	standard	no Chuon definition; legacy word
ស្នៀង	approved	sbbic-khmer-wordlist	standard	no Chuon definition; legacy word
ស្នោទក់	approved	sbbic-khmer-wordlist	standard	no Chuon definition; legacy word
ស្បៀត	approved	sbbic-khmer-wordlist	standard	no Chuon definition; legacy word
ស្ប៉ាប	approved	sbbic-khmer-wordlist	standard	no Chuon definition; legacy word
ស្ប៉ាស	approved	sbbic-khmer-wordlist	standard	no Chuon definition; legacy word
ស្ប៊ឹម	approved	sbbic-khmer-wordlist	standard	no Chuon definition; legacy word
ស្ប្រៃ	approved	sbbic-khmer-wordlist	standard	no Chuon definition; legacy word
ស្ពិន	approved	sbbic-khmer-wordlist	standard	no Chuon definition; legacy word
ស្ពៃសៀម	approved	sbbic-khmer-wordlist	standard	no Chuon definition; legacy word
ស្មន្ធការ	approved	sbbic-khmer-wordlist	standard	no Chuon definition; legacy word
ស្មាកាំ	approved	sbbic-khmer-wordlist	standard	no Chuon definition; legacy word
ស្មាគាង	approved	sbbic-khmer-wordlist	standard	no Chuon definition; legacy word
ស្មូក	approved	sbbic-khmer-wordlist	standard	no Chuon definition; legacy word
ស្មៅគោក	approved	sbbic-khmer-wordlist	standard	no Chuon definition; legacy word
ស្មៅទឹក	approved	sbbic-khmer-wordlist	standard	no Chuon definition; legacy word
ស្មៅទេល	approved	sbbic-khmer-wordlist	standard	no Chuon definition; legacy word
ស្មៅរឹល	approved	sbbic-khmer-wordlist	standard	no Chuon definition; legacy word
ស្មៅសាប	approved	sbbic-khmer-wordlist	standard	no Chuon definition; legacy word
ស្មៅសួន	approved	sbbic-khmer-wordlist	standard	no Chuon definition; legacy word
ស្យង់	approved	sbbic-khmer-wordlist	standard	no Chuon definition; legacy word
ស្រងេះ	approved	sbbic-khmer-wordlist	standard	no Chuon definition; legacy word
ស្រង៉ែ	approved	sbbic-khmer-wordlist	standard	no Chuon definition; legacy word
ស្រណុំ	approved	sbbic-khmer-wordlist	standard	no Chuon definition; legacy word
ស្រទាប	approved	sbbic-khmer-wordlist	standard	no Chuon definition; legacy word
ស្រទុង	approved	sbbic-khmer-wordlist	standard	no Chuon definition; legacy word
ស្របក	approved	sbbic-khmer-wordlist	standard	no Chuon definition; legacy word
ស្របស្រួល	approved	sbbic-khmer-wordlist	standard	no Chuon definition; legacy word
ស្រប៉ូក	approved	sbbic-khmer-wordlist	standard	no Chuon definition; legacy word
ស្រពព្រះភ័ក្ត្រ	approved	sbbic-khmer-wordlist	standard	no Chuon definition; legacy word
ស្រពិចស្រពិល	approved	sbbic-khmer-wordlist	standard	no Chuon definition; legacy word
ស្រមណ	approved	sbbic-khmer-wordlist	standard	no Chuon definition; legacy word
ស្រលក់	approved	sbbic-khmer-wordlist	standard	no Chuon definition; legacy word
ស្រលប់	approved	sbbic-khmer-wordlist	standard	no Chuon definition; legacy word
ស្រលាង	approved	sbbic-khmer-wordlist	standard	no Chuon definition; legacy word
ស្រលី	approved	sbbic-khmer-wordlist	standard	no Chuon definition; legacy word
ស្រលូន	approved	sbbic-khmer-wordlist	standard	no Chuon definition; legacy word
ស្រលៃ	approved	sbbic-khmer-wordlist	standard	no Chuon definition; legacy word
ស្រលោកោ	approved	sbbic-khmer-wordlist	standard	no Chuon definition; legacy word
ស្រលៅ	approved	sbbic-khmer-wordlist	standard	no Chuon definition; legacy word
ស្រលំ	approved	sbbic-khmer-wordlist	standard	no Chuon definition; legacy word
ស្រវាវិច	approved	sbbic-khmer-wordlist	standard	no Chuon definition; legacy word
ស្រស់ប៉ប្រឹម	approved	sbbic-khmer-wordlist	standard	no Chuon definition; legacy word
ស្រឡី	approved	sbbic-khmer-wordlist	standard	no Chuon definition; legacy word
ស្រឡឹក	approved	sbbic-khmer-wordlist	standard	no Chuon definition; legacy word
ស្រឡួត	approved	sbbic-khmer-wordlist	standard	no Chuon definition; legacy word
ស្រឡួន	approved	sbbic-khmer-wordlist	standard	no Chuon definition; legacy word
ស្រឡៀង	approved	sbbic-khmer-wordlist	standard	no Chuon definition; legacy word
ស្រាគាំ	approved	sbbic-khmer-wordlist	standard	no Chuon definition; legacy word
ស្រាប	approved	sbbic-khmer-wordlist	standard	no Chuon definition; legacy word
ស្រាបៀ	approved	sbbic-khmer-wordlist	standard	no Chuon definition; legacy word
ស្រាប់ស្រៀប	approved	sbbic-khmer-wordlist	standard	no Chuon definition; legacy word
ស្រាលខ្លួន	approved	sbbic-khmer-wordlist	standard	no Chuon definition; legacy word
ស្រាវណ	approved	sbbic-khmer-wordlist	standard	no Chuon definition; legacy word
ស្រាវាវេច	approved	sbbic-khmer-wordlist	standard	no Chuon definition; legacy word
ស្រាំងដែក	approved	sbbic-khmer-wordlist	standard	no Chuon definition; legacy word
ស្រាំចិត្ត	approved	sbbic-khmer-wordlist	standard	no Chuon definition; legacy word
ស្រីកាកី	approved	sbbic-khmer-wordlist	standard	no Chuon definition; legacy word
ស្រីចោរ	approved	sbbic-khmer-wordlist	standard	no Chuon definition; legacy word
ស្រីញី	approved	sbbic-khmer-wordlist	standard	no Chuon definition; legacy word
ស្រីតោង	approved	sbbic-khmer-wordlist	standard	no Chuon definition; legacy word
ស្រីបង	approved	sbbic-khmer-wordlist	standard	no Chuon definition; legacy word
ស្រីបារ	approved	sbbic-khmer-wordlist	standard	no Chuon definition; legacy word
ស្រីពៅ	approved	sbbic-khmer-wordlist	standard	no Chuon definition; legacy word
ស្រីព្រៅ	approved	sbbic-khmer-wordlist	standard	no Chuon definition; legacy word
ស្រីមារៈ	approved	sbbic-khmer-wordlist	standard	no Chuon definition; legacy word
ស្រីល្វោ	approved	sbbic-khmer-wordlist	standard	no Chuon definition; legacy word
ស្រីអាប	approved	sbbic-khmer-wordlist	standard	no Chuon definition; legacy word
ស្រុះចិត្ត	approved	sbbic-khmer-wordlist	standard	no Chuon definition; legacy word
ស្រួយស្រិប	approved	sbbic-khmer-wordlist	standard	no Chuon definition; legacy word
ស្រើង	approved	sbbic-khmer-wordlist	standard	no Chuon definition; legacy word
ស្រៀប	approved	sbbic-khmer-wordlist	standard	no Chuon definition; legacy word
ស្រេកទឹក	approved	sbbic-khmer-wordlist	standard	no Chuon definition; legacy word
ស្រែគរ	approved	sbbic-khmer-wordlist	standard	no Chuon definition; legacy word
ស្រែចារ	approved	sbbic-khmer-wordlist	standard	no Chuon definition; legacy word
ស្រែជិះ	approved	sbbic-khmer-wordlist	standard	no Chuon definition; legacy word
ស្រែណូយ	approved	sbbic-khmer-wordlist	standard	no Chuon definition; legacy word
ស្រែបោះ	approved	sbbic-khmer-wordlist	standard	no Chuon definition; legacy word
ស្រែព្រះ	approved	sbbic-khmer-wordlist	standard	no Chuon definition; legacy word
ស្រះទឹក	approved	sbbic-khmer-wordlist	standard	no Chuon definition; legacy word
ស្រ៉ឹង	approved	sbbic-khmer-wordlist	standard	no Chuon definition; legacy word
ស្រ៊ិប	approved	sbbic-khmer-wordlist	standard	no Chuon definition; legacy word
ស្លក្រាម	approved	sbbic-khmer-wordlist	standard	no Chuon definition; legacy word
ស្លដែក	approved	sbbic-khmer-wordlist	standard	no Chuon definition; legacy word
ស្លាកែត	approved	sbbic-khmer-wordlist	standard	no Chuon definition; legacy word
ស្លាក្រាម	approved	sbbic-khmer-wordlist	standard	no Chuon definition; legacy word
ស្លុតីវាទ	approved	sbbic-khmer-wordlist	standard	no Chuon definition; legacy word
ស្លុត់រន្ធត់	approved	sbbic-khmer-wordlist	standard	no Chuon definition; legacy word
ស្លុត់ស្លន់	approved	sbbic-khmer-wordlist	standard	no Chuon definition; legacy word
ស្លែងវល្លិ៍	approved	sbbic-khmer-wordlist	standard	no Chuon definition; legacy word
ស្វហា	approved	sbbic-khmer-wordlist	standard	no Chuon definition; legacy word
ស្វាគតំ	approved	sbbic-khmer-wordlist	standard	no Chuon definition; legacy word
ស្វាត់	approved	sbbic-khmer-wordlist	standard	no Chuon definition; legacy word
ស្វាយក្រាប	approved	sbbic-khmer-wordlist	standard	no Chuon definition; legacy word
ស្វាយតឿ	approved	sbbic-khmer-wordlist	standard	no Chuon definition; legacy word
ស្វាយប៉ាក	approved	sbbic-khmer-wordlist	standard	no Chuon definition; legacy word
ស្វីស	approved	sbbic-khmer-wordlist	standard	no Chuon definition; legacy word
ស្វ៊ីត	approved	sbbic-khmer-wordlist	standard	no Chuon definition; legacy word
ស្វ៊ែរ	approved	sbbic-khmer-wordlist	standard	no Chuon definition; legacy word
ស្វ័យ	approved	sbbic-khmer-wordlist	standard	no Chuon definition; legacy word
ស្អែប	approved	sbbic-khmer-wordlist	standard	no Chuon definition; legacy word
ហង្សា	approved	sbbic-khmer-wordlist	standard	no Chuon definition; legacy word
ហតិប្រណី	approved	sbbic-khmer-wordlist	standard	no Chuon definition; legacy word
ហត្ថគ្រាះ	approved	sbbic-khmer-wordlist	standard	no Chuon definition; legacy word
ហត្ថគ្រាៈ	approved	sbbic-khmer-wordlist	standard	no Chuon definition; legacy word
ហត្ថា	approved	sbbic-khmer-wordlist	standard	no Chuon definition; legacy word
ហទយ	approved	sbbic-khmer-wordlist	standard	no Chuon definition; legacy word
ហនកម្ម	approved	sbbic-khmer-wordlist	standard	no Chuon definition; legacy word
ហន់	approved	sbbic-khmer-wordlist	standard	no Chuon definition; legacy word
ហយ	approved	sbbic-khmer-wordlist	standard	no Chuon definition; legacy word
ហយា	approved	sbbic-khmer-wordlist	standard	no Chuon definition; legacy word
ហយានិក	approved	sbbic-khmer-wordlist	standard	no Chuon definition; legacy word
ហយោ	approved	sbbic-khmer-wordlist	standard	no Chuon definition; legacy word
ហរ	approved	sbbic-khmer-wordlist	standard	no Chuon definition; legacy word
ហសន	approved	sbbic-khmer-wordlist	standard	no Chuon definition; legacy word
ហសនា	approved	sbbic-khmer-wordlist	standard	no Chuon definition; legacy word
ហសនោ	approved	sbbic-khmer-wordlist	standard	no Chuon definition; legacy word
ហាច់ហើរ	approved	sbbic-khmer-wordlist	standard	no Chuon definition; legacy word
ហាមតុ	approved	sbbic-khmer-wordlist	standard	no Chuon definition; legacy word
ហាមាត់	approved	sbbic-khmer-wordlist	standard	no Chuon definition; legacy word
ហាយ	approved	sbbic-khmer-wordlist	standard	no Chuon definition; legacy word
ហាយន	approved	sbbic-khmer-wordlist	standard	no Chuon definition; legacy word
ហាសនី	approved	sbbic-khmer-wordlist	standard	no Chuon definition; legacy word
ហាសហាយ	approved	sbbic-khmer-wordlist	standard	no Chuon definition; legacy word
ហិដ្ឋិមភូមិ	approved	sbbic-khmer-wordlist	standard	no Chuon definition; legacy word
ហិតការៈ	approved	sbbic-khmer-wordlist	standard	no Chuon definition; legacy word
ហិតា	approved	sbbic-khmer-wordlist	standard	no Chuon definition; legacy word
ហិតូបត្ថម្ភក	approved	sbbic-khmer-wordlist	standard	no Chuon definition; legacy word
ហិនស៊ី	approved	sbbic-khmer-wordlist	standard	no Chuon definition; legacy word
ហិបជើងដំរី	approved	sbbic-khmer-wordlist	standard	no Chuon definition; legacy word
ហិម	approved	sbbic-khmer-wordlist	standard	no Chuon definition; legacy word
ហិមកាល	approved	sbbic-khmer-wordlist	standard	no Chuon definition; legacy word
ហិមា	approved	sbbic-khmer-wordlist	standard	no Chuon definition; legacy word
ហិរញ្ញភ័ណ្ឌ	approved	sbbic-khmer-wordlist	standard	no Chuon definition; legacy word
ហិរញ្ញាធិការី	approved	sbbic-khmer-wordlist	standard	no Chuon definition; legacy word
ហិរញ្ញិក	approved	sbbic-khmer-wordlist	standard	no Chuon definition; legacy word
ហិរិមតិ	approved	sbbic-khmer-wordlist	standard	no Chuon definition; legacy word
ហិលមុខ	approved	sbbic-khmer-wordlist	standard	no Chuon definition; legacy word
ហីនវាទី	approved	sbbic-khmer-wordlist	standard	no Chuon definition; legacy word
ហឹង	approved	sbbic-khmer-wordlist	standard	no Chuon definition; legacy word
ហឺយ	approved	sbbic-khmer-wordlist	standard	no Chuon definition; legacy word
ហឺសា	approved	sbbic-khmer-wordlist	standard	no Chuon definition; legacy word
ហុតា	approved	sbbic-khmer-wordlist	standard	no Chuon definition; legacy word
ហុប	approved	sbbic-khmer-wordlist	standard	no Chuon definition; legacy word
ហូតែល	approved	sbbic-khmer-wordlist	standard	no Chuon definition; legacy word
ហូសេ	approved	sbbic-khmer-wordlist	standard	no Chuon definition; legacy word
ហួណា	approved	sbbic-khmer-wordlist	standard	no Chuon definition; legacy word
ហួសហើយ	approved	sbbic-khmer-wordlist	standard	no Chuon definition; legacy word
ហើយក៍	approved	sbbic-khmer-wordlist	standard	no Chuon definition; legacy word
ហៀប	approved	sbbic-khmer-wordlist	standard	no Chuon definition; legacy word
ហេងស៊យ	approved	sbbic-khmer-wordlist	standard	no Chuon definition; legacy word
ហេដ្ឋារចនាសម្ពន្ធ	approved	sbbic-khmer-wordlist	standard	no Chuon definition; legacy word
ហេដ្ឋិមទិសា	approved	sbbic-khmer-wordlist	standard	no Chuon definition; legacy word
ហេតុកម្ម	approved	sbbic-khmer-wordlist	standard	no Chuon definition; legacy word
ហេតុមតី	approved	sbbic-khmer-wordlist	standard	no Chuon definition; legacy word
ហេតុមន្តី	approved	sbbic-khmer-wordlist	standard	no Chuon definition; legacy word
ហេមវ័តី	approved	sbbic-khmer-wordlist	standard	no Chuon definition; legacy word
ហេរ	approved	sbbic-khmer-wordlist	standard	no Chuon definition; legacy word
ហេៈហ៍	approved	sbbic-khmer-wordlist	standard	no Chuon definition; legacy word
ហែលក្នុងឱឃ	approved	sbbic-khmer-wordlist	standard	no Chuon definition; legacy word
ហែហូរ	approved	sbbic-khmer-wordlist	standard	no Chuon definition; legacy word
ហែៈហ៍	approved	sbbic-khmer-wordlist	standard	no Chuon definition; legacy word
ហៃមវ័ត	approved	sbbic-khmer-wordlist	standard	no Chuon definition; legacy word
ហៃអើ	approved	sbbic-khmer-wordlist	standard	no Chuon definition; legacy word
ហោមា	approved	sbbic-khmer-wordlist	standard	no Chuon definition; legacy word
ហៅយក	approved	sbbic-khmer-wordlist	standard	no Chuon definition; legacy word
ហៅអី	approved	sbbic-khmer-wordlist	standard	no Chuon definition; legacy word
ហំហួន	approved	sbbic-khmer-wordlist	standard	no Chuon definition; legacy word
ហ៊ប	approved	sbbic-khmer-wordlist	standard	no Chuon definition; legacy word
ហ៊ីងហង	approved	sbbic-khmer-wordlist	standard	no Chuon definition; legacy word
ហ៊ីវ	approved	sbbic-khmer-wordlist	standard	no Chuon definition; legacy word
ហ៊ឹស	approved	sbbic-khmer-wordlist	standard	no Chuon definition; legacy word
ហ៊ុប	approved	sbbic-khmer-wordlist	standard	no Chuon definition; legacy word
ហ៊ុយ	approved	sbbic-khmer-wordlist	standard	no Chuon definition; legacy word
ហ៊ើយ	approved	sbbic-khmer-wordlist	standard	no Chuon definition; legacy word
ហ៊ោហា	approved	sbbic-khmer-wordlist	standard	no Chuon definition; legacy word
ហ្នុង	approved	sbbic-khmer-wordlist	standard	no Chuon definition; legacy word
ហ្មឺង	approved	sbbic-khmer-wordlist	standard	no Chuon definition; legacy word
ហ្ល័កឋាន	approved	sbbic-khmer-wordlist	standard	no Chuon definition; legacy word
ហ្ល័ង	approved	sbbic-khmer-wordlist	standard	no Chuon definition; legacy word
ហ្វីល	approved	sbbic-khmer-wordlist	standard	no Chuon definition; legacy word
ហ្សិប	approved	sbbic-khmer-wordlist	standard	no Chuon definition; legacy word
ហ្សេតា	approved	sbbic-khmer-wordlist	standard	no Chuon definition; legacy word
ហ្ស៊ីប	approved	sbbic-khmer-wordlist	standard	no Chuon definition; legacy word
ឡកឡឺយ	approved	sbbic-khmer-wordlist	standard	no Chuon definition; legacy word
ឡឡប់	approved	sbbic-khmer-wordlist	standard	no Chuon definition; legacy word
ឡឡំ	approved	sbbic-khmer-wordlist	standard	no Chuon definition; legacy word
ឡាក់ឡាក់	approved	sbbic-khmer-wordlist	standard	no Chuon definition; legacy word
ឡាង	approved	sbbic-khmer-wordlist	standard	no Chuon definition; legacy word
ឡាតាំង	approved	sbbic-khmer-wordlist	standard	no Chuon definition; legacy word
ឡាប៊ីយែរ	approved	sbbic-khmer-wordlist	standard	no Chuon definition; legacy word
ឡាំងស៊ិង	approved	sbbic-khmer-wordlist	standard	no Chuon definition; legacy word
ឡាំប៊ី	approved	sbbic-khmer-wordlist	standard	no Chuon definition; legacy word
ឡឹម	approved	sbbic-khmer-wordlist	standard	no Chuon definition; legacy word
ឡឹស	approved	sbbic-khmer-wordlist	standard	no Chuon definition; legacy word
ឡឺស	approved	sbbic-khmer-wordlist	standard	no Chuon definition; legacy word
ឡុក	approved	sbbic-khmer-wordlist	standard	no Chuon definition; legacy word
ឡុបឡែ	approved	sbbic-khmer-wordlist	standard	no Chuon definition; legacy word
ឡូកូ	approved	sbbic-khmer-wordlist	standard	no Chuon definition; legacy word
ឡូមេ	approved	sbbic-khmer-wordlist	standard	no Chuon definition; legacy word
ឡូស	approved	sbbic-khmer-wordlist	standard	no Chuon definition; legacy word
ឡើងជិះ	approved	sbbic-khmer-wordlist	standard	no Chuon definition; legacy word
ឡេឡា	approved	sbbic-khmer-wordlist	standard	no Chuon definition; legacy word
ឡែឡំ	approved	sbbic-khmer-wordlist	standard	no Chuon definition; legacy word
ឡោស	approved	sbbic-khmer-wordlist	standard	no Chuon definition; legacy word
ឡៅតៅ	approved	sbbic-khmer-wordlist	standard	no Chuon definition; legacy word
ឡៅលើ	approved	sbbic-khmer-wordlist	standard	no Chuon definition; legacy word
អកតញ្ញូតា	approved	sbbic-khmer-wordlist	standard	no Chuon definition; legacy word
អកប្បកិរិយា	approved	sbbic-khmer-wordlist	standard	no Chuon definition; legacy word
អករដ្ឋាន	approved	sbbic-khmer-wordlist	standard	no Chuon definition; legacy word
អកាលជាតា	approved	sbbic-khmer-wordlist	standard	no Chuon definition; legacy word
អកាលញ្ញូតា	approved	sbbic-khmer-wordlist	standard	no Chuon definition; legacy word
អកាលភូតា	approved	sbbic-khmer-wordlist	standard	no Chuon definition; legacy word
អកោដ	approved	sbbic-khmer-wordlist	standard	no Chuon definition; legacy word
អកោដកម្ម	approved	sbbic-khmer-wordlist	standard	no Chuon definition; legacy word
អកោដទណ្ឌ	approved	sbbic-khmer-wordlist	standard	no Chuon definition; legacy word
អកោដសព្ទ	approved	sbbic-khmer-wordlist	standard	no Chuon definition; legacy word
អក្កោសនា	approved	sbbic-khmer-wordlist	standard	no Chuon definition; legacy word
អក្រោធនៈ	approved	sbbic-khmer-wordlist	standard	no Chuon definition; legacy word
អខ្យា	approved	sbbic-khmer-wordlist	standard	no Chuon definition; legacy word
អគារស្ថាន	approved	sbbic-khmer-wordlist	standard	no Chuon definition; legacy word
អគារិយវិន័យ	approved	sbbic-khmer-wordlist	standard	no Chuon definition; legacy word
អគារូបដ្ឋាន	approved	sbbic-khmer-wordlist	standard	no Chuon definition; legacy word
អគ្គសារ	approved	sbbic-khmer-wordlist	standard	no Chuon definition; legacy word
អគ្គា	approved	sbbic-khmer-wordlist	standard	no Chuon definition; legacy word
អគ្គិសនីស័ព្ទ	approved	sbbic-khmer-wordlist	standard	no Chuon definition; legacy word
អគ្គីភ័យ	approved	sbbic-khmer-wordlist	standard	no Chuon definition; legacy word
អគ្គីសនា	approved	sbbic-khmer-wordlist	standard	no Chuon definition; legacy word
អគ្ឃិយភ័ណ្ឌ	approved	sbbic-khmer-wordlist	standard	no Chuon definition; legacy word
អគ្រមហេសី	approved	sbbic-khmer-wordlist	standard	no Chuon definition; legacy word
អង់ការ៉ា	approved	unknown	standard	no Chuon definition; legacy word
អង់តាក់ទិក	approved	sbbic-khmer-wordlist	standard	no Chuon definition; legacy word
អង់ទីប៊ីយ៉ូទីក	approved	sbbic-khmer-wordlist	standard	no Chuon definition; legacy word
អង្កាំក	approved	sbbic-khmer-wordlist	standard	no Chuon definition; legacy word
អង្កិត	approved	sbbic-khmer-wordlist	standard	no Chuon definition; legacy word
អង្កឹល	approved	sbbic-khmer-wordlist	standard	no Chuon definition; legacy word
អង្កុញដៃ	approved	sbbic-khmer-wordlist	standard	no Chuon definition; legacy word
អង្ក្រំ	approved	sbbic-khmer-wordlist	standard	no Chuon definition; legacy word
អង្គលីសម្ភូត	approved	sbbic-khmer-wordlist	standard	no Chuon definition; legacy word
អង្គារពាណិជ្ជា	approved	sbbic-khmer-wordlist	standard	no Chuon definition; legacy word
អង្គុប	approved	sbbic-khmer-wordlist	standard	no Chuon definition; legacy word
អង្គុយតុ	approved	sbbic-khmer-wordlist	standard	no Chuon definition; legacy word
អង្គើ	approved	sbbic-khmer-wordlist	standard	no Chuon definition; legacy word
អង្គេឺស	approved	sbbic-khmer-wordlist	standard	no Chuon definition; legacy word
អង្គែស៊ី	approved	sbbic-khmer-wordlist	standard	no Chuon definition; legacy word
អង្គោះ	approved	sbbic-khmer-wordlist	standard	no Chuon definition; legacy word
អង្រី	approved	sbbic-khmer-wordlist	standard	no Chuon definition; legacy word
អចលន	approved	sbbic-khmer-wordlist	standard	no Chuon definition; legacy word
អចិត្តក	approved	sbbic-khmer-wordlist	standard	no Chuon definition; legacy word
អចិត្តភាព	approved	sbbic-khmer-wordlist	standard	no Chuon definition; legacy word
អចិន្ត	approved	sbbic-khmer-wordlist	standard	no Chuon definition; legacy word
អចិន្ត្រយ៍	approved	sbbic-khmer-wordlist	standard	no Chuon definition; legacy word
អចិរា	approved	sbbic-khmer-wordlist	standard	no Chuon definition; legacy word
អច្ចន្តកជន	approved	sbbic-khmer-wordlist	standard	no Chuon definition; legacy word
អជន	approved	sbbic-khmer-wordlist	standard	no Chuon definition; legacy word
អជីវ	approved	sbbic-khmer-wordlist	standard	no Chuon definition; legacy word
អញ្ចឹង	approved	sbbic-khmer-wordlist	standard	no Chuon definition; legacy word
អញ្ឆិល	approved	sbbic-khmer-wordlist	standard	no Chuon definition; legacy word
អញ្ជូន	approved	sbbic-khmer-wordlist	standard	no Chuon definition; legacy word
អញ្ញាតប័ណ្ណ	approved	sbbic-khmer-wordlist	standard	no Chuon definition; legacy word
អញ្ញាត្រតា	approved	sbbic-khmer-wordlist	standard	no Chuon definition; legacy word
អដ្ឋកថាចរិយ	approved	sbbic-khmer-wordlist	standard	no Chuon definition; legacy word
អដ្ឋង្ស	approved	sbbic-khmer-wordlist	standard	no Chuon definition; legacy word
អដ្ឋិរូហណា	approved	sbbic-khmer-wordlist	standard	no Chuon definition; legacy word
អណិកជន	approved	sbbic-khmer-wordlist	standard	no Chuon definition; legacy word
អណ្ឌ	approved	sbbic-khmer-wordlist	standard	no Chuon definition; legacy word
អណ្ឌជកំណើត	approved	sbbic-khmer-wordlist	standard	no Chuon definition; legacy word
អណ្ឌធំ	approved	sbbic-khmer-wordlist	standard	no Chuon definition; legacy word
អណ្ឌា	approved	sbbic-khmer-wordlist	standard	no Chuon definition; legacy word
អតិចារជាតិ	approved	sbbic-khmer-wordlist	standard	no Chuon definition; legacy word
អតិបរិមា	approved	sbbic-khmer-wordlist	standard	no Chuon definition; legacy word
អតិប្រមាណ	approved	sbbic-khmer-wordlist	standard	no Chuon definition; legacy word
អតិវិសាសគុណនាម	approved	sbbic-khmer-wordlist	standard	no Chuon definition; legacy word
អតិសុខុមា	approved	sbbic-khmer-wordlist	standard	no Chuon definition; legacy word
អត់មាន	approved	sbbic-khmer-wordlist	standard	no Chuon definition; legacy word
អត់់បើ	approved	sbbic-khmer-wordlist	standard	no Chuon definition; legacy word
អត្តឃតកម្ម	approved	sbbic-khmer-wordlist	standard	no Chuon definition; legacy word
អត្តិភាព	approved	sbbic-khmer-wordlist	standard	no Chuon definition; legacy word
អត្តុ	approved	sbbic-khmer-wordlist	standard	no Chuon definition; legacy word
អត្ថញ្ញូតា	approved	sbbic-khmer-wordlist	standard	no Chuon definition; legacy word
អត្ថា	approved	sbbic-khmer-wordlist	standard	no Chuon definition; legacy word
អត្ថាគាហក	approved	sbbic-khmer-wordlist	standard	no Chuon definition; legacy word
អត្ថាគាហកៈ	approved	sbbic-khmer-wordlist	standard	no Chuon definition; legacy word
អទិន្នា	approved	sbbic-khmer-wordlist	standard	no Chuon definition; legacy word
អទីនវានុបស្សិនី	approved	sbbic-khmer-wordlist	standard	no Chuon definition; legacy word
អទោសៈ	approved	sbbic-khmer-wordlist	standard	no Chuon definition; legacy word
អធន	approved	sbbic-khmer-wordlist	standard	no Chuon definition; legacy word
អធិករណ	approved	sbbic-khmer-wordlist	standard	no Chuon definition; legacy word
អធិកសុរ្យទិន	approved	sbbic-khmer-wordlist	standard	no Chuon definition; legacy word
អធិគិតវិទ្យា	approved	sbbic-khmer-wordlist	standard	no Chuon definition; legacy word
អធិមុត្ត	approved	sbbic-khmer-wordlist	standard	no Chuon definition; legacy word
អធឹក	approved	sbbic-khmer-wordlist	standard	no Chuon definition; legacy word
អធុនា	approved	sbbic-khmer-wordlist	standard	no Chuon definition; legacy word
អនត្ថករ	approved	sbbic-khmer-wordlist	standard	no Chuon definition; legacy word
អនត្ថការ	approved	sbbic-khmer-wordlist	standard	no Chuon definition; legacy word
អនន្ដា	approved	sbbic-khmer-wordlist	standard	no Chuon definition; legacy word
អនន្តា	approved	sbbic-khmer-wordlist	standard	no Chuon definition; legacy word
អនាគាមា	approved	chuon-nath-1967	standard	no matching RAC definition; legacy word
អនាគាមិ	approved	sbbic-khmer-wordlist	standard	no Chuon definition; legacy word
អនាទរា	approved	sbbic-khmer-wordlist	standard	no Chuon definition; legacy word
អនាសវ	approved	sbbic-khmer-wordlist	standard	no Chuon definition; legacy word
អនិជិតសេនា	approved	sbbic-khmer-wordlist	standard	no Chuon definition; legacy word
អនិត្យ	approved	sbbic-khmer-wordlist	standard	no Chuon definition; legacy word
អនិទូត	approved	sbbic-khmer-wordlist	standard	no Chuon definition; legacy word
អនិយ័ត	approved	sbbic-khmer-wordlist	standard	no Chuon definition; legacy word
អនិស្សរោ	approved	sbbic-khmer-wordlist	standard	no Chuon definition; legacy word
អនិស្សរំ	approved	sbbic-khmer-wordlist	standard	no Chuon definition; legacy word
អនិស្សាវនក	approved	sbbic-khmer-wordlist	standard	no Chuon definition; legacy word
អនីតិ	approved	reviewed	standard	no Chuon definition; legacy word
អនីតិសង្វាសនី	approved	sbbic-khmer-wordlist	standard	no Chuon definition; legacy word
អនុក	approved	sbbic-khmer-wordlist	standard	no Chuon definition; legacy word
អនុគមន៍	approved	unknown	standard	no Chuon definition; legacy word
អនុបរទេស	approved	sbbic-khmer-wordlist	standard	no Chuon definition; legacy word
អនុពល	approved	sbbic-khmer-wordlist	standard	no Chuon definition; legacy word
អនុយាត	approved	sbbic-khmer-wordlist	standard	no Chuon definition; legacy word
អនុរក្សា	approved	sbbic-khmer-wordlist	standard	no Chuon definition; legacy word
អនុសាសនា	approved	sbbic-khmer-wordlist	standard	no Chuon definition; legacy word
អនុសេនាធំ	approved	sbbic-khmer-wordlist	standard	no Chuon definition; legacy word
អន់ឈើ	approved	sbbic-khmer-wordlist	standard	no Chuon definition; legacy word
អន់ថយ	approved	sbbic-khmer-wordlist	standard	no Chuon definition; legacy word
អន់អៀន	approved	reviewed	standard	no Chuon definition; legacy word
អន់អោន	approved	reviewed	standard	no Chuon definition; legacy word
អន្តពណ៌	approved	sbbic-khmer-wordlist	standard	no Chuon definition; legacy word
អន្តរភាព	approved	sbbic-khmer-wordlist	standard	no Chuon definition; legacy word
អន្តរាការ	approved	sbbic-khmer-wordlist	standard	no Chuon definition; legacy word
អន្តរាមាគា៌	approved	sbbic-khmer-wordlist	standard	no Chuon definition; legacy word
អន្តរាមាគ៌	approved	sbbic-khmer-wordlist	standard	no Chuon definition; legacy word
អន្តរោកាស	approved	sbbic-khmer-wordlist	standard	no Chuon definition; legacy word
អន្តលក្ខិ	approved	sbbic-khmer-wordlist	standard	no Chuon definition; legacy word
អន្តឺម	approved	sbbic-khmer-wordlist	standard	no Chuon definition; legacy word
អន្ទិត	approved	sbbic-khmer-wordlist	standard	no Chuon definition; legacy word
អន្ទ្រីម	approved	sbbic-khmer-wordlist	standard	no Chuon definition; legacy word
អន្ទ្រើក	approved	sbbic-khmer-wordlist	standard	no Chuon definition; legacy word
អន្ធករ	approved	sbbic-khmer-wordlist	standard	no Chuon definition; legacy word
អន្ធឺល	approved	sbbic-khmer-wordlist	standard	no Chuon definition; legacy word
អន្ធូ	approved	sbbic-khmer-wordlist	standard	no Chuon definition; legacy word
អន្ធើត	approved	sbbic-khmer-wordlist	standard	no Chuon definition; legacy word
អន្យ	approved	sbbic-khmer-wordlist	standard	no Chuon definition; legacy word
អន្យតីរ្ថិយ	approved	sbbic-khmer-wordlist	standard	no Chuon definition; legacy word
អន្លឹម	approved	sbbic-khmer-wordlist	standard	no Chuon definition; legacy word
អន្ល៉ាយ	approved	sbbic-khmer-wordlist	standard	no Chuon definition; legacy word
អន្វឌ្ឍមាស	approved	sbbic-khmer-wordlist	standard	no Chuon definition; legacy word
អន្សើម	approved	sbbic-khmer-wordlist	standard	no Chuon definition; legacy word
អន្សែ	approved	sbbic-khmer-wordlist	standard	no Chuon definition; legacy word
អបល័ក្ខណ៍	approved	sbbic-khmer-wordlist	standard	no Chuon definition; legacy word
អបល័ក្សណ៍	approved	sbbic-khmer-wordlist	standard	no Chuon definition; legacy word
អបុញ្ញភិសង្ខារ	approved	sbbic-khmer-wordlist	standard	no Chuon definition; legacy word
អប្បិយសព្ទ	approved	sbbic-khmer-wordlist	standard	no Chuon definition; legacy word
អប្បិយា	approved	sbbic-khmer-wordlist	standard	no Chuon definition; legacy word
អប្បិយោ	approved	sbbic-khmer-wordlist	standard	no Chuon definition; legacy word
អប្រិយស័ព្ទ	approved	sbbic-khmer-wordlist	standard	no Chuon definition; legacy word
អប្រិយ៍	approved	sbbic-khmer-wordlist	standard	no Chuon definition; legacy word
អព្យកត	approved	sbbic-khmer-wordlist	standard	no Chuon definition; legacy word
អព្យយ	approved	sbbic-khmer-wordlist	standard	no Chuon definition; legacy word
អព្យាក្រិត	approved	sbbic-khmer-wordlist	standard	no Chuon definition; legacy word
អព្វោហោរិកា	approved	sbbic-khmer-wordlist	standard	no Chuon definition; legacy word
អភព្វ	approved	sbbic-khmer-wordlist	standard	no Chuon definition; legacy word
អភយ	approved	sbbic-khmer-wordlist	standard	no Chuon definition; legacy word
អភយូ	approved	sbbic-khmer-wordlist	standard	no Chuon definition; legacy word
អភិជ្ឈាភិភូតា	approved	sbbic-khmer-wordlist	standard	no Chuon definition; legacy word
អភ័យដ្ឋាន	approved	sbbic-khmer-wordlist	standard	no Chuon definition; legacy word
អភ័យទាន	approved	sbbic-khmer-wordlist	standard	no Chuon definition; legacy word
អភ័យប្រទេស	approved	sbbic-khmer-wordlist	standard	no Chuon definition; legacy word
អមត្តញ្ញូតា	approved	sbbic-khmer-wordlist	standard	no Chuon definition; legacy word
អមរទ្រិ	approved	sbbic-khmer-wordlist	standard	no Chuon definition; legacy word
អមរា	approved	sbbic-khmer-wordlist	standard	no Chuon definition; legacy word
អម្ពិលប្រក់ផ្លៃ	approved	sbbic-khmer-wordlist	standard	no Chuon definition; legacy word
អយ	approved	sbbic-khmer-wordlist	standard	no Chuon definition; legacy word
អយរថអគ្គីសនី	approved	sbbic-khmer-wordlist	standard	no Chuon definition; legacy word
អយស្កម្ភ	approved	sbbic-khmer-wordlist	standard	no Chuon definition; legacy word
អយុវេ៌ទ	approved	sbbic-khmer-wordlist	standard	no Chuon definition; legacy word
អរញ្ញបាលក	approved	sbbic-khmer-wordlist	standard	no Chuon definition; legacy word
អរញ្ញយតនៈ	approved	sbbic-khmer-wordlist	standard	no Chuon definition; legacy word
អរញ្ញវាសិន	approved	sbbic-khmer-wordlist	standard	no Chuon definition; legacy word
អរញ្ញា	approved	sbbic-khmer-wordlist	standard	no Chuon definition; legacy word
អរដោណេ	approved	reviewed	standard	no Chuon definition; legacy word
អរណ្យវាសិនី	approved	sbbic-khmer-wordlist	standard	no Chuon definition; legacy word
អរណ្យវាសី	approved	sbbic-khmer-wordlist	standard	no Chuon definition; legacy word
អរាជិក	approved	sbbic-khmer-wordlist	standard	no Chuon definition; legacy word
អរិយុ	approved	sbbic-khmer-wordlist	standard	no Chuon definition; legacy word
អរុណពណ៌	approved	sbbic-khmer-wordlist	standard	no Chuon definition; legacy word
អរុណភា	approved	sbbic-khmer-wordlist	standard	no Chuon definition; legacy word
អរុណសារថី	approved	sbbic-khmer-wordlist	standard	no Chuon definition; legacy word
អរុណា	approved	sbbic-khmer-wordlist	standard	no Chuon definition; legacy word
អរុណោ	approved	sbbic-khmer-wordlist	standard	no Chuon definition; legacy word
អរូបីកម្ម	approved	sbbic-khmer-wordlist	standard	no Chuon definition; legacy word
អរេ	approved	sbbic-khmer-wordlist	standard	no Chuon definition; legacy word
អរោគ្យ	approved	sbbic-khmer-wordlist	standard	no Chuon definition; legacy word
អលជ្ជិបុគ្គល	approved	sbbic-khmer-wordlist	standard	no Chuon definition; legacy word
អលជ្ជីបុព្វជិត	approved	sbbic-khmer-wordlist	standard	no Chuon definition; legacy word
អលាភា	approved	sbbic-khmer-wordlist	standard	no Chuon definition; legacy word
អវ	approved	reviewed	standard	no Chuon definition; legacy word
អវគ្រាះ	approved	sbbic-khmer-wordlist	standard	no Chuon definition; legacy word
អវសានា	approved	sbbic-khmer-wordlist	standard	no Chuon definition; legacy word
អវិតិក្កម	approved	sbbic-khmer-wordlist	standard	no Chuon definition; legacy word
អវិនយ	approved	sbbic-khmer-wordlist	standard	no Chuon definition; legacy word
អវិរូឡ្ហវិទ្យា	approved	sbbic-khmer-wordlist	standard	no Chuon definition; legacy word
អវីតិក្កមៈ	approved	sbbic-khmer-wordlist	standard	no Chuon definition; legacy word
អវីតិក្រមៈ	approved	sbbic-khmer-wordlist	standard	no Chuon definition; legacy word
អសង្ហារិម	approved	sbbic-khmer-wordlist	standard	no Chuon definition; legacy word
អសទិសស័ព្ទ	approved	sbbic-khmer-wordlist	standard	no Chuon definition; legacy word
អសម្បជញ្ញ	approved	sbbic-khmer-wordlist	standard	no Chuon definition; legacy word
អសាធារណ	approved	chuon-nath-1967	standard	no matching RAC definition; legacy word
អសារក	approved	sbbic-khmer-wordlist	standard	no Chuon definition; legacy word
អសារជាតិ	approved	sbbic-khmer-wordlist	standard	no Chuon definition; legacy word
អសារភាព	approved	sbbic-khmer-wordlist	standard	no Chuon definition; legacy word
អសិទ្ធ	approved	sbbic-khmer-wordlist	standard	no Chuon definition; legacy word
អសុ	approved	sbbic-khmer-wordlist	standard	no Chuon definition; legacy word
អសុក្រិតភាព	approved	sbbic-khmer-wordlist	standard	no Chuon definition; legacy word
អសុន្ទរវាទី	approved	sbbic-khmer-wordlist	standard	no Chuon definition; legacy word
អសេក្ខ	approved	sbbic-khmer-wordlist	standard	no Chuon definition; legacy word
អសេខ	approved	sbbic-khmer-wordlist	standard	no Chuon definition; legacy word
អស់ជំនឿ	approved	sbbic-khmer-wordlist	standard	no Chuon definition; legacy word
អស់ទាស់	approved	sbbic-khmer-wordlist	standard	no Chuon definition; legacy word
អស់ទិសា	approved	sbbic-khmer-wordlist	standard	no Chuon definition; legacy word
អស់ពីនេះនោះ	approved	sbbic-khmer-wordlist	standard	no Chuon definition; legacy word
អស់ម៉ត់	approved	sbbic-khmer-wordlist	standard	no Chuon definition; legacy word
អស្វកុដិ	approved	sbbic-khmer-wordlist	standard	no Chuon definition; legacy word
អស្វបាសិកា	approved	sbbic-khmer-wordlist	standard	no Chuon definition; legacy word
អស្វា	approved	sbbic-khmer-wordlist	standard	no Chuon definition; legacy word
អស្វាមុកា	approved	sbbic-khmer-wordlist	standard	no Chuon definition; legacy word
អស្វាសៈ	approved	sbbic-khmer-wordlist	standard	no Chuon definition; legacy word
អស្សបោសិកា	approved	sbbic-khmer-wordlist	standard	no Chuon definition; legacy word
អស្សឫទ្ធី	approved	sbbic-khmer-wordlist	standard	no Chuon definition; legacy word
អស្សា	approved	sbbic-khmer-wordlist	standard	no Chuon definition; legacy word
អស្សានិក	approved	sbbic-khmer-wordlist	standard	no Chuon definition; legacy word
អស្សាសាលា	approved	sbbic-khmer-wordlist	standard	no Chuon definition; legacy word
អស្សាសិប្បៈ	approved	sbbic-khmer-wordlist	standard	no Chuon definition; legacy word
អស្សាសូត	approved	sbbic-khmer-wordlist	standard	no Chuon definition; legacy word
អស្ស័រតន៍	approved	sbbic-khmer-wordlist	standard	no Chuon definition; legacy word
អហិតា	approved	sbbic-khmer-wordlist	standard	no Chuon definition; legacy word
អហិតេ	approved	sbbic-khmer-wordlist	standard	no Chuon definition; legacy word
អហិទិដ្ឋា	approved	sbbic-khmer-wordlist	standard	no Chuon definition; legacy word
អាករខេនិក	approved	sbbic-khmer-wordlist	standard	no Chuon definition; legacy word
អាករា	approved	sbbic-khmer-wordlist	standard	no Chuon definition; legacy word
អាកាដទណ្ឌ	approved	sbbic-khmer-wordlist	standard	no Chuon definition; legacy word
អាកាសធាតិសាស្ត្រ	approved	sbbic-khmer-wordlist	standard	no Chuon definition; legacy word
អាកាសស័ព្ទ	approved	sbbic-khmer-wordlist	standard	no Chuon definition; legacy word
អាកាសា	approved	sbbic-khmer-wordlist	standard	no Chuon definition; legacy word
អាកុល	approved	sbbic-khmer-wordlist	standard	no Chuon definition; legacy word
អាគ្យាគារ	approved	sbbic-khmer-wordlist	standard	no Chuon definition; legacy word
អាគ្រាក់	approved	sbbic-khmer-wordlist	standard	no Chuon definition; legacy word
អាឃាសន	approved	sbbic-khmer-wordlist	standard	no Chuon definition; legacy word
អាងអួត	approved	sbbic-khmer-wordlist	standard	no Chuon definition; legacy word
អាងោះ	approved	sbbic-khmer-wordlist	standard	no Chuon definition; legacy word
អាចរិយកតញ្ញ	approved	sbbic-khmer-wordlist	standard	no Chuon definition; legacy word
អាចរិយប្បាចរិយ	approved	sbbic-khmer-wordlist	standard	no Chuon definition; legacy word
អាចរិយុ	approved	sbbic-khmer-wordlist	standard	no Chuon definition; legacy word
អាចរិយោ	approved	sbbic-khmer-wordlist	standard	no Chuon definition; legacy word
អាចារវិបត្ត	approved	sbbic-khmer-wordlist	standard	no Chuon definition; legacy word
អាចារា	approved	sbbic-khmer-wordlist	standard	no Chuon definition; legacy word
អាចិណ្ណា	approved	sbbic-khmer-wordlist	standard	no Chuon definition; legacy word
អាចឺម	approved	sbbic-khmer-wordlist	standard	no Chuon definition; legacy word
អាចោរ	approved	sbbic-khmer-wordlist	standard	no Chuon definition; legacy word
អាជីវោ	approved	sbbic-khmer-wordlist	standard	no Chuon definition; legacy word
អាជ្ញាប័ណ្ណ	approved	sbbic-khmer-wordlist	standard	no Chuon definition; legacy word
អាណត្ត	approved	sbbic-khmer-wordlist	standard	no Chuon definition; legacy word
អាណាវិតិក្កមៈ	approved	sbbic-khmer-wordlist	standard	no Chuon definition; legacy word
អាណាវិតិក្រម	approved	sbbic-khmer-wordlist	standard	no Chuon definition; legacy word
អាណាវ័តិក្កមចេតនា	approved	sbbic-khmer-wordlist	standard	no Chuon definition; legacy word
អាណិក	approved	reviewed	standard	no Chuon definition; legacy word
អាណោចអាធម៌	approved	sbbic-khmer-wordlist	standard	no Chuon definition; legacy word
អាណោចអាធម៍	approved	sbbic-khmer-wordlist	standard	no Chuon definition; legacy word
អាត្មាត	approved	sbbic-khmer-wordlist	standard	no Chuon definition; legacy word
អាត្រាក់	approved	sbbic-khmer-wordlist	standard	no Chuon definition; legacy word
អាថែន	approved	unknown	standard	no Chuon definition; legacy word
អាទក	approved	sbbic-khmer-wordlist	standard	no Chuon definition; legacy word
អាទេសី	approved	sbbic-khmer-wordlist	standard	no Chuon definition; legacy word
អាធ្រាត្រ	approved	sbbic-khmer-wordlist	standard	no Chuon definition; legacy word
អានបាលី	approved	sbbic-khmer-wordlist	standard	no Chuon definition; legacy word
អានសេះ	approved	sbbic-khmer-wordlist	standard	no Chuon definition; legacy word
អានាធិបតេយ្យ	approved	sbbic-khmer-wordlist	standard	no Chuon definition; legacy word
អានារ្យធម៌	approved	sbbic-khmer-wordlist	standard	no Chuon definition; legacy word
អានុះ	approved	sbbic-khmer-wordlist	standard	no Chuon definition; legacy word
អានេះ	approved	sbbic-khmer-wordlist	standard	no Chuon definition; legacy word
អានោះ	approved	sbbic-khmer-wordlist	standard	no Chuon definition; legacy word
អាន់	approved	sbbic-khmer-wordlist	standard	no Chuon definition; legacy word
អាន់ម៉ោន	approved	sbbic-khmer-wordlist	standard	no Chuon definition; legacy word
អាបរោ	approved	sbbic-khmer-wordlist	standard	no Chuon definition; legacy word
អាបេ	approved	sbbic-khmer-wordlist	standard	no Chuon definition; legacy word
អាប៉ាទី	approved	sbbic-khmer-wordlist	standard	no Chuon definition; legacy word
អាប៊ូចា	approved	sbbic-khmer-wordlist	standard	no Chuon definition; legacy word
អាប់យស	approved	sbbic-khmer-wordlist	standard	no Chuon definition; legacy word
អាប់រាសី	approved	sbbic-khmer-wordlist	standard	no Chuon definition; legacy word
អាប់សែស៍	approved	sbbic-khmer-wordlist	standard	no Chuon definition; legacy word
អាប្រុស	approved	sbbic-khmer-wordlist	standard	no Chuon definition; legacy word
អាភឿន	approved	sbbic-khmer-wordlist	standard	no Chuon definition; legacy word
អាភ្លើ	approved	sbbic-khmer-wordlist	standard	no Chuon definition; legacy word
អាមកភោជិនី	approved	sbbic-khmer-wordlist	standard	no Chuon definition; legacy word
អាមេរិក	approved	sbbic-khmer-wordlist	standard	no Chuon definition; legacy word
អាមេរិកឡាទីន	approved	sbbic-khmer-wordlist	standard	no Chuon definition; legacy word
អាមោឃ	approved	sbbic-khmer-wordlist	standard	no Chuon definition; legacy word
អាម៉ង់	approved	sbbic-khmer-wordlist	standard	no Chuon definition; legacy word
អាម៉ាក	approved	sbbic-khmer-wordlist	standard	no Chuon definition; legacy word
អាម៉ាស្ទីន	approved	sbbic-khmer-wordlist	standard	no Chuon definition; legacy word
អាយាចន	approved	sbbic-khmer-wordlist	standard	no Chuon definition; legacy word
អាយុវិជ្ជ	approved	sbbic-khmer-wordlist	standard	no Chuon definition; legacy word
អាយុវេទ៍	approved	sbbic-khmer-wordlist	standard	no Chuon definition; legacy word
អាយេ៌	approved	sbbic-khmer-wordlist	standard	no Chuon definition; legacy word
អារញ្ញកា	approved	sbbic-khmer-wordlist	standard	no Chuon definition; legacy word
អារញ្ញបាល	approved	sbbic-khmer-wordlist	standard	no Chuon definition; legacy word
អារម្មណ	approved	sbbic-khmer-wordlist	standard	no Chuon definition; legacy word
អារម្មណ៍ប្បភេទ	approved	sbbic-khmer-wordlist	standard	no Chuon definition; legacy word
អារាគា	approved	chuon-nath-1967	standard	no matching RAC definition; legacy word
អារាធន	approved	sbbic-khmer-wordlist	standard	no Chuon definition; legacy word
អារាធនាកថា	approved	sbbic-khmer-wordlist	standard	no Chuon definition; legacy word
អារាធនាការណ៍	approved	sbbic-khmer-wordlist	standard	no Chuon definition; legacy word
អារាធនាភាព	approved	sbbic-khmer-wordlist	standard	no Chuon definition; legacy word
អារាមា	approved	sbbic-khmer-wordlist	standard	no Chuon definition; legacy word
អារេ	approved	sbbic-khmer-wordlist	standard	no Chuon definition; legacy word
អារ៉ាប	approved	sbbic-khmer-wordlist	standard	no Chuon definition; legacy word
អារ៉ាប់	approved	sbbic-khmer-wordlist	standard	no Chuon definition; legacy word
អារ្យធន	approved	sbbic-khmer-wordlist	standard	no Chuon definition; legacy word
អារ្យបុគ្គល	approved	sbbic-khmer-wordlist	standard	no Chuon definition; legacy word
អារ្យវង្ស	approved	sbbic-khmer-wordlist	standard	no Chuon definition; legacy word
អារ្យសាវិកា	approved	sbbic-khmer-wordlist	standard	no Chuon definition; legacy word
អារ្យសាវ័ក	approved	sbbic-khmer-wordlist	standard	no Chuon definition; legacy word
អាលយ	approved	sbbic-khmer-wordlist	standard	no Chuon definition; legacy word
អាលិង្គនះ	approved	sbbic-khmer-wordlist	standard	no Chuon definition; legacy word
អាល់កាលី	approved	sbbic-khmer-wordlist	standard	no Chuon definition; legacy word
អាល់បានី	approved	unknown	standard	no Chuon definition; legacy word
អាល័យភាព	approved	sbbic-khmer-wordlist	standard	no Chuon definition; legacy word
អាវសិក	approved	sbbic-khmer-wordlist	standard	no Chuon definition; legacy word
អាវា	approved	sbbic-khmer-wordlist	standard	no Chuon definition; legacy word
អាវ៉ា	approved	sbbic-khmer-wordlist	standard	no Chuon definition; legacy word
អាសន	approved	sbbic-khmer-wordlist	standard	no Chuon definition; legacy word
អាសនា	approved	sbbic-khmer-wordlist	standard	no Chuon definition; legacy word
អាសនៈសាលា	approved	sbbic-khmer-wordlist	standard	no Chuon definition; legacy word
អាសារៀន	approved	sbbic-khmer-wordlist	standard	no Chuon definition; legacy word
អាសិរ	approved	sbbic-khmer-wordlist	standard	no Chuon definition; legacy word
អាសូត	approved	sbbic-khmer-wordlist	standard	no Chuon definition; legacy word
អាស៊ាន	approved	sbbic-khmer-wordlist	standard	no Chuon definition; legacy word
អាស៊ីទ	approved	reviewed	standard	no Chuon definition; legacy word
អាស្រី	approved	sbbic-khmer-wordlist	standard	no Chuon definition; legacy word
អាស្សាមិក	approved	sbbic-khmer-wordlist	standard	no Chuon definition; legacy word
អាស្សាមិករណ៍	approved	sbbic-khmer-wordlist	standard	no Chuon definition; legacy word
អាហិវាតរោគ	approved	sbbic-khmer-wordlist	standard	no Chuon definition; legacy word
អាហ្វ្រិកា	approved	sbbic-khmer-wordlist	standard	no Chuon definition; legacy word
អាំងអួង	approved	reviewed	standard	no Chuon definition; legacy word
អិស្លាម	approved	reviewed	variant	no Chuon definition; legacy word
អីចឹង	approved	reviewed	variant	reviewed typo pair
អីចុង	approved	reviewed	variant	no Chuon definition; legacy word
អីចុះ	approved	reviewed	variant	no Chuon definition; legacy word
អីចេះ	approved	reviewed	variant	no Chuon definition; legacy word
អីណា	approved	sbbic-khmer-wordlist	standard	no Chuon definition; legacy word
អីថា	approved	reviewed	variant	no Chuon definition; legacy word
អីយី	approved	sbbic-khmer-wordlist	standard	no Chuon definition; legacy word
អីយឺស	approved	sbbic-khmer-wordlist	standard	no Chuon definition; legacy word
អីយូយ	approved	sbbic-khmer-wordlist	standard	no Chuon definition; legacy word
អីយើ	approved	sbbic-khmer-wordlist	standard	no Chuon definition; legacy word
អីយើស	approved	sbbic-khmer-wordlist	standard	no Chuon definition; legacy word
អីយ៉ា	approved	sbbic-khmer-wordlist	standard	no Chuon definition; legacy word
អីយ៉ូយ	approved	sbbic-khmer-wordlist	standard	no Chuon definition; legacy word
អីសោះ	approved	sbbic-khmer-wordlist	standard	no Chuon definition; legacy word
អឺរ៉ូប	approved	sbbic-khmer-wordlist	standard	no Chuon definition; legacy word
អឺអើ	approved	reviewed	standard	no Chuon definition; legacy word
អឺ៎យ	approved	chuon-nath-1967	standard	no matching RAC definition; legacy word
អុងយ៉ា	approved	sbbic-khmer-wordlist	standard	no Chuon definition; legacy word
អុងឡឺង	approved	sbbic-khmer-wordlist	standard	no Chuon definition; legacy word
អុញ	approved	sbbic-khmer-wordlist	standard	no Chuon definition; legacy word
អុតបាយ	approved	sbbic-khmer-wordlist	standard	no Chuon definition; legacy word
អុយ	approved	sbbic-khmer-wordlist	standard	no Chuon definition; legacy word
អុំស្រូវ	approved	sbbic-khmer-wordlist	standard	no Chuon definition; legacy word
អូតូប៊ុស	approved	sbbic-khmer-wordlist	standard	no Chuon definition; legacy word
អូទីត	approved	sbbic-khmer-wordlist	standard	no Chuon definition; legacy word
អូប៉ិច	approved	sbbic-khmer-wordlist	standard	no Chuon definition; legacy word
អូម៉ង់	approved	unknown	standard	no Chuon definition; legacy word
អូម៉ូសែន	approved	sbbic-khmer-wordlist	standard	no Chuon definition; legacy word
អូយ	approved	sbbic-khmer-wordlist	standard	no Chuon definition; legacy word
អូយយ៉ា	approved	sbbic-khmer-wordlist	standard	no Chuon definition; legacy word
អូយយ៉ះ	approved	sbbic-khmer-wordlist	standard	no Chuon definition; legacy word
អូរម្រះ	approved	reviewed	standard	no Chuon definition; legacy word
អូសូន	approved	sbbic-khmer-wordlist	standard	no Chuon definition; legacy word
អូស្មូស	approved	reviewed	standard	no Chuon definition; legacy word
អូស្វ៊ែ	approved	sbbic-khmer-wordlist	standard	no Chuon definition; legacy word
អូ៎ក	approved	sbbic-khmer-wordlist	standard	no Chuon definition; legacy word
អូ៎យ	approved	reviewed	variant	no Chuon definition; legacy word
អួតមាន	approved	sbbic-khmer-wordlist	standard	no Chuon definition; legacy word
អើង	approved	sbbic-khmer-wordlist	standard	no Chuon definition; legacy word
អើតមើល	approved	sbbic-khmer-wordlist	standard	no Chuon definition; legacy word
អឿក	approved	sbbic-khmer-wordlist	standard	no Chuon definition; legacy word
អេកូ	approved	reviewed	standard	no Chuon definition; legacy word
អេកូស	approved	sbbic-khmer-wordlist	standard	no Chuon definition; legacy word
អេគុយ	approved	sbbic-khmer-wordlist	standard	no Chuon definition; legacy word
អេង	approved	sbbic-khmer-wordlist	standard	no Chuon definition; legacy word
អេតែរ	approved	sbbic-khmer-wordlist	standard	no Chuon definition; legacy word
អេប	approved	sbbic-khmer-wordlist	standard	no Chuon definition; legacy word
អេប៊ីស៊ី	approved	sbbic-khmer-wordlist	standard	no Chuon definition; legacy word
អេភេសូរ	approved	sbbic-khmer-wordlist	standard	no Chuon definition; legacy word
អេម	approved	sbbic-khmer-wordlist	standard	no Chuon definition; legacy word
អេម៉ុស	approved	sbbic-khmer-wordlist	standard	no Chuon definition; legacy word
អេវ៉េគ	approved	sbbic-khmer-wordlist	standard	no Chuon definition; legacy word
អេស្តូនី	approved	sbbic-khmer-wordlist	standard	no Chuon definition; legacy word
អេៈអុ	approved	reviewed	variant	no matching RAC definition; legacy word
អេ៎ប	approved	sbbic-khmer-wordlist	standard	no Chuon definition; legacy word
អែតា	approved	sbbic-khmer-wordlist	standard	no Chuon definition; legacy word
អែនស៊ែ	approved	sbbic-khmer-wordlist	standard	no Chuon definition; legacy word
អែបទូក	approved	sbbic-khmer-wordlist	standard	no Chuon definition; legacy word
អែបឡប	approved	sbbic-khmer-wordlist	standard	no Chuon definition; legacy word
អែស	approved	sbbic-khmer-wordlist	standard	no Chuon definition; legacy word
អែសរ៉ា	approved	sbbic-khmer-wordlist	standard	no Chuon definition; legacy word
អៃយ៉ា	approved	sbbic-khmer-wordlist	standard	no Chuon definition; legacy word
អៃយ៉ូ	approved	sbbic-khmer-wordlist	standard	no Chuon definition; legacy word
អោន	approved	sbbic-khmer-wordlist	standard	no Chuon definition; legacy word
អោនថយ	approved	sbbic-khmer-wordlist	standard	no Chuon definition; legacy word
អោនភាព	approved	sbbic-khmer-wordlist	standard	no Chuon definition; legacy word
អោប	approved	sbbic-khmer-wordlist	standard	no Chuon definition; legacy word
អោបរឹត	approved	sbbic-khmer-wordlist	standard	no Chuon definition; legacy word
អោបអរ	approved	sbbic-khmer-wordlist	standard	no Chuon definition; legacy word
អោយ	approved	unknown	standard	no Chuon definition; legacy word
អោយពរ	approved	sbbic-khmer-wordlist	standard	no Chuon definition; legacy word
អោ៎ះអោ៎	approved	reviewed	standard	no Chuon definition; legacy word
អំណាចនិតិបញ្ញត្តិ	approved	reviewed	standard	no Chuon definition; legacy word
អំណារ	approved	reviewed	standard	no Chuon definition; legacy word
អំណូស	approved	reviewed	standard	no Chuon definition; legacy word
អំបេអំបែក	approved	sbbic-khmer-wordlist	standard	no Chuon definition; legacy word
អំពារ	approved	reviewed	variant	no Chuon definition; legacy word
អំពិល	approved	reviewed	standard	no Chuon definition; legacy word
អំពុក	approved	reviewed	standard	no Chuon definition; legacy word
អំពេ	approved	reviewed	standard	no Chuon definition; legacy word
អំំបែង	approved	reviewed	standard	no Chuon definition; legacy word
អ៊ីកអ៊ាក់	approved	reviewed	variant	no Chuon definition; legacy word
អ៊ីណា	approved	sbbic-khmer-wordlist	standard	no Chuon definition; legacy word
អ៊ីតាលី	approved	unknown	standard	no Chuon definition; legacy word
អ៊ីយ៉ូដ	approved	sbbic-khmer-wordlist	standard	no Chuon definition; legacy word
អ៊ីយ៉ូត	approved	sbbic-khmer-wordlist	standard	no Chuon definition; legacy word
អ៊ីសូមែ	approved	sbbic-khmer-wordlist	standard	no Chuon definition; legacy word
អ៊ឹក	approved	sbbic-khmer-wordlist	standard	no Chuon definition; legacy word
អ៊ឹងអ័ព្ទ	approved	sbbic-khmer-wordlist	standard	no Chuon definition; legacy word
អ៊ឹមអៀម	approved	sbbic-khmer-wordlist	standard	no Chuon definition; legacy word
អ៊ឺយ	approved	sbbic-khmer-wordlist	standard	no Chuon definition; legacy word
អ៊ឺអើ	approved	reviewed	standard	no Chuon definition; legacy word
អ៊ូយ	approved	reviewed	variant	no Chuon definition; legacy word
អ៊ូយយ៉ា	approved	sbbic-khmer-wordlist	standard	no Chuon definition; legacy word
អ៊េង	approved	reviewed	standard	no Chuon definition; legacy word
អ៊ែនស៊ែ	approved	sbbic-khmer-wordlist	standard	no Chuon definition; legacy word
អ៊ែម	approved	reviewed	standard	no Chuon definition; legacy word
អ៊ែស	approved	sbbic-khmer-wordlist	standard	no Chuon definition; legacy word
អ៊ែសមេះ	approved	sbbic-khmer-wordlist	standard	no Chuon definition; legacy word
អ៊ំប្រុស	approved	sbbic-khmer-wordlist	standard	no Chuon definition; legacy word
អ៊ំស្រី	approved	sbbic-khmer-wordlist	standard	no Chuon definition; legacy word
អ័ព្ភសន្និបាត	approved	sbbic-khmer-wordlist	standard	no Chuon definition; legacy word
អ័ល្ប	approved	reviewed	standard	no Chuon definition; legacy word
អ្ថាៈ	approved	reviewed	standard	no Chuon definition; legacy word
អ្នកក្រៅ	approved	reviewed	standard	no Chuon definition; legacy word
អ្នកគ្រូ	approved	reviewed	standard	no Chuon definition; legacy word
អ្នកចម្ការឿ	approved	reviewed	standard	no Chuon definition; legacy word
អ្នកចាំ	approved	reviewed	standard	no Chuon definition; legacy word
អ្នកចាំទី	approved	reviewed	standard	no Chuon definition; legacy word
អ្នកចៅ	approved	reviewed	standard	no Chuon definition; legacy word
អ្នកជឿ	approved	reviewed	standard	no Chuon definition; legacy word
អ្នកជំនាញ	approved	reviewed	standard	no Chuon definition; legacy word
អ្នកទស្សនា	approved	sbbic-khmer-wordlist	standard	no Chuon definition; legacy word
អ្នកលើ	approved	sbbic-khmer-wordlist	standard	no Chuon definition; legacy word
អ្នកលឿង	approved	reviewed	standard	no Chuon definition; legacy word
អ្នកសុំ	approved	sbbic-khmer-wordlist	standard	no Chuon definition; legacy word
អ្នកស្រី	approved	reviewed	standard	no Chuon definition; legacy word
អ្ហ	approved	sbbic-khmer-wordlist	standard	no Chuon definition; legacy word
អ្ហា	approved	sbbic-khmer-wordlist	standard	no Chuon definition; legacy word
អ្ហឺ	approved	sbbic-khmer-wordlist	standard	no Chuon definition; legacy word
អ្ហូ	approved	sbbic-khmer-wordlist	standard	no Chuon definition; legacy word
អ្ហោ	approved	sbbic-khmer-wordlist	standard	no Chuon definition; legacy word
អ្ហោ៎	approved	sbbic-khmer-wordlist	standard	no Chuon definition; legacy word
ឥដ្ឋមនុញ្ញាផល	approved	reviewed	variant	no Chuon definition; legacy word
ឥដ្ឋា	approved	reviewed	variant	no Chuon definition; legacy word
ឥណទាយិក	approved	reviewed	variant	no Chuon definition; legacy word
ឥតពីរ	approved	reviewed	variant	no Chuon definition; legacy word
ឥត្ថិលិង្គ	approved	reviewed	variant	no Chuon definition; legacy word
ឥន្ទវុធ	approved	reviewed	variant	no Chuon definition; legacy word
ឥន្ទ្រប្រ័ស	approved	reviewed	variant	no Chuon definition; legacy word
ឥន្ទ្រយសំវរៈ	approved	reviewed	variant	no Chuon definition; legacy word
ឥសីបព្វជ្ជា	approved	reviewed	variant	no Chuon definition; legacy word
ឥស្សរា	approved	reviewed	variant	no Chuon definition; legacy word
ឥស្សរិយា	approved	reviewed	variant	no Chuon definition; legacy word
ឦសូរៈ	approved	reviewed	variant	no Chuon definition; legacy word
ឧគ្ឃោសន	approved	reviewed	variant	no Chuon definition; legacy word
ឧគ្ឃោសនស័ព្ទ	approved	reviewed	variant	no Chuon definition; legacy word
ឧគ្ឃោសនាស័ព្ទ	approved	reviewed	variant	no Chuon definition; legacy word
ឧច្ចសយនា	approved	reviewed	variant	no Chuon definition; legacy word
ឧច្ចា	approved	reviewed	variant	no Chuon definition; legacy word
ឧច្ចាសយនា	approved	reviewed	variant	no Chuon definition; legacy word
ឧណ្ហភីត	approved	reviewed	variant	no Chuon definition; legacy word
ឧណ្ហា	approved	sbbic-khmer-wordlist	standard	no Chuon definition; legacy word
ឧណ្ហោ	approved	sbbic-khmer-wordlist	standard	no Chuon definition; legacy word
ឧត្ដរសង្គ	approved	reviewed	variant	no Chuon definition; legacy word
ឧត្ដរសាឍ	approved	reviewed	variant	no Chuon definition; legacy word
ឧត្តរសង្គ	approved	reviewed	variant	no Chuon definition; legacy word
ឧត្តរសាឍ	approved	reviewed	variant	no Chuon definition; legacy word
ឧត្តារាវដ្ដ	approved	reviewed	variant	no Chuon definition; legacy word
ឧត្សាហ	approved	reviewed	variant	no Chuon definition; legacy word
ឧទកបរិយន្តី	approved	reviewed	variant	no Chuon definition; legacy word
ឧទរពាធ	approved	reviewed	variant	no Chuon definition; legacy word
ឧទរា	approved	reviewed	variant	no Chuon definition; legacy word
ឧទារ	approved	reviewed	variant	no Chuon definition; legacy word
ឧទាហរណ	approved	reviewed	variant	no Chuon definition; legacy word
ឧទ្ទេសា	approved	reviewed	variant	no Chuon definition; legacy word
ឧទ្ធច្ចៈ	approved	reviewed	variant	no Chuon definition; legacy word
ឧបទិសា	approved	reviewed	variant	no Chuon definition; legacy word
ឧបទោសកម្ម	approved	reviewed	variant	no Chuon definition; legacy word
ឧបនាហី	approved	sbbic-khmer-wordlist	standard	no Chuon definition; legacy word
ឧបនិស្ស័យការណ៍	approved	reviewed	variant	no Chuon definition; legacy word
ឧបនិស្ស័យធម៌	approved	reviewed	variant	no Chuon definition; legacy word
ឧបនិស្ស័យពល	approved	reviewed	variant	no Chuon definition; legacy word
ឧបនិស្ស័យភាព	approved	reviewed	variant	no Chuon definition; legacy word
ឧបនិស្ស័យសម្បត្តិ	approved	reviewed	variant	no Chuon definition; legacy word
ឧបនិស្ស័យសម្បន្ន	approved	reviewed	variant	no Chuon definition; legacy word
ឧបនិស្ស័យសម្បន្នា	approved	reviewed	variant	no Chuon definition; legacy word
ឧបន្ធ	approved	reviewed	standard	no Chuon definition; legacy word
ឧបមេយ្យវាចក	approved	reviewed	variant	no Chuon definition; legacy word
ឧបសន្តភាព	approved	reviewed	variant	no Chuon definition; legacy word
ឧបសម្បទ	approved	reviewed	variant	no Chuon definition; legacy word
ឧបសម្ពន្ធ	approved	reviewed	variant	no Chuon definition; legacy word
ឧបហាសា	approved	reviewed	variant	no Chuon definition; legacy word
ឧបាទសេសបរិនិព្វាន	approved	reviewed	variant	no Chuon definition; legacy word
ឧបាទេស	approved	reviewed	variant	no Chuon definition; legacy word
ឧបេន្ទវជីរច្ឆន្ទ	approved	reviewed	variant	no Chuon definition; legacy word
ឧបោសថង្គ	approved	reviewed	variant	no Chuon definition; legacy word
ឧភតោបរិសុទ្ធ	approved	reviewed	variant	no Chuon definition; legacy word
ឧយ្យានបាលិកា	approved	reviewed	variant	no Chuon definition; legacy word
ឧល្លង្ឃន	approved	reviewed	variant	no Chuon definition; legacy word
ឧល្លុម្ពបក្សី	approved	reviewed	variant	no Chuon definition; legacy word
ឧសុមកោដ្ឋក	approved	reviewed	variant	no Chuon definition; legacy word
ឧស្សវ	approved	reviewed	variant	no Chuon definition; legacy word
ឧស្សវមាលា	approved	reviewed	variant	no Chuon definition; legacy word
ឧស្សាវ	approved	reviewed	variant	no Chuon definition; legacy word
ឧស្សាវដ្ឋាន	approved	reviewed	variant	no Chuon definition; legacy word
ឧស្សាហ	approved	reviewed	variant	no Chuon definition; legacy word
ឧស្សាហ៍ពល	approved	reviewed	variant	no Chuon definition; legacy word
ឧស្សាហ៍ភាព	approved	reviewed	variant	no Chuon definition; legacy word
ឫកសឺ	approved	reviewed	variant	no Chuon definition; legacy word
ឫក្សណ	approved	reviewed	standard	no Chuon definition; legacy word
ឫក្សណការ	approved	reviewed	standard	no Chuon definition; legacy word
ឫសរយោង	approved	reviewed	standard	no Chuon definition; legacy word
ឫសស្មៅ	approved	reviewed	standard	no Chuon definition; legacy word
ឫស្សា	approved	reviewed	standard	no Chuon definition; legacy word
ឯកច័ក្សុ	approved	sbbic-khmer-wordlist	standard	no Chuon definition; legacy word
ឯកភត្តកា	approved	sbbic-khmer-wordlist	standard	no Chuon definition; legacy word
ឯកមិតិ	approved	sbbic-khmer-wordlist	standard	no Chuon definition; legacy word
ឯកាមាគា៌	approved	sbbic-khmer-wordlist	standard	no Chuon definition; legacy word
ឯកើត	approved	sbbic-khmer-wordlist	standard	no Chuon definition; legacy word
ឯណា	approved	reviewed	variant	no Chuon definition; legacy word
ឯតទគ្គ	approved	reviewed	standard	no Chuon definition; legacy word
ឱរ	approved	sbbic-khmer-wordlist	standard	no Chuon definition; legacy word
ឱរ៉ូប	approved	reviewed	variant	no Chuon definition; legacy word
ឱវាទប្បតិមោក្ខ	approved	reviewed	variant	no Chuon definition; legacy word
ឱវាទា	approved	reviewed	standard	no Chuon definition; legacy word
ឱឡគល្ល	approved	reviewed	variant	no Chuon definition; legacy word
ឱ្យតម្រុយ	approved	reviewed	standard	no Chuon definition; legacy word
ឲ្យ	approved	legacy-variant-review	variant	Widely used legacy variant of ឱ្យ.
